voltage_mean,voltage_std,current_mean,current_std,power_mean,power_std,lux_mean,temperature_mean,humidity_mean,power_rate_of_change,voltage_rate_of_change,efficiency_ratio,fault_class,efficiency_score,maintenance_days
3.968,0.0,0.04,0.0,0.15872,0.0,5069.2,29.31,76.51,0.0,0.0,0.03130448503017633,2,1.3226666666666667,90
5.018,1.4849242404917495,0.05500000000000001,0.021213203435596427,0.29174,0.18811868806686916,7157.950000000001,29.4,75.385,0.0,0.0,0.04075178622563364,2,3.5396666666666667,90
5.928,1.8938848961856156,0.06333333333333334,0.020816659994661327,0.4011066666666667,0.23146819162324087,7936.400000000001,29.576666666666664,74.22000000000001,0.023056000000000004,0.189,0.0505337600053754,2,5.165333333333334,90
7.2026666666666666,0.9828964001019306,0.07666666666666667,0.005773502691896237,0.5559866666666667,0.11365925449928552,9688.333333333334,29.986666666666665,71.97666666666667,0.00993,0.08620000000000001,0.05738131278381726,2,5.1946666666666665,90
7.9879999999999995,0.37822744480008424,0.10000000000000002,0.03464101615137755,0.8075199999999999,0.3220276957033355,11119.433333333334,30.790000000000003,69.08666666666666,0.027975999999999994,0.03379999999999996,0.07261587528063952,2,9.828,90
8.193333333333333,0.3488571818571816,0.12,0.03464101615137755,0.9912266666666668,0.3186095625265091,12296.666666666666,31.836666666666662,65.89,0.02738000000000001,0.02860000000000005,0.0806028243840295,2,9.758000000000001,90
8.44,0.08513518661517848,0.15000000000000002,0.01732050807568877,1.26692,0.1589884675062951,13081.933333333334,33.39333333333334,61.1,0.01355400000000001,0.005400000000000027,0.09683761032184424,2,12.087000000000002,90
8.520000000000001,0.15035956903370407,0.16333333333333336,0.020816659994661306,1.3936400000000002,0.20041057457130396,24285.266666666666,35.06666666666667,56.423333333333325,0.01942799999999998,0.014999999999999947,0.057383871268810366,2,12.995999999999999,90
8.782666666666666,0.32659046730321895,0.20666666666666667,0.055075705472860996,1.827,0.5604152503278265,34865.0,36.873333333333335,51.123333333333335,0.051029999999999985,0.03099999999999996,0.052400619514713476,2,20.592,90
8.918666666666667,0.24469845388423572,0.22666666666666668,0.0450924975282289,2.02892,0.4563719167521164,48842.23333333334,38.63333333333333,46.843333333333334,0.024834000000000012,0.01379999999999999,0.041539428525411565,2,17.135,90
9.344,0.5269231443009541,0.32666666666666666,0.1342882471898912,3.09948,1.4625350851176184,51329.73333333334,40.343333333333334,42.79,0.11500799999999997,0.03940000000000001,0.06038253885586412,2,39.76,90
9.722666666666667,0.6997866341488234,0.43,0.18027756377319942,4.264813333333333,2.003993006108887,54612.5,40.559999999999995,42.74666666666667,0.195542,0.06740000000000004,0.07809082613883624,2,49.72533333333333,90
9.434666666666667,1.1894357205554809,0.38999999999999996,0.24758836806279894,3.875533333333333,2.6551669851316944,41040.0,39.11333333333334,45.949999999999996,-0.19414199999999998,-0.09319999999999995,0.09443077247955296,2,7.403,90
8.712000000000002,1.3732938505651298,0.25666666666666665,0.28041635710730806,2.4923866666666665,3.0120890973099264,26571.399999999998,36.25,52.04666666666666,-0.267264,-0.1258,0.09379606910428365,2,5.181333333333333,90
7.996000000000001,0.19661129163911206,0.10333333333333333,0.020816659994662364,0.8289733333333333,0.1848200003606859,13939.166666666666,34.169999999999995,56.69,0.004421999999999998,0.0032000000000000028,0.05946652957281716,2,8.14,90
8.248000000000001,0.5381895576839083,0.14666666666666667,0.08326663997864552,1.2394133333333335,0.7827294575607369,20331.666666666668,33.85666666666666,56.72666666666667,0.074896,0.053000000000000026,0.060956752680415754,2,17.664,90
9.086666666666668,1.0964111151084417,0.32,0.24979991993593592,3.08976,2.7304569955961577,34800.26666666667,35.596666666666664,52.44,0.2598,0.10739999999999998,0.08878297533231548,2,51.44,90
9.777333333333335,0.819564111789516,0.47,0.1997498435543817,4.70444,2.245374613199321,47432.5,37.11666666666667,48.620000000000005,0.18505799999999997,0.06899999999999995,0.09917969367641014,2,48.507,90
10.274666666666667,0.05717808437976418,0.59,0.01732050807568722,6.06268,0.20971785617826044,54612.5,38.51333333333333,45.51666666666667,0.0010800000000000143,0.0017999999999999794,0.11101064755051408,2,51.62,90
10.305333333333335,0.0855414129725449,0.6,0.029999999999999055,6.18488,0.35937458340846246,54612.5,39.13999999999999,44.13666666666666,0.03592800000000005,0.008400000000000052,0.1132481895502028,2,54.495000000000005,90
10.412,0.10762899237661755,0.6333333333333333,0.03511884584284145,6.596746666666665,0.43387177890863066,54612.5,40.11,42.28333333333333,0.043102000000000015,0.01040000000000001,0.12078967044167956,2,58.803666666666665,90
10.448,0.07725283166334991,0.65,0.019999999999997933,6.792213333333334,0.2587088876195401,54612.5,40.653333333333336,41.98333333333333,0.01206999999999998,0.00259999999999998,0.12436876108166176,2,56.506666666666675,90
10.494666666666667,0.05460158727857002,0.66,0.009999999999995509,6.926813333333333,0.13854870816193227,54612.5,40.96333333333334,41.22333333333333,-0.005662000000000012,-0.0006000000000000227,0.12683335316969857,2,57.86,90
10.468000000000002,0.04613025037874722,0.6566666666666667,0.005773502691888651,6.874106666666666,0.08386390244521238,54612.5,41.54333333333333,39.08333333333333,0.005875999999999992,0.0009999999999999788,0.1258682682242791,2,57.486000000000004,90
10.490666666666668,0.034947579792300884,0.6633333333333334,0.005773502691896279,6.9588399999999995,0.06966931031671811,54612.5,42.0,37.276666666666664,0.0045900000000000055,-0.0009999999999999788,0.12741977716132458,2,58.62500000000001,90
10.489333333333335,0.03330665599154703,0.6633333333333333,0.005773502691896279,6.95796,0.06998160901270521,54612.5,42.47,35.84333333333333,0.002112000000000025,0.0032000000000000028,0.12740366392924826,2,57.838,90
10.518666666666668,0.020132891827531783,0.67,0.010000000000000023,7.0475866666666676,0.11384305219617491,54612.5,43.03666666666667,34.986666666666665,0.006610000000000005,0.0019999999999999575,0.1290447722022333,2,59.726666666666674,90
10.510666666666667,0.03233161507470849,0.6666666666666666,0.011547005383792545,7.0073066666666675,0.13909941960102054,54612.5,43.666666666666664,33.79333333333333,-0.0013199999999999878,-0.0019999999999999575,0.12830722562492183,2,57.618,90
10.305333333333335,0.35248451502632006,0.6166666666666667,0.09291573243177578,6.376786666666667,1.1568363689534222,54612.5,44.46333333333333,33.32,-0.10590999999999999,-0.03199999999999994,0.11676209484223987,2,42.075,90
10.085333333333335,0.3384750113868691,0.5566666666666666,0.08962886439832521,5.634386666666667,1.109655391792126,54612.5,45.54999999999999,32.49666666666666,-0.09870800000000002,-0.029800000000000004,0.10316838632694604,2,41.16666666666667,90
9.876,0.026229754097358456,0.5,0.01000000000000228,4.938173333333334,0.11175119745816404,54612.5,46.45333333333334,31.473333333333333,-0.011174000000000017,-0.00259999999999998,0.09042037835577897,2,40.21266666666667,90
9.825333333333335,0.06885734044632659,0.48666666666666664,0.015275252316521106,4.78236,0.18307620708327935,54612.5,47.03333333333334,30.536666666666665,-0.01792200000000004,-0.006600000000000073,0.08756735971875086,2,38.17966666666666,90
9.758666666666668,0.08450641001333012,0.47,0.020000000000001336,4.587693333333333,0.2348200820486452,54612.5,47.04,30.396666666666665,-0.023476000000000007,-0.008400000000000052,0.08400291747156534,2,36.3,90
9.670666666666667,0.0823974109626051,0.45,0.020000000000001468,4.352893333333333,0.23023572036791337,54612.5,47.25333333333333,30.173333333333332,-0.023022000000000008,-0.008199999999999985,0.07970361418574773,2,34.34266666666666,90
9.593333333333334,0.08239741096260156,0.43,0.0200000000000016,4.126226666666667,0.22726303468301118,54612.5,47.38333333333333,30.426666666666666,-0.022722,-0.008199999999999985,0.07555323622669609,2,32.513,90
9.512,0.07408103670984764,0.41,0.02000000000000163,3.9009066666666663,0.22054072579306308,54612.5,47.449999999999996,30.77,-0.022053999999999973,-0.007399999999999985,0.07142751639551881,2,30.667,90
9.442666666666666,0.07023769168572243,0.38999999999999996,0.020000000000001666,3.683573333333333,0.21624165124538514,54612.5,47.223333333333336,31.74333333333333,-0.02162200000000001,-0.007000000000000029,0.06744803635242812,2,28.909333333333333,90
9.353333333333333,0.09602777376018802,0.37000000000000005,0.0200000000000017,3.4619866666666663,0.22170608411437503,54612.5,47.19333333333333,32.15333333333333,-0.022162000000000015,-0.00940000000000003,0.06339067568763523,2,26.973333333333333,90
9.268,0.09951884243701559,0.3499999999999999,0.020000000000001666,3.245106666666666,0.21997765825949187,54612.5,47.28,30.923333333333332,-0.021985999999999995,-0.009799999999999986,0.059419496400462644,2,25.245,90
9.157333333333334,0.10387171575234204,0.32666666666666666,0.025166114784237144,2.9931333333333328,0.2636772522105942,54612.5,47.07666666666666,30.453333333333333,-0.02617999999999998,-0.010199999999999942,0.054805740949276885,2,22.61,90
9.033333333333333,0.15228044304287297,0.3,0.030000000000001095,2.71304,0.31644003033749624,54612.5,46.48666666666667,30.753333333333334,-0.031643999999999985,-0.015200000000000014,0.049677094491288785,2,19.971000000000004,90
8.908000000000001,0.12315843454671832,0.2733333333333334,0.0251661147842371,2.4369066666666663,0.2584773145429372,54612.5,45.449999999999996,32.78,-0.02561,-0.01200000000000001,0.04462095757764411,2,18.34166666666667,90
8.756,0.14987995196154671,0.24,0.036055512754640785,2.10504,0.3494843813391307,50960.26666666666,43.833333333333336,35.75333333333334,-0.03394600000000001,-0.014400000000000013,0.041306665585235325,2,14.313333333333333,90
8.434666666666667,0.4653486148398031,0.18333333333333335,0.07637626158259776,1.5699333333333332,0.7164063744365539,38125.0,41.81,39.42666666666667,-0.07049000000000001,-0.044600000000000015,0.04117749916942069,2,6.593333333333333,90
8.133333333333335,0.39379859488489655,0.13,0.06082762530298276,1.0732666666666664,0.5594480255871206,25078.06666666667,39.79,43.11333333333334,-0.05033000000000001,-0.034399999999999945,0.04279531933671108,2,5.925,90
7.8773333333333335,0.0500133315558598,0.09333333333333334,0.005773502691902143,0.7353333333333331,0.04851570192553285,15726.133333333333,38.35,45.803333333333335,-0.0043700000000000015,-0.004599999999999982,0.046755713056416286,2,5.865,90
7.861333333333334,0.040066611203297485,0.09,8.24167859760479e-09,0.7075199999999997,0.0036059950074556085,15468.633333333333,37.43,47.72666666666667,-0.00016200000000000104,-0.0018000000000000238,0.04573605493773822,2,5.898,90
7.854666666666667,0.03106981386033911,0.09,8.24167859760479e-09,0.7069199999999997,0.002796283246345791,15296.4,36.660000000000004,49.23666666666667,0.000269999999999998,0.0029999999999999805,0.04621177454992349,2,5.909999999999999,90
7.809333333333334,0.10883626846467857,0.08666666666666667,0.005773502691902139,0.6772266666666663,0.05413714929073291,14807.233333333332,36.25,50.39000000000001,-0.004651999999999995,-0.008999999999999985,0.04573311693719933,2,5.122666666666667,90
7.761333333333334,0.10433280085052388,0.08333333333333333,0.005773502691902144,0.647173333333333,0.053735966850212015,14246.666666666666,35.88333333333333,51.413333333333334,-0.0045799999999999955,-0.008000000000000007,0.0454231102168776,2,5.1466666666666665,90
7.582666666666668,0.2074736931114714,0.08,8.251949629976404e-09,0.6066133333333331,0.016597895448732976,13383.9,35.81666666666667,51.72666666666667,-0.00136,-0.016999999999999994,0.0453207221072502,2,4.896000000000001,90
7.054666666666667,0.8478710593794954,0.07666666666666666,0.005773502691902158,0.5440399999999997,0.10246937493706941,12263.9,35.70666666666667,52.45666666666667,-0.009530000000000002,-0.081,0.044357475397271875,2,3.5583333333333336,90
6.030666666666668,1.3493366271369418,0.07,0.010000000000003414,0.4311333333333331,0.1543615098828947,10446.133333333333,35.48,53.160000000000004,-0.015432000000000005,-0.13480000000000003,0.041268099063858005,2,2.324,90
5.0,0.9729871530497998,0.06,0.010000000000003418,0.3061599999999997,0.1097724409858577,8744.733333333334,34.96333333333333,54.70000000000001,-0.010719999999999999,-0.0924,0.03500678426051557,2,1.771666666666667,90
4.252,0.39599999999993335,0.049999999999999996,0.01000000000000342,0.21523999999999968,0.06236192428071459,7216.666666666667,34.343333333333334,56.54333333333333,-0.006231999999999999,-0.03959999999999999,0.029821271879185287,2,1.2853333333333332,90
3.957333333333334,0.25930162616782343,0.043333333333333335,0.005773502691902186,0.17246666666666635,0.03480515670596674,6353.333333333333,33.91333333333333,57.99333333333333,-0.0031020000000000006,-0.024399999999999998,0.027141583171588893,2,1.2546666666666666,90
3.617333333333334,0.3368639685886194,0.03666666666666667,0.005773502691902186,0.1339199999999997,0.03206114158905688,5337.233333333334,33.85666666666666,58.669999999999995,-0.0028639999999999994,-0.031199999999999985,0.025086951363434785,2,0.808,90
3.418666666666667,0.2993949454036801,0.03333333333333333,0.005773502691902188,0.11510666666666636,0.030706359818885726,4585.566666666667,33.94,58.346666666666664,-0.0026380000000000006,-0.0252,0.025096477394129162,2,0.815,90
3.2400000000000007,0.017435595772377032,0.02666666666666667,0.005773502691902185,0.0864399999999997,0.018953289951708516,3913.9,33.96666666666667,58.62,-0.00162,-0.00020000000000000017,0.022079746609108712,2,0.538,90
3.237333333333334,0.019731531447686426,0.023333333333333334,0.005773502691902184,0.07561333333333305,0.019214258594253998,3416.4,33.77333333333333,59.32333333333333,-0.0016659999999999986,-0.0017999999999999794,0.022125982715904796,2,0.5373333333333334,90
3.2240000000000006,0.0039999999921987665,0.02,8.271224642326874e-09,0.0644799999999997,7.999995953952164e-05,2843.633333333333,33.63333333333333,60.31,-8.000000000000367e-06,-0.00040000000000000034,0.022667244753278002,2,0.5366666666666666,90
3.2200000000000006,0.0039999999921941035,0.016666666666666666,0.0057735026919021794,0.05367999999999971,0.018636909614888463,2173.633333333333,33.49333333333333,60.580000000000005,-0.0016160000000000005,-0.00040000000000000034,0.02468462116218813,2,0.268,90
3.216000000000001,0.003999999992189441,0.013333333333333334,0.005773502691902176,0.04289333333333304,0.01862533042195093,1678.6333333333332,33.31,61.28,-0.0016139999999999998,-0.00040000000000000034,0.02553731965309872,2,0.2676666666666667,90
3.2040000000000006,0.017435595772367633,0.01,8.263848034628341e-09,0.03203999999999971,0.00017435593913931428,1226.3999999999999,33.13666666666666,60.91,-1.6000000000000043e-05,-0.0016000000000000014,0.026103959589375683,2,0.26533333333333337,90
3.1920000000000006,0.017435595772364428,0.01,8.263848034628341e-09,0.031919999999999706,0.00017435593913917518,922.2333333333335,32.96,61.28333333333333,-1.6000000000000043e-05,-0.0016000000000000014,0.03457414160378348,2,0.265,90
3.1426666666666674,0.0681566822349077,0.006666666666666667,0.0057735026919021664,0.02121333333333304,0.01837129645198841,580.2666666666667,32.85333333333333,61.48666666666667,-0.001592,-0.006000000000000005,0.036495010895744424,2,0.0,90
2.8400000000000003,0.4918699014982866,0.0033333333333333335,0.005773502691902161,0.010599999999999705,0.0183597385600532,300.0,32.71,62.23,-0.00159,-0.04520000000000002,0.03521594684385284,2,0.0,90
2.4626666666666672,0.5331016163296296,0.0,8.253181294894824e-09,0.0,0.0,76.66666666666667,32.57,62.50333333333333,0.0,-0.0508,0.0,2,0.0,90
1.661333333333334,0.8746412597935538,0.0,8.253181294894824e-09,0.0,0.0,6.3999999999999995,32.419999999999995,62.31333333333333,0.0,-0.08079999999999998,0.0,2,0.0,90
0.997333333333334,0.9291228838712605,0.0,8.253181294894824e-09,0.0,0.0,0.5666666666666667,32.29333333333333,62.85333333333333,0.0,-0.0882,0.0,2,0.0,90
3.3466666666666676,4.982616715475241,0.11,0.1905255888325767,1.00056,1.7330207560211162,702.7666666666668,32.96333333333333,60.49666666666667,0.15008400000000002,0.4218,1.421721214417657,2,25.014000000000003,90
4.245333333333334,4.472809109869689,0.12333333333333334,0.18009256878986818,1.0453066666666666,1.6955979944943713,2311.366666666667,32.37,63.88333333333333,0.006712,0.15360000000000001,0.45205056868143745,2,1.1186666666666667,90
6.798666666666667,3.036567360249615,0.15333333333333335,0.15502687938978002,1.2836266666666665,1.515945042451518,6064.133333333334,31.823333333333334,65.55666666666667,-0.11433600000000002,-0.057600000000000005,0.2116403046923947,2,5.957999999999999,90
6.501333333333334,2.7270389313930434,0.07666666666666667,0.03214550253664423,0.556533333333333,0.3694971487485855,9372.199999999999,30.743333333333336,69.90666666666667,0.034308000000000005,0.24240000000000003,0.059374955547020554,2,6.836666666666667,90
7.992000000000001,0.19254090474493593,0.09000000000000001,0.010000000000003405,0.720533333333333,0.09719991220846971,11056.366666666667,31.153333333333336,67.98333333333333,-0.0044359999999999955,-0.005799999999999983,0.06516319437117334,2,5.218666666666667,90
7.665333333333334,0.6358029044706597,0.08333333333333333,0.01527525231652168,0.6447066666666664,0.16722647796725934,10019.433333333334,31.506666666666664,67.60333333333334,-0.016646,-0.06200000000000001,0.06433920023418813,2,4.062333333333334,90
7.461333333333333,0.44657511499558855,0.07666666666666667,0.005773502691902068,0.573693333333333,0.07525734338477741,8550.0,31.766666666666666,67.23,-0.0009440000000000004,-0.011800000000000033,0.06709078860172296,2,5.061333333333334,90
7.553333333333334,0.5709827784910191,0.08333333333333333,0.01527525231652168,0.6350799999999998,0.16323489332860455,9368.066666666666,31.91,67.15666666666665,0.016145999999999997,0.05699999999999994,0.06778476689246882,2,6.753333333333334,90
7.9479999999999995,0.30908898395122086,0.09666666666666668,0.01527525231652171,0.7713466666666663,0.14836631603343844,11879.166666666666,32.34,65.70666666666666,0.014445999999999997,0.027800000000000002,0.06492725971857856,2,7.468999999999999,90
8.139999999999999,0.03274141108751087,0.10666666666666667,0.005773502691902228,0.8683866666666663,0.05022997246001686,18172.766666666666,33.053333333333335,63.163333333333334,0.0044039999999999965,0.0032000000000000028,0.0477824263177877,2,7.487333333333333,90
8.270666666666665,0.1954004435341367,0.12333333333333334,0.02309401076758653,1.0230533333333331,0.21767537787571176,28690.0,34.026666666666664,59.830000000000005,0.018906,0.017400000000000037,0.03565763944558688,2,10.620000000000001,90
8.36,0.17102046661147238,0.13333333333333333,0.020816659994663003,1.1170399999999996,0.19528963515763062,35742.5,35.18333333333333,56.28,0.01398800000000001,0.012400000000000055,0.0312515562270063,2,9.818666666666669,90
8.264000000000001,0.3349507426473399,0.12666666666666668,0.03214550253664426,1.0539466666666664,0.30240599288594444,30573.066666666666,35.74333333333333,54.45666666666667,-0.02826,-0.03080000000000003,0.0344719162863516,2,5.909999999999999,90
8.097333333333333,0.2820023640562882,0.11,0.026457513110647205,0.8956799999999997,0.2488436360448077,20456.666666666668,35.60666666666666,54.57,-0.018932000000000004,-0.020999999999999998,0.04378211917292619,2,6.663333333333334,90
8.126666666666667,0.3318875311507429,0.11333333333333333,0.03214550253664425,0.9281333333333329,0.3042907381655477,25552.8,35.43333333333334,54.10999999999999,0.028319999999999994,0.031199999999999985,0.036320755947582474,2,10.629999999999999,90
8.258666666666668,0.25444318291779255,0.12333333333333334,0.0251661147842372,1.0227733333333329,0.23938147408129526,28444.466666666664,35.51333333333333,52.53,0.00967599999999999,0.013999999999999967,0.03595558284624145,2,8.275999999999998,90
8.549333333333333,0.29859225263449535,0.18000000000000002,0.0793725393319382,1.5543599999999997,0.7410457054730164,36275.03333333333,37.18,48.11666666666667,0.05593800000000002,0.01820000000000004,0.04284812470308679,2,19.953000000000003,90
8.994666666666667,0.7896564653907095,0.30333333333333334,0.20207259421636925,2.8347599999999997,2.096818615331331,37103.63333333333,38.92666666666667,44.27333333333333,0.206184,0.0782,0.07639908403173368,2,42.64000000000001,90
9.544,0.5869378161270777,0.4466666666666667,0.1537313674346698,4.323119999999999,1.6790547469335237,48750.56666666667,42.096666666666664,40.10666666666666,0.15319199999999997,0.05279999999999996,0.08867653483956411,2,45.485,90
9.926666666666668,0.08803029781480087,0.5466666666666667,0.02516611478423872,5.42804,0.2973095437418695,54612.5,44.96666666666667,34.36333333333334,0.029615999999999955,0.008800000000000007,0.09939007754492939,2,47.57599999999999,90
9.996,0.0643739077579582,0.57,0.0200000000000037,5.698546666666665,0.23523828373232952,54612.5,47.913333333333334,29.296666666666667,0.023505999999999982,0.0062000000000000275,0.10434318742923757,2,49.40266666666666,90
10.056,0.04454211490298664,0.5866666666666666,0.015275252316524473,5.899946666666666,0.17834089304848771,54612.5,49.906666666666666,24.64,0.017663999999999992,0.0043999999999999595,0.10803092031579493,2,50.519999999999996,90
10.085333333333333,0.03233161507510198,0.6,0.010000000000007798,6.051386666666666,0.1179462747751379,54612.5,51.14666666666667,22.883333333333336,0.011756000000000011,0.002799999999999958,0.11080386107220132,2,51.361999999999995,90
10.125333333333332,0.036950417228565104,0.61,0.010000000000007992,6.176666666666666,0.12142150935206018,54612.5,51.99333333333333,22.08666666666667,0.01208800000000001,0.0032000000000000028,0.11309779938415715,2,52.534666666666666,90
10.157333333333332,0.04888080741319101,0.62,0.010000000000008186,6.297866666666667,0.13139308556135113,54612.5,52.306666666666665,21.786666666666665,0.013127999999999983,0.004800000000000004,0.11531703089285007,2,53.55,90
10.196,0.026229754097829436,0.63,0.01000000000000838,6.423653333333333,0.1183374519471026,54612.5,52.85666666666666,21.76,0.011832000000000065,0.002600000000000069,0.11762024652024378,2,54.50666666666667,90
10.225333333333333,0.028378395538970497,0.64,0.010000000000008575,6.5443999999999996,0.1202404258142808,54612.5,53.06666666666666,21.426666666666666,0.012020000000000053,0.002800000000000047,0.11983117727301858,2,55.553333333333335,90
10.235999999999999,0.018330302780723746,0.6466666666666666,0.0057735026919113405,6.6193333333333335,0.06845767548882148,54612.5,53.42666666666667,20.78333333333333,0.005499999999999927,0.0005999999999999339,0.12120324339830507,2,55.423333333333325,90
10.248,0.013856406461746082,0.6533333333333333,0.005773502691911725,6.695386666666667,0.06419202858091441,54612.5,53.31666666666666,20.653333333333332,0.005128000000000021,0.0,0.12259581727350687,2,56.408,90
10.24,0.013856406461743902,0.6566666666666667,0.005773502691911974,6.724293333333333,0.06413796795450362,54612.5,53.27666666666667,20.87,0.005116000000000032,0.0,0.12312511253322592,2,56.276,90
10.244,0.012000000001378602,0.66,1.3578239187433697e-08,6.76104,0.007919999999966931,54612.5,53.28,21.66,-0.00039600000000001857,-0.0006000000000000227,0.12379796204235219,2,56.342000000000006,90
10.242666666666667,0.010066445915337438,0.66,1.3578239187433697e-08,6.76016,0.00664385430299857,54612.5,53.55666666666667,22.176666666666666,0.0006600000000000162,0.0010000000000000675,0.12378184881027586,2,56.386,90
10.230666666666666,0.03028751117814638,0.6566666666666666,0.005773502691911893,6.718253333333333,0.07872557229600205,54612.5,53.74666666666666,21.679999999999996,-0.0066820000000000325,-0.002400000000000002,0.12301451716761119,2,55.22833333333333,90
10.213333333333333,0.033545988334914574,0.65,0.010000000000008594,6.638866666666666,0.12212441088223669,54612.5,54.15,21.676666666666666,-0.012171999999999983,-0.0030000000000000248,0.12156090832242333,2,54.35733333333334,90
10.176,0.031240998704146945,0.64,0.010000000000007928,6.512826666666666,0.11991647982380921,54612.5,54.199999999999996,21.106666666666666,-0.01195999999999997,-0.002799999999999958,0.11925305403731068,2,53.235,90
10.130666666666668,0.06649310741246293,0.6266666666666666,0.015275252316524098,6.349226666666667,0.19606695319032003,54612.5,54.199999999999996,21.613333333333333,-0.019314000000000008,-0.0065999999999999835,0.11625745771039518,2,51.13833333333334,90
10.056000000000001,0.08606973916558075,0.61,0.020000000000003085,6.135306666666666,0.25354247402227614,54612.5,53.77,21.256666666666668,-0.025354000000000054,-0.00860000000000003,0.1123404774765702,2,49.00933333333333,90
9.974666666666668,0.08220300075643916,0.5866666666666667,0.025166114784237744,5.85316,0.2984040509108482,54612.5,53.00666666666666,22.233333333333334,-0.02974199999999998,-0.008199999999999985,0.1071742334770707,2,46.18133333333334,90
9.894666666666668,0.07400900846087588,0.5633333333333334,0.025166114784237283,5.5752266666666666,0.2906088762122356,54612.5,52.876666666666665,21.94333333333333,-0.028915999999999942,-0.007399999999999985,0.10208513767963355,2,44.190000000000005,90
9.812,0.08827230596301154,0.5366666666666667,0.025166114784236856,5.267253333333334,0.29389670384905686,54612.5,52.65333333333333,21.873333333333335,-0.02922800000000003,-0.008800000000000007,0.0964459947326821,2,41.31,90
9.716000000000001,0.10605658866862556,0.51,0.030000000000000457,4.95728,0.3454800069468684,54612.5,52.24333333333334,21.74,-0.03454800000000002,-0.010599999999999988,0.09077023080373901,2,38.432,90
9.618666666666668,0.09644342037359581,0.48,0.029999999999999923,4.61888,0.33485550794336594,54612.5,51.31,23.263333333333335,-0.033479999999999996,-0.009600000000000008,0.08457396065075486,2,35.730000000000004,90
9.513333333333334,0.10278780731855729,0.45,0.02999999999999939,4.28304,0.3311035511739662,53225.26666666666,50.51666666666667,24.176666666666666,-0.033108000000000005,-0.010200000000000032,0.08046854059524496,2,32.914,90
9.410666666666668,0.11414610520449432,0.42333333333333334,0.025166114784234504,3.9857599999999995,0.28551491169466564,51479.166666666664,49.91,24.820000000000004,-0.02837999999999998,-0.011399999999999988,0.07742321476555696,2,31.000000000000007,90
8.941333333333333,0.7131937558148908,0.3166666666666667,0.1619670748434173,2.9084266666666667,1.6086992317190163,39423.333333333336,49.453333333333326,24.736666666666668,-0.144704,-0.06420000000000003,0.07377237408368774,2,8.796666666666665,90
8.500000000000002,0.6931089380465465,0.21666666666666667,0.15885003409925041,1.9150666666666665,1.5637094529781932,28367.8,48.57,25.986666666666665,-0.13752000000000003,-0.06100000000000003,0.06750608649878269,2,8.08,90
8.065333333333335,0.06328770286034399,0.12,0.009999999999978037,0.9682533333333331,0.08802772593544107,17326.399999999998,47.16,28.836666666666662,-0.008801999999999994,-0.006199999999999939,0.055879897349477306,2,7.329666666666666,90
8.028,0.045431266766463266,0.11333333333333333,0.0057735026918574826,0.910013333333333,0.05160778752635606,16345.566666666666,44.633333333333326,33.11666666666667,-0.004436000000000007,-0.0036000000000000476,0.05566999798122743,2,7.3406666666666665,90
7.9653333333333345,0.06379132647420223,0.10666666666666667,0.005773502691896256,0.8498799999999997,0.05255456592944655,15397.233333333332,41.92666666666667,37.07,-0.004517999999999994,-0.005200000000000005,0.05519334469105762,2,6.576666666666668,90
7.929333333333333,0.0681566822354042,0.10000000000000002,0.010000000000000007,0.793333333333333,0.08555491647688186,14549.166666666666,39.82333333333333,40.03333333333333,-0.008547999999999995,-0.005999999999999961,0.05452400316147579,2,5.9159999999999995,90
7.834666666666667,0.09586101049611875,0.09000000000000001,0.010000000000000007,0.7056799999999998,0.08571868407782211,13601.4,38.28666666666667,42.79,-0.008564000000000006,-0.008400000000000008,0.05187908016232428,2,5.149333333333334,90
7.705333333333335,0.19267935367686884,0.08333333333333333,0.005773502691896257,0.6427199999999996,0.0588584743264202,12727.766666666668,37.349999999999994,45.10333333333333,-0.005480000000000001,-0.019200000000000016,0.05049350159612214,2,5.002666666666666,90
7.384,0.4132795663954358,0.07666666666666667,0.005773502691896256,0.5676399999999997,0.07238239565000824,11797.233333333332,36.81666666666667,46.556666666666665,-0.006661999999999999,-0.039999999999999994,0.048112287997920576,2,4.039000000000001,90
6.834666666666667,0.7181791791282505,0.07333333333333335,0.0057735026918962614,0.5034399999999998,0.08899552348312098,10914.733333333334,36.586666666666666,47.35999999999999,-0.008749999999999997,-0.07139999999999999,0.04612058435530364,2,3.5443333333333333,90
6.138666666666668,0.7559506156709719,0.06666666666666667,0.005773502691896261,0.41165333333333304,0.08073229176338707,10041.4,36.43,47.29666666666666,-0.007986000000000002,-0.0754,0.040991529249316205,2,2.708,90
5.421333333333334,0.6520163597129403,0.06333333333333334,0.005773502691896261,0.3455333333333331,0.0717474496645635,9194.166666666666,36.03666666666667,48.18333333333334,-0.0069500000000000004,-0.06519999999999997,0.03757771292889378,2,2.386,90
4.800000000000001,0.6024881741577807,0.056666666666666664,0.005773502691896254,0.2739599999999997,0.05817327221358786,8391.933333333332,35.7,48.82666666666666,-0.005718000000000001,-0.06020000000000003,0.03264174623095617,2,1.755,90
4.3213333333333335,0.40716253920677054,0.05333333333333334,0.00577350269189625,0.23197333333333306,0.04742162094835851,7580.833333333333,35.28,50.333333333333336,-0.004366,-0.03960000000000001,0.03059594205447228,2,1.6583333333333334,90
3.9640000000000004,0.25637472574333003,0.04666666666666667,0.005773502691896259,0.1858666666666664,0.03330245236270278,6778.333333333333,34.89333333333334,50.35999999999999,-0.0031299999999999995,-0.025599999999999977,0.0274166584718261,2,1.2333333333333334,90
3.7466666666666675,0.21385353243119165,0.043333333333333335,0.005773502691896258,0.16313333333333305,0.031187390614962222,5994.433333333333,34.60666666666667,50.79,-0.0028300000000000005,-0.020999999999999998,0.027209598416572566,2,1.1866666666666665,90
3.537333333333334,0.17510377875219166,0.03666666666666667,0.005773502691896259,0.1303199999999997,0.02592456749951886,5254.433333333333,34.22,51.63666666666666,-0.0023720000000000013,-0.017400000000000016,0.02479719401508275,2,0.8380000000000001,90
3.3826666666666676,0.164162521098132,0.03333333333333333,0.00577350269189626,0.11334666666666637,0.025221017691016166,4540.266666666666,33.96,53.153333333333336,-0.002266,-0.016199999999999992,0.024959262467153003,2,0.8089999999999999,90
3.269333333333334,0.07203702751566925,0.02666666666666667,0.005773502691896256,0.08734666666666636,0.01994842683949579,3807.2333333333336,33.61666666666667,54.39666666666667,-0.001808,-0.0065999999999999835,0.0229362696613477,2,0.5366666666666666,90
3.225333333333334,0.009237604304840023,0.023333333333333334,0.0057735026918962545,0.07529333333333305,0.018867806798109663,3050.0,33.36666666666667,55.24,-0.001634,-0.0008000000000000007,0.024678247569102935,2,0.5366666666666666,90
3.2186666666666675,0.002309401076758569,0.016666666666666666,0.005773502691896258,0.053653333333333046,0.018613772679683484,2308.0666666666666,33.06,56.51333333333333,-0.001612,-0.00020000000000000017,0.023235939484928855,2,0.268,90
3.2080000000000006,0.01743559577416279,0.013333333333333334,0.005773502691896257,0.04281333333333304,0.018695125925518676,1622.2333333333336,32.763333333333335,57.03,-0.0016259999999999996,-0.0016000000000000014,0.02637534139680044,2,0.2656666666666667,90
3.141333333333334,0.10600628912160509,0.006666666666666667,0.005773502691896258,0.021346666666666375,0.018487285722115557,1030.5666666666668,32.46,58.26666666666666,-0.001608,-0.009800000000000008,0.02069344362943068,2,0.0,90
2.909333333333334,0.3474785365074128,0.0033333333333333335,0.005773502691896257,0.010626666666666373,0.018405926582794094,555.8333333333334,32.27,57.50333333333333,-0.0015940000000000004,-0.033400000000000006,0.019084106554923146,2,0.0,90
2.5946666666666673,0.39335141201390583,0.0,0.0,0.0,1.947836729404572e-07,232.20000000000002,32.1,58.60333333333333,0.0,-0.03879999999999999,0.0,2,0.0,90
1.9360000000000006,0.7847241553565181,0.0,0.0,0.0,1.947836729404572e-07,66.36666666666666,31.933333333333337,59.23333333333333,0.0,-0.0738,0.0,2,0.0,90
1.2146666666666672,0.9555005668932567,0.0,0.0,0.0,1.947836729404572e-07,8.866666666666667,31.80333333333333,61.626666666666665,0.0,-0.09440000000000001,0.0,2,0.0,90
0.5613333333333339,0.41954896416668147,0.0,0.0,0.0,1.947836729404572e-07,0.26666666666666666,31.72,60.69,0.0,-0.038,0.0,2,0.0,90
0.3053333333333339,0.0440605643783144,0.0,0.0,0.0,1.947836729404572e-07,0.0,31.673333333333332,61.28333333333333,0.0,-0.003999999999999998,0.0,2,0.0,90
0.28000000000000064,0.004000000000285194,0.0,0.0,0.0,1.947836729404572e-07,0.0,31.543333333333333,61.41333333333333,0.0,-0.0001999999999999974,0.0,2,0.0,90
0.2800000000000006,0.004000000000285194,0.0,0.0,0.0,1.947836729404572e-07,0.0,31.473333333333333,63.06666666666666,0.0,0.0003999999999999976,0.0,2,0.0,89
0.28133333333333393,0.0023094010772521847,0.0,0.0,0.0,1.947836729404572e-07,0.0,31.36,62.99333333333333,0.0,0.0,0.0,2,0.0,89
1.2746666666666673,1.7193502648772105,0.006666666666666667,0.011547005383792516,0.021733333333333035,0.0376432375516657,1191.3999999999999,31.26,71.31,0.00326,0.1488,0.01822654590182241,2,0.5433333333333332,89
2.2800000000000007,1.73216627377397,0.016666666666666666,0.015275252316519466,0.05473333333333303,0.0503230894656809,2602.5,31.053333333333338,73.62,0.0049499999999999995,0.15099999999999997,0.021022981883362026,2,0.8249999999999998,89
3.6253333333333337,0.598469158213966,0.04,0.02645751311064591,0.1554399999999997,0.12814787083692397,5217.233333333334,30.986666666666668,74.42333333333333,0.011846,0.0528,0.02978785923716194,2,2.5176666666666665,89
4.156000000000001,0.7882740640158092,0.05666666666666667,0.023094010767585035,0.24691999999999972,0.12946884721830332,6963.066666666667,31.03,66.67333333333333,0.012032000000000004,0.07760000000000003,0.035456294693713405,2,2.830333333333334,89
5.668000000000002,1.8965737528501234,0.07333333333333335,0.005773502691896256,0.4228799999999997,0.1776624259657489,8928.066666666668,31.363333333333333,64.43666666666667,0.016238,0.17600000000000002,0.04735993310237722,2,5.224,89
6.876000000000001,1.7536065693307608,0.08,0.01,0.5603733333333331,0.1961277719584038,10037.233333333334,31.863333333333333,62.656666666666666,0.018747999999999997,0.1544,0.0558238999558355,2,5.955,89
7.8946666666666685,0.05326662494784391,0.08666666666666667,0.005773502691896269,0.6843999999999997,0.04983459039696752,10914.433333333332,32.57,60.93666666666667,0.004242000000000001,0.0036000000000000034,0.06270021345923048,2,5.931,89
7.982666666666667,0.10286560811726311,0.09666666666666666,0.011547005383792518,0.7724399999999997,0.10268606916243787,12152.5,33.46666666666667,58.82333333333332,0.00882,0.007999999999999962,0.06355700004114039,2,7.425,89
7.828,0.3195997496870114,0.09333333333333334,0.01527525231651947,0.7335999999999997,0.1476806771383217,11342.199999999999,34.18333333333334,56.97666666666667,-0.005681999999999998,-0.02160000000000002,0.06467310811763875,2,4.984,89
7.442666666666668,0.6746179165522748,0.08666666666666667,0.020816659994661327,0.6539066666666664,0.2146945153779366,10384.166666666666,34.42000000000001,56.083333333333336,-0.020918,-0.06739999999999999,0.06296544751328015,2,3.9386666666666668,89
7.4319999999999995,0.6591024199621777,0.08666666666666667,0.020816659994661327,0.652733333333333,0.2127517251008016,10337.5,34.25,56.40666666666666,0.014469999999999993,0.02959999999999998,0.06313617384855956,2,7.395666666666665,89
7.873333333333335,1.03778482034251,0.13,0.07211102550927978,1.069373333333333,0.7054910849425132,14293.633333333333,33.97666666666667,57.29333333333333,0.06876800000000001,0.10240000000000005,0.07480942731421347,2,15.4,89
8.665333333333335,0.5426797705215665,0.20333333333333328,0.09018499505645787,1.7941999999999994,0.8810528147619904,19143.333333333332,34.546666666666674,55.93,0.08798199999999998,0.053000000000000026,0.0937196385353368,2,22.05933333333333,89
9.036000000000001,0.20602912415483587,0.26999999999999996,0.05291502622129176,2.446973333333333,0.528152654195125,23568.066666666666,36.00666666666667,51.96666666666666,0.049890000000000004,0.01899999999999995,0.10382139301230989,2,23.715,89
8.924000000000001,0.3992192380134103,0.25666666666666665,0.07571877794400361,2.3105999999999995,0.7614395934018816,23352.766666666666,37.68666666666667,48.04333333333333,-0.06041199999999998,-0.033199999999999986,0.09893907192701246,2,11.990666666666668,89
8.744,0.3826434371578931,0.22666666666666666,0.07371114795831994,2.0007599999999996,0.744976953200584,21825.566666666666,38.9,45.44333333333333,-0.05641,-0.029600000000000026,0.0916662721423586,2,14.313333333333333,89
8.336,0.3348790826552206,0.15666666666666665,0.05131601439446892,1.3173599999999996,0.4728597390347688,16865.833333333332,38.32666666666667,46.54333333333332,-0.032164000000000005,-0.0254,0.07810357605162002,2,6.630000000000001,89
8.266666666666667,0.3161349922633283,0.14666666666666664,0.050332229568471755,1.223013333333333,0.4646559937559867,16123.066666666666,37.373333333333335,48.143333333333324,-0.02808799999999999,-0.016599999999999948,0.07585017840825926,2,9.632000000000001,89
8.465333333333334,0.6402041341114069,0.18333333333333332,0.11150485789118489,1.599493333333333,1.0953185511682713,21634.166666666668,37.72666666666667,46.90333333333333,0.10257199999999997,0.06139999999999994,0.0739302524439377,2,23.72533333333333,89
8.944,0.6048338614859515,0.27666666666666667,0.12342339054382413,2.523946666666666,1.2385794323067676,32328.333333333332,39.913333333333334,42.79999999999999,0.12065599999999996,0.05679999999999996,0.07806986431311089,2,29.74133333333333,89
9.496,0.3749773326482702,0.41,0.11789826122551603,3.922826666666667,1.289660269890233,42166.1,42.92333333333334,37.54333333333332,0.12527200000000005,0.03640000000000008,0.09303050640586304,2,44.604000000000006,89
9.705333333333334,0.2759226944876869,0.47666666666666674,0.08504900548115395,4.641853333333333,0.9453379030449081,45514.700000000004,44.650000000000006,35.74999999999999,0.07175799999999999,0.020999999999999998,0.10198356464545931,2,41.70099999999999,89
9.840000000000002,0.06286493458210524,0.5133333333333333,0.025166114784236367,5.052213333333333,0.27934246890392633,47065.26666666666,45.699999999999996,34.29333333333333,-0.02762200000000008,-0.005800000000000072,0.107342555319167,2,40.00033333333333,89
9.848,0.07662897624275297,0.5166666666666667,0.030550504633039405,5.089653333333333,0.3405340331499051,48925.56666666667,46.416666666666664,33.88666666666666,0.023034000000000044,0.0062000000000000275,0.10402637421932322,2,45.540000000000006,89
9.926666666666668,0.1262589930790925,0.54,0.045825756949558746,5.364226666666666,0.5212287948044874,51896.4,47.163333333333334,31.656666666666666,0.051390000000000005,0.012600000000000033,0.10336214659437017,2,48.56533333333333,89
10.004,0.05973273809238454,0.5633333333333334,0.015275252316520606,5.636106666666667,0.18237995211463298,53823.333333333336,47.826666666666675,30.049999999999994,0.007544000000000039,0.004600000000000026,0.10471298607197488,2,46.79733333333334,89
10.044,0.014422205102329593,0.5733333333333334,0.011547005383793997,5.758666666666667,0.12385181683501864,54417.76666666666,48.53333333333333,27.816666666666663,0.00023200000000000998,0.00039999999999995595,0.10582133736952265,2,48.604,89
10.057333333333334,0.030022213998090356,0.5800000000000001,0.02000000000000082,5.833653333333333,0.2185623621151056,54612.5,49.45333333333334,26.879999999999995,0.02185599999999992,0.002999999999999936,0.10681705683271231,2,50.44,89
10.105333333333334,0.05991104516988419,0.6033333333333334,0.025166114784236433,6.097879999999999,0.29057460040409616,54612.5,50.29,25.303333333333327,0.02879400000000003,0.005800000000000072,0.11165517683356678,2,53.403,89
10.132,0.04214261501158729,0.6166666666666667,0.015275252316520337,6.248493333333332,0.18046714640990028,54612.5,50.849999999999994,24.589999999999993,0.011575999999999986,0.002400000000000002,0.11441298091741663,2,52.36933333333332,89
10.109333333333334,0.0794313120459935,0.6166666666666666,0.015275252316520337,6.234893333333333,0.20274999120427248,54612.5,51.21666666666667,23.156666666666663,-0.019818000000000023,-0.007600000000000051,0.11416395823987353,2,50.1,89
10.100000000000001,0.06939740629169437,0.6166666666666667,0.015275252316520337,6.229013333333332,0.19532365482279054,54612.5,51.663333333333334,23.319999999999993,0.005320000000000036,0.00040000000000004474,0.11405629255281811,2,53.256,89
10.081333333333333,0.06201075175602823,0.6133333333333333,0.015275252316520337,6.18384,0.19177606941430317,54612.5,51.93,23.466666666666665,0.0068400000000000015,0.0030000000000000248,0.11322914663956715,2,51.239999999999995,89
10.10266666666667,0.0358515457595324,0.6133333333333333,0.015275252316520337,6.1966399999999995,0.17513116455959382,54612.5,51.923333333333325,23.939999999999994,-0.01701600000000001,-0.0030000000000000248,0.11346352092431358,2,50.42,89
10.072000000000001,0.01743559577457712,0.6033333333333334,0.0057735026918984845,6.076799999999999,0.06308850925485848,54612.5,51.96666666666666,23.719999999999995,-0.005880000000000019,-0.0014000000000000234,0.11126919168337497,2,50.25999999999999,89
10.081333333333335,0.028095076674532395,0.6033333333333334,0.0057735026918984845,6.082493333333333,0.07285027201962767,54612.5,52.35666666666666,23.859999999999996,0.005774000000000034,0.0012000000000000454,0.11137343941211117,2,51.38233333333334,89
10.082666666666666,0.028378395538646236,0.6066666666666666,0.0057735026918984845,6.1169199999999995,0.07448589665164913,54612.5,52.74666666666667,23.56333333333333,0.006124000000000018,0.0017999999999999794,0.11200380858212713,2,51.28066666666666,89
10.076000000000002,0.03939543120736835,0.6033333333333334,0.011547005383793676,6.07948,0.1392173839719751,54612.5,52.75,23.80999999999999,-0.012350000000000038,-0.0038000000000000256,0.1113182637992438,2,49.324,89
10.034666666666668,0.052051256789319815,0.5933333333333334,0.015275252316520422,5.954426666666666,0.18407244370990047,54612.5,52.306666666666665,22.983333333333324,-0.018148000000000008,-0.00519999999999996,0.10902847586524698,2,48.25599999999999,89
10.061333333333335,0.0954428275636666,0.5866666666666666,0.005773502691898893,5.9029066666666665,0.10511422612251299,54612.5,52.25333333333333,23.009999999999994,0.004011999999999993,0.0067999999999999615,0.10808511936914256,2,49.992666666666665,89
9.998666666666667,0.16249717946274503,0.5666666666666668,0.032145502536643625,5.669053333333333,0.40485169301033685,54612.5,52.03666666666667,22.959999999999997,-0.028669999999999973,-0.007000000000000029,0.10380315001480099,2,43.477666666666664,89
9.757333333333333,0.4601622902122101,0.5,0.10816653826391982,4.911746666666666,1.268080487245719,54181.4,51.23333333333333,24.24333333333333,-0.12401599999999997,-0.045399999999999975,0.09065206906055594,2,29.323333333333334,89
9.621333333333334,0.3157298423230625,0.47000000000000003,0.07937253933193794,4.538706666666667,0.8992237775622611,54181.4,50.24,25.179999999999996,-0.016866000000000003,-0.0041999999999999815,0.0837671765493346,2,40.666666666666664,89
9.541333333333334,0.2558228553772038,0.4466666666666667,0.06110100926607816,4.272213333333333,0.6921861776526201,54181.4,49.49333333333333,25.799999999999994,0.04495199999999999,0.017199999999999972,0.0788487282463186,2,36.815333333333335,89
9.620000000000003,0.13272528018434357,0.45999999999999996,0.040000000000000445,4.428719999999999,0.4459395546483967,54612.5,49.096666666666664,25.95333333333333,-0.044584,-0.013199999999999967,0.08109203768299046,2,33.236,89
9.533333333333333,0.06123180001719447,0.43,0.026457513110646706,4.100386666666666,0.2788541190897971,54612.5,48.120000000000005,26.97333333333333,-0.02614200000000002,-0.00519999999999996,0.0750800931393642,2,32.45833333333333,89
9.113333333333335,0.666265212459233,0.32666666666666666,0.15307950004273396,3.044973333333333,1.553807610398841,52751.4,46.14000000000001,30.24999999999999,-0.136836,-0.057600000000000054,0.05772198674057167,2,10.43,89
8.676,0.7180752049750876,0.22999999999999998,0.1562049935181333,2.070173333333333,1.5831298803741165,41562.5,44.31666666666666,33.15,-0.14155399999999999,-0.06580000000000004,0.04980748332872191,2,8.866,89
8.246666666666668,0.08544783984014616,0.1366666666666667,0.011547005383795963,1.1276933333333332,0.1073217542410362,29996.099999999995,42.14666666666667,36.91333333333333,-0.009201999999999988,-0.0065999999999999835,0.037593411807585846,2,8.896333333333335,89
8.160000000000002,0.06729041536514727,0.12333333333333334,0.011547005383796041,1.0069066666666666,0.10191857403522928,19576.933333333334,40.81333333333333,39.346666666666664,-0.008734000000000002,-0.004999999999999982,0.051430692378153633,2,7.410333333333333,89
8.100000000000001,0.10491901638889911,0.11333333333333334,0.015275252316522173,0.9190666666666667,0.13605454396445316,18053.066666666666,39.473333333333336,42.16333333333333,-0.013358000000000004,-0.01040000000000001,0.05090635166222938,2,6.67,89
7.988,0.10491901638889935,0.09999999999999999,0.010000000000004223,0.7994933333333334,0.09020341752603608,16131.4,38.77333333333333,43.69333333333333,-0.009019999999999995,-0.010399999999999965,0.049558238906383015,2,5.907,89
7.802666666666667,0.2463276950189483,0.09000000000000001,0.010000000000004294,0.7038266666666666,0.0991750802035334,14367.233333333332,38.18,44.559999999999995,-0.009908,-0.023799999999999998,0.0489849134781126,2,5.018666666666666,89
7.378666666666668,0.5864378341592132,0.08,0.010000000000004365,0.5941066666666667,0.11900862713844855,12610.0,37.53,45.46666666666666,-0.011879999999999998,-0.05720000000000001,0.04711019480347845,2,3.9270000000000005,89
6.685333333333335,0.8669425202015125,0.07333333333333335,0.005773502691903926,0.4930666666666667,0.10006163167457925,11283.066666666666,37.00666666666667,46.19333333333333,-0.009825999999999996,-0.08659999999999997,0.04369583069933417,2,3.3810000000000007,89
5.770666666666668,0.9742470596996187,0.06666666666666667,0.005773502691904047,0.38800000000000007,0.09336974242251486,10065.833333333334,36.38333333333333,47.91333333333332,-0.009210000000000005,-0.09740000000000001,0.038542408238274206,2,2.3919999999999995,89
4.992000000000002,0.7228056446929703,0.06,0.01000000000000456,0.30418666666666666,0.09413855604044945,9008.9,36.04,49.086666666666666,-0.009296000000000004,-0.07000000000000002,0.033761380999419166,2,1.8316666666666666,89
4.409333333333334,0.36818111485158384,0.05333333333333334,0.005773502691904264,0.23641333333333328,0.04469882026834067,8031.400000000001,35.53666666666667,50.456666666666656,-0.004231999999999997,-0.036799999999999986,0.029432465182676816,2,1.686666666666667,89
4.097333333333334,0.2773108965283481,0.04666666666666667,0.005773502691904379,0.19204,0.034140017575397946,7266.400000000001,35.32666666666666,51.133333333333326,-0.0032939999999999996,-0.0274,0.02642485620717175,2,1.2826666666666666,89
4.110666666666668,0.2989671107887222,0.04666666666666667,0.005773502691904379,0.19270666666666666,0.034962753515445665,6807.766666666666,35.1,52.40999999999999,0.0009699999999999986,0.019399999999999994,0.028302727366189665,2,1.8483333333333334,89
4.041333333333334,0.34181476465090893,0.043333333333333335,0.005773502691904433,0.17644,0.03928323815635134,6108.599999999999,34.846666666666664,54.49666666666666,-1.6000000000000735e-05,-0.00040000000000000034,0.028879141023962294,2,1.2799999999999998,89
3.9240000000000013,0.4755964676067553,0.043333333333333335,0.005773502691904433,0.17174666666666663,0.04389005050557578,5250.266666666666,34.526666666666664,55.77333333333333,-0.004098,-0.047,0.032705759880155894,2,1.1653333333333333,89
3.544000000000001,0.2751581363507628,0.036666666666666674,0.0057735026919045395,0.13077333333333332,0.028464415212372692,4199.433333333333,34.25,56.75999999999999,-0.0027359999999999997,-0.027200000000000002,0.031133295771071233,2,0.824,89
3.338666666666668,0.14093024279181243,0.03,0.010000000000004844,0.10106666666666668,0.03772755668450603,3249.7000000000003,33.96333333333334,57.4,-0.003767999999999999,-0.01359999999999999,0.031090739430481643,2,0.5373333333333334,89
3.246666666666668,0.042770706486561075,0.02,0.010000000000004934,0.06518666666666667,0.033345616404303176,2459.1333333333337,33.63666666666666,57.089999999999996,-0.0033339999999999993,-0.0037999999999999813,0.026497208823370005,2,0.2683333333333333,89
3.221333333333335,0.002309401082460964,0.013333333333333334,0.005773502691904906,0.04296,0.018636866690777087,1713.6000000000001,33.25666666666667,57.94666666666666,-0.0016140000000000004,-0.00020000000000000017,0.025055406508806714,2,0.2683333333333333,89
3.202666666666668,0.030022213998300257,0.01,1.002287920431849e-08,0.03202666666666667,0.0003002222230718719,1184.4333333333334,32.89666666666667,58.313333333333325,-2.599999999999998e-05,-0.0026000000000000025,0.027016843348423924,2,0.264,89
3.1586666666666674,0.06649310741242193,0.006666666666666665,0.005773502691905009,0.02129333333333333,0.018442400423570707,783.9,32.56999999999999,59.72333333333333,-0.0016099999999999999,-0.006600000000000006,0.02712872128084257,2,0.0,89
3.180000000000001,0.09854947995817348,0.01333333333333333,0.015275252316522735,0.043399999999999994,0.0502947949598146,1261.1000000000001,31.75666666666666,62.71666666666666,0.003342,0.005799999999999983,0.03438713255684969,2,0.8210000000000001,89
3.236000000000001,0.13078226179427482,0.023333333333333334,0.020816659994663683,0.07732,0.06919998843966299,2354.4333333333334,30.71666666666667,66.45,0.006672,0.01239999999999999,0.03282623154975022,2,1.1119999999999999,89
4.150666666666667,1.4563094909164591,0.04666666666666667,0.02081665999466359,0.21340000000000003,0.16963732136545984,4291.366666666667,29.72666666666667,70.04666666666667,0.015486000000000003,0.1274,0.04971616280063058,2,3.402,89
4.526666666666668,1.2519446207134544,0.053333333333333344,0.01527525231652251,0.25409333333333334,0.14042831813199666,5016.099999999999,29.439999999999998,70.27,0.004358000000000001,0.0538,0.05064545919621561,2,1.8383333333333334,89
5.166666666666668,0.7142025856389445,0.06,0.01000000000000459,0.31473333333333336,0.09382156965954426,5519.733333333334,29.683333333333334,69.26333333333334,-0.0046440000000000006,-0.028799999999999982,0.057009334508700535,2,2.628,89
5.213333333333335,0.7808747232004338,0.06,0.01000000000000459,0.318,0.0987464713295992,5728.066666666667,30.30333333333333,67.7,0.009872000000000002,0.07800000000000003,0.05550642338484453,2,3.4836666666666676,89
6.388000000000002,1.387584952354276,0.07666666666666667,0.020816659994663464,0.509,0.25176112805603185,6586.400000000001,31.293333333333333,64.58333333333333,0.023912000000000003,0.13399999999999998,0.07726872514193764,2,6.613333333333333,89
7.477333333333334,1.3363971465598652,0.12000000000000001,0.06244997998398462,0.9437333333333333,0.6146686838723566,7516.099999999999,32.72666666666667,60.4,0.060076,0.12759999999999994,0.1255448688102238,2,13.496333333333332,89
8.4,0.4160961427362873,0.17666666666666667,0.07094598884597633,1.5035866666666664,0.659690352008706,8876.366666666667,34.43666666666667,55.53666666666666,0.0652,0.040200000000000014,0.1693730498158237,2,17.479999999999997,89
8.758666666666668,0.24453493274652854,0.24333333333333332,0.05507570547286145,2.1402533333333333,0.5432772409491906,11403.6,36.12,51.203333333333326,0.054202000000000014,0.024400000000000067,0.18766579567309097,2,22.53,89
8.918666666666667,0.15478156651664965,0.28,0.03464101615137808,2.5008,0.3491835047650849,14613.9,37.89666666666667,46.65333333333333,0.030179999999999985,0.013199999999999967,0.171113042169293,2,22.509999999999998,89
9.093333333333334,0.14785578559308038,0.31666666666666665,0.02886751345948128,2.8824,0.3117714547549607,18623.63333333333,39.39666666666667,43.05333333333332,0.026939999999999964,0.012599999999999945,0.15476277832762705,2,27.019999999999992,89
9.026666666666666,0.2268509055158204,0.3,0.04999999999999998,2.715533333333333,0.5198482214390651,18209.733333333334,40.64333333333334,40.15333333333333,-0.024909999999999988,-0.009600000000000008,0.14911718729979753,2,18.35833333333333,89
8.421333333333335,1.091746002206261,0.2233333333333333,0.14189197769195175,1.9828533333333331,1.3828258605237918,14901.666666666666,39.99333333333333,41.393333333333324,-0.13696199999999997,-0.10379999999999998,0.1330535921982643,2,4.1930000000000005,89
8.232,0.9059889624051845,0.18000000000000002,0.09643650760992954,1.53976,0.9093471689074729,15024.733333333332,38.88,43.21,-0.014493999999999996,-0.005799999999999983,0.10247486534212419,2,15.942666666666666,89
8.345333333333334,1.0278858561792523,0.20333333333333334,0.12583057392117916,1.7816400000000001,1.218073704830719,20113.066666666666,38.26333333333333,44.029999999999994,0.12127399999999997,0.09819999999999998,0.08857681688768392,2,24.40533333333333,89
8.952,0.2331008365493681,0.27666666666666667,0.05131601439446881,2.484693333333333,0.5196504999837502,30026.13333333333,39.28,41.85,0.03495999999999998,0.01559999999999997,0.08274826989811436,2,21.76933333333333,89
8.842666666666666,0.41733120340246466,0.25999999999999995,0.07937253933193769,2.3211733333333333,0.7941309890272276,27618.333333333332,41.413333333333334,37.90333333333333,-0.07530399999999997,-0.03919999999999994,0.08404161336262038,2,11.854666666666668,89
9.145333333333333,0.8543192221490434,0.34333333333333327,0.20526405757787533,3.2563599999999995,2.2268027558811805,30526.399999999998,43.166666666666664,34.82,0.156094,0.05260000000000007,0.1066700734422191,2,47.785,89
9.164000000000001,0.850421072175433,0.3533333333333333,0.20207259421636897,3.3524133333333332,2.1910597152367512,26852.233333333334,44.79,31.55999999999999,0.07389599999999999,0.034799999999999984,0.12484207364228019,2,24.170666666666666,89
9.74,0.5857098257669984,0.49,0.1473091986265623,4.83012,1.6722207524127937,35270.299999999996,45.96333333333334,30.826666666666664,0.006074000000000001,0.0017999999999999794,0.13694193295965842,2,48.797333333333334,89
9.825333333333333,0.6684469562600615,0.51,0.16643316977093234,5.0850800000000005,1.9190749750856557,40335.833333333336,47.076666666666675,29.433333333333326,0.17993,0.06260000000000003,0.1260654240747704,2,54.159,89
10.201333333333332,0.11029656990739499,0.6066666666666666,0.025166114784235635,6.190626666666667,0.3225171507584339,49638.6,48.35,29.72333333333333,0.018071999999999998,0.004800000000000004,0.12471145349008991,2,51.80933333333333,89
10.249333333333334,0.06252466180105613,0.6233333333333334,0.01154700538379192,6.3891333333333336,0.15087930187185214,53507.200000000004,49.31666666666666,27.803333333333327,-0.0023940000000000072,-0.0038000000000000256,0.11940475167046048,2,53.76,89
10.237333333333334,0.04406056437832445,0.6266666666666668,0.01527525231651901,6.41584,0.18361162490431826,54053.6,50.36666666666667,26.999999999999996,0.01810400000000003,0.0043999999999999595,0.11869184121240377,2,54.82666666666667,89
10.282666666666666,0.04406056437832057,0.64,0.009999999999999268,6.5812,0.13101144988131128,54053.6,51.24666666666667,24.446666666666662,0.013099999999999978,0.0043999999999999595,0.12175097031519982,2,55.943333333333335,89
10.324,0.04214261501144067,0.65,0.009999999999999268,6.7108799999999995,0.13053546338065786,54612.5,52.18333333333334,23.463333333333328,0.013052000000000018,0.00420000000000007,0.12287950781400203,2,57.00200000000001,89
10.344,0.018330302779884962,0.6566666666666667,0.0057735026918949725,6.792613333333333,0.06922849509657211,54612.5,52.52333333333333,22.663333333333327,0.005560000000000009,0.0006000000000000227,0.12437608527806006,2,56.87,89
10.354666666666667,0.01285820101474121,0.6633333333333334,0.005773502691896279,6.868613333333333,0.0633588552085325,54612.5,52.56,22.22666666666666,0.005047999999999986,-0.0002000000000000668,0.1257676825937421,2,57.843333333333334,89
10.336,0.02622975409724996,0.6633333333333334,0.005773502691896279,6.856293333333333,0.07428573304030774,54612.5,52.82666666666666,21.796666666666663,-0.0010559999999999903,-0.0016000000000000014,0.12554209734467364,2,56.694,89
10.34,0.028000000000039466,0.6633333333333334,0.005773502691896279,6.858933333333333,0.07270958487940807,54612.5,52.89666666666667,22.393333333333327,-0.005444000000000004,-0.00039999999999995595,0.12559043704090259,2,56.936,89
10.322666666666667,0.025403411844387352,0.66,0.0,6.81296,0.01676625181735043,54612.5,52.876666666666665,22.73333333333333,0.0,0.0,0.12474864273485495,2,56.694,89
10.32,0.028000000000039466,0.6533333333333334,0.011547005383792509,6.742533333333333,0.1311718099796468,54612.5,52.580000000000005,22.73666666666666,-0.012015999999999982,-0.00259999999999998,0.12345909588898961,2,54.93333333333334,89
10.297333333333334,0.012220201853305954,0.6466666666666667,0.011547005383792453,6.659013333333334,0.1250434633770877,54612.5,52.943333333333335,22.113333333333326,-0.011075999999999952,-0.0011999999999999567,0.12192980368101906,2,54.848000000000006,89
10.278666666666668,0.024440403706477227,0.6333333333333334,0.011547005383792509,6.510000000000001,0.13325846164504876,54612.5,53.50333333333334,22.399999999999995,-0.011787999999999998,-0.002400000000000002,0.11920129638276253,2,52.96866666666668,89
10.241333333333335,0.048880807412885224,0.6233333333333334,0.015275252316519414,6.384226666666668,0.18513338902893606,54612.5,53.63333333333333,22.249999999999996,-0.018354000000000027,-0.004800000000000004,0.11689832489524876,2,51.78900000000001,89
10.201333333333334,0.045489925624642255,0.61,0.009999999999999886,6.223106666666666,0.12912638356796338,54612.5,53.82333333333333,22.079999999999995,-0.012892000000000037,-0.004400000000000048,0.11394813858600286,2,50.82,89
10.153333333333334,0.04105281151559866,0.5966666666666667,0.015275252316519414,6.0585733333333325,0.17936739651715533,54612.5,54.053333333333335,20.693333333333328,-0.017602000000000027,-0.0040000000000000036,0.11093545246749124,2,48.855333333333334,89
10.091999999999999,0.08119113252074887,0.5800000000000001,0.019999999999999993,5.854426666666666,0.24818195045841787,54612.5,54.383333333333326,20.55333333333333,-0.024807999999999986,-0.008000000000000007,0.10719742676566539,2,46.68533333333333,89
10.010666666666667,0.09417713806086281,0.56,0.020000000000000063,5.607226666666667,0.25295686694246383,54612.5,54.629999999999995,18.966666666666665,-0.02529199999999996,-0.00940000000000003,0.10267107339149967,2,44.64000000000001,89
9.924,0.07807688518377928,0.5366666666666667,0.025166114784235957,5.3271733333333335,0.2910132624698585,54612.5,54.63666666666666,18.856666666666666,-0.02898799999999997,-0.007799999999999941,0.0975431593531514,2,41.854000000000006,89
9.850666666666667,0.06803920438493083,0.5100000000000001,0.030000000000000217,5.025200000000001,0.3302484010559649,54612.5,54.57333333333333,19.08333333333333,-0.03302400000000003,-0.0067999999999999615,0.09201387935217485,2,39.135999999999996,89
9.761333333333333,0.09994665243686032,0.4833333333333334,0.02516611478423623,4.719573333333334,0.29197530123857796,54612.5,54.373333333333335,19.753333333333327,-0.029128000000000043,-0.009800000000000076,0.08641770502409357,2,36.99933333333333,89
9.652000000000001,0.13200000000000423,0.45333333333333337,0.03055050463303946,4.378213333333333,0.35302813787765136,54612.5,53.81333333333333,20.326666666666664,-0.03489600000000002,-0.013200000000000055,0.08016723581776179,2,33.32,89
9.542666666666667,0.0999466524368579,0.42666666666666675,0.030550504633039648,4.073573333333333,0.3351438648302621,54612.5,53.11333333333334,20.179999999999996,-0.032875999999999996,-0.009799999999999986,0.07458912784079638,2,31.52,89
9.437333333333333,0.0934094927367341,0.3966666666666667,0.02516611478423692,3.74504,0.27395727550119015,54612.5,51.9,20.946666666666662,-0.027203999999999985,-0.009199999999999963,0.06857352119897095,2,28.786,89
8.942666666666668,0.7874854496010295,0.2933333333333334,0.15947831618540945,2.7068933333333334,1.5872062168897207,54612.5,49.77333333333333,23.929999999999996,-0.144922,-0.071,0.049564546006634506,2,7.366333333333333,89
8.138666666666666,1.1494439235270848,0.18333333333333338,0.16289055630494192,1.6104533333333333,1.6087510705306123,40063.9,46.32,28.58333333333333,-0.148062,-0.11460000000000004,0.04019611513652432,2,4.109,89
7.013333333333333,1.0383397003550139,0.08333333333333337,0.023094010767588328,0.5980800000000001,0.2504695079247561,25115.566666666666,42.49,34.14666666666666,-0.023337999999999998,-0.10379999999999998,0.02381217178037869,2,3.4766666666666666,89
6.140000000000001,0.8287918918522357,0.06666666666666671,0.005773502691909902,0.4117466666666667,0.08419256340915673,9876.666666666666,39.593333333333334,38.11333333333332,-0.008406,-0.08139999999999996,0.04168460837579726,2,2.708,89
5.366666666666667,0.6194750465784257,0.06333333333333337,0.005773502691909998,0.3418666666666667,0.06846393892704145,8948.6,38.08,40.38666666666666,-0.0066879999999999995,-0.06179999999999999,0.03819910014600281,2,2.362,89
4.812,0.5651619236997567,0.0566666666666667,0.00577350269191019,0.27440000000000003,0.05563360135810989,8223.333333333334,37.166666666666664,41.633333333333326,-0.005508000000000001,-0.05600000000000001,0.0333644064361853,2,1.7900000000000003,89
4.3853333333333335,0.3040087718032865,0.05333333333333337,0.00577350269191029,0.23501333333333338,0.042129046196262974,7650.3,36.49333333333334,43.19666666666666,-0.0038320000000000008,-0.029400000000000003,0.030715477544121045,2,1.7233333333333334,89
4.109333333333333,0.20132891827391025,0.05,1.2774692002150287e-08,0.2054666666666667,0.010066445917362754,7126.966666666667,35.96,44.676666666666655,-0.0010000000000000009,-0.020000000000000018,0.028825424735431798,2,1.6233333333333333,89
3.925333333333334,0.1976394022793603,0.04666666666666671,0.005773502691910488,0.18378666666666668,0.030072587740456114,6601.133333333332,35.583333333333336,45.82333333333333,-0.0028520000000000004,-0.019599999999999996,0.0278374666774376,2,1.248,89
3.7479999999999998,0.14604109010826216,0.04333333333333337,0.005773502691910583,0.16290666666666667,0.027761998008206553,6067.5,35.196666666666665,46.75999999999999,-0.0025319999999999995,-0.014599999999999991,0.026844634863090824,2,1.2013333333333334,89
3.6199999999999997,0.11682465493212313,0.04,1.290399647020408e-08,0.1448,0.004672986205258213,5557.5,34.703333333333326,48.06333333333333,-0.00046400000000000054,-0.01160000000000001,0.026050193397499324,2,1.1706666666666665,89
3.528,0.06939740629165908,0.0366666666666667,0.005773502691910776,0.12956,0.02217742997001015,5117.766666666666,34.22,49.699999999999996,-0.002006000000000001,-0.006800000000000006,0.025310784498870174,2,0.8669999999999999,89
3.425333333333333,0.11414610520443964,0.033333333333333375,0.005773502691910873,0.11446666666666666,0.02267546104069786,4700.566666666667,33.87,50.56999999999999,-0.00208,-0.01080000000000001,0.024346494430934364,2,0.824,89
3.357333333333333,0.09602777376021518,0.03,1.3033057933984195e-08,0.10071999999999999,0.0028808332258267164,4344.166666666667,33.60333333333333,50.776666666666664,-0.00023999999999999992,-0.008000000000000007,0.023179778297725436,2,0.827,89
3.2866666666666666,0.027227437142396307,0.03,1.3033057933984195e-08,0.09859999999999998,0.000816823160207273,3969.7333333333336,33.42666666666667,50.47333333333333,-6.0000000000000334e-05,-0.0020000000000000018,0.024831685163110084,2,0.814,89
3.2680000000000002,0.03555277766940071,0.03,1.3033057933984195e-08,0.09804,0.0010665833652637186,3620.8333333333335,33.21,50.52,-0.00010199999999999931,-0.0033999999999999807,0.027069163867286365,2,0.8100000000000002,89
3.244,0.010583005244725854,0.026666666666666703,0.005773502691911063,0.08653333333333334,0.01889242529186023,3268.066666666667,33.03333333333333,51.26666666666666,-0.0016479999999999995,-0.0009999999999999788,0.02647034831552329,2,0.5393333333333333,89
3.236,0.004000000001239618,0.023333333333333373,0.0057735026919111575,0.07552,0.01877547336487981,2953.6,32.763333333333335,52.03666666666666,-0.0016280000000000003,-0.00040000000000000034,0.025560143505042987,2,0.5386666666666667,89
3.233333333333334,0.0023094010789073104,0.02,1.3158536656708262e-08,0.06466666666666666,4.618883811976289e-05,2614.7000000000003,32.57333333333333,52.853333333333325,-3.999999999999837e-06,-0.00020000000000000017,0.02472250895235182,2,0.5386666666666667,89
3.2306666666666666,0.002309401078909298,0.0166666666666667,0.005773502691911346,0.053853333333333336,0.018683054712998335,2243.0333333333333,32.306666666666665,53.833333333333336,-0.001618,-0.00020000000000000017,0.023998455162579285,2,0.269,89
3.2293333333333334,0.0023094010789102273,0.01333333333333337,0.0057735026919114385,0.04306666666666667,0.018683054713001603,1805.5333333333335,32.07,55.18333333333333,-0.001618,-0.00020000000000000017,0.02383939774153074,2,0.269,89
3.2106666666666666,0.030022213998027125,0.01,1.3280023941315895e-08,0.03210666666666667,0.0003002222662221389,1312.7666666666667,31.78,56.73,-2.599999999999998e-05,-0.0026000000000000025,0.024438636997944848,2,0.2646666666666667,89
3.06,0.2473216529137927,0.006666666666666703,0.0057735026919116215,0.02134666666666667,0.018488583867058546,811.1,31.52333333333333,57.43,-0.0016140000000000002,-0.02260000000000002,0.0262857611952551,2,0.0,89
2.829333333333333,0.3233161507462077,0.0033333333333333704,0.005773502691911713,0.010586666666666668,0.01833664455153613,405.26666666666665,31.290000000000003,58.25666666666666,-0.0015880000000000002,-0.03200000000000001,0.02605841811617985,2,0.0,89
2.566666666666667,0.19580943116547078,0.0,1.3398387018939534e-08,0.0,2.7598220667112207e-07,146.93333333333334,31.076666666666664,57.276666666666664,0.0,-0.019399999999999994,0.0,2,0.0,89
4.424,3.399089289795137,0.04666666666666671,0.08082903768654863,0.3895733333333334,0.6747608066073527,5060.533333333333,31.070000000000004,59.126666666666665,0.05843600000000001,0.2906000000000001,0.07696745386773443,2,9.739333333333335,89
6.596,3.661195433188455,0.13666666666666671,0.13503086067019449,1.2042533333333336,1.2224073967926552,12504.433333333334,32.24,57.16333333333333,0.122202,0.3332,0.0962984089582395,2,20.367,89
8.877333333333333,0.4671673504573354,0.24000000000000007,0.0888819441731565,2.1582266666666667,0.8820422360257949,18279.7,34.20333333333333,54.583333333333336,0.08465999999999997,0.04419999999999993,0.11806039520733158,2,23.84933333333333,89
9.061333333333332,0.16619667064453067,0.27666666666666667,0.030550504633040525,2.51032,0.3235916414248777,22271.36666666667,36.84,48.419999999999995,-0.010952000000000007,-0.007599999999999963,0.11271006972765953,2,18.541666666666668,88
9.101333333333335,0.1769218283121858,0.2866666666666667,0.03214550253664465,2.61284,0.34037850225894917,25886.36666666667,38.596666666666664,44.11666666666665,-0.005515999999999965,-0.002999999999999936,0.1009310847891056,2,22.930000000000003,88
8.966666666666667,0.18143134606050598,0.26,0.036055512754641306,2.33568,0.3731025103105698,29473.033333333336,40.38333333333333,40.599999999999994,-0.009728000000000004,-0.0036000000000000476,0.07924534703428214,2,16.920333333333335,88
8.864,0.29167104758613555,0.24000000000000002,0.0556776436283012,2.138173333333334,0.5672849785895837,26990.833333333332,41.18,37.926666666666655,-0.055956000000000006,-0.029000000000000005,0.07921556520182033,2,13.604000000000003,88
8.634666666666668,0.17592422611262884,0.19666666666666668,0.030550504633041008,1.7017333333333333,0.3001334112247246,21807.766666666666,41.29333333333333,37.203333333333326,-0.029408,-0.017199999999999972,0.07802978313002569,2,12.019,88
8.405333333333333,0.23604519341288918,0.16000000000000006,0.03605551275464183,1.3505200000000002,0.3373336461132516,16418.066666666666,40.21,38.68,-0.03278400000000001,-0.0226,0.0822531528385698,2,8.14,88
8.472,0.3261656021103307,0.17333333333333337,0.05507570547286225,1.4804133333333336,0.5237222505616811,17646.100000000002,39.00666666666667,41.053333333333335,0.028994,0.015399999999999992,0.08388989314580489,2,16.851333333333333,88
9.040000000000001,1.0462810329925674,0.3066666666666667,0.2345918441321723,2.935373333333333,2.541370373741965,26961.399999999998,39.449999999999996,40.60999999999999,0.24151799999999998,0.1024,0.10886914122382775,2,48.393,88
9.765333333333334,0.8453575180557193,0.4633333333333334,0.20231987873991367,4.638586666666667,2.270190676162105,40042.23333333333,40.70333333333333,38.36333333333333,0.203214,0.07620000000000005,0.11583946351318619,2,50.720333333333336,88
10.190666666666667,0.12402150351178648,0.5666666666666668,0.025166114784235815,5.776773333333334,0.3259241195943341,47745.299999999996,42.95333333333334,34.03999999999999,-0.018521999999999973,-0.0060000000000000496,0.12098892130559509,2,45.306000000000004,88
10.089333333333334,0.2167886835914752,0.54,0.0500000000000001,5.45544,0.6218513635910209,45540.833333333336,44.0,31.77666666666666,-0.06216400000000002,-0.02160000000000002,0.11978964395372753,2,40.35966666666667,88
9.997333333333332,0.09914299437340554,0.5166666666666667,0.025166114784236283,5.166893333333334,0.300429384270827,46689.43333333333,44.95333333333334,29.803333333333327,-0.010796000000000028,-0.0014000000000000234,0.1106627838822086,2,43.50666666666667,88
10.093333333333334,0.24047730315629473,0.5433333333333333,0.06806859285554054,5.494893333333334,0.8237228022419586,49427.76666666666,45.89333333333334,28.20333333333333,0.078878,0.023599999999999975,0.1111679231324809,2,53.506,88
10.321333333333333,0.26570158699812624,0.6033333333333334,0.07637626158259728,6.240693333333333,0.9428594884357567,54612.5,47.26333333333333,26.429999999999996,0.09298800000000003,0.026400000000000024,0.11427015908764927,2,59.00466666666667,88
10.504,0.12856126943985907,0.6566666666666667,0.03214550253664269,6.900373333333334,0.41965154561055606,54612.5,48.60999999999999,24.856666666666666,0.03895599999999999,0.011599999999999966,0.12634922378776922,2,59.998666666666665,88
10.573333333333332,0.012858201014178446,0.68,0.009999999999997762,7.1898533333333345,0.10465796736668223,54612.5,49.55666666666667,24.199999999999992,0.010429999999999984,-0.00019999999999997797,0.13164974472123805,2,60.743,88
10.564,0.023999999999745208,0.6866666666666666,0.005773502691892098,7.253866666666666,0.04751545994015836,54612.5,50.086666666666666,23.803333333333327,0.003637999999999941,-0.002400000000000002,0.1328218602848502,2,60.60499999999999,88
10.549333333333333,0.012858201014185862,0.69,0.0,7.279039999999999,0.00887215869961847,54612.5,50.660000000000004,22.92333333333333,-0.0006899999999999906,-0.0009999999999999788,0.13328279637818488,2,60.62800000000001,88
10.542666666666667,0.0023094010741398917,0.6966666666666667,0.011547005383792509,7.344733333333333,0.12255613788514962,54612.5,51.03333333333333,22.31333333333333,0.010682000000000035,0.0002000000000000668,0.13448567356667004,2,62.38533333333333,88
10.545333333333334,0.0023094010767582486,0.6999999999999998,0.009999999999999981,7.381733333333333,0.10545239178569299,54612.5,51.26,21.969999999999995,0.005411999999999972,0.00019999999999997797,0.13516316173351522,2,61.529999999999994,88
10.537333333333335,0.015143755588800606,0.6999999999999998,0.009999999999999981,7.376213333333333,0.11389978285020323,54612.5,51.52,22.09666666666666,-0.011372000000000026,-0.0012000000000000454,0.13506208782321832,2,60.48999999999999,88
10.510666666666667,0.042770706486253286,0.6933333333333334,0.005773502691896208,7.28752,0.08542123389410346,54612.5,51.846666666666664,21.606666666666666,-0.00817199999999998,-0.0041999999999999815,0.13343806934182942,2,60.168,88
10.453333333333333,0.0725901738070173,0.68,0.017320508075688707,7.10904,0.22675326502609214,54612.5,52.15333333333333,22.566666666666663,-0.02053199999999995,-0.007200000000000007,0.13017001290889618,2,57.068,88
10.429333333333332,0.04687572221665388,0.6733333333333335,0.01527525231651938,7.022826666666667,0.18703297391991527,54612.5,52.330000000000005,22.63333333333333,-0.010999999999999944,-0.0008000000000000007,0.1285914044451769,2,58.33466666666668,88
10.389333333333333,0.053266624947830486,0.6600000000000001,0.009999999999999948,6.857306666666667,0.1385066949043625,54612.5,52.03333333333333,23.426666666666662,-0.006227999999999989,-0.0016000000000000014,0.12556065197554941,2,56.03,88
10.360000000000001,0.08119113252073507,0.6533333333333334,0.015275252316519428,6.769360000000002,0.2116629622772916,54612.5,52.29333333333333,22.129999999999995,-0.020792000000000053,-0.008000000000000007,0.1239503053274374,2,54.86933333333334,88
10.312,0.02884441020370711,0.6433333333333334,0.005773502691896076,6.6341600000000005,0.07762634604307861,54612.5,52.14666666666667,21.676666666666662,-0.006451999999999991,-0.0019999999999999575,0.12147472694480305,2,54.954666666666675,88
10.28,0.02884441020371056,0.6333333333333334,0.011547005383792509,6.51088,0.13616620432398635,54612.5,52.78,20.616666666666664,-0.011528000000000028,-0.002000000000000046,0.11921740961483884,2,52.94799999999999,88
10.24,0.06835202996254074,0.6166666666666667,0.025166114784235777,6.315813333333334,0.29952822994391964,54612.5,52.83666666666667,20.163333333333327,-0.02977200000000004,-0.006800000000000051,0.11564564317125499,2,49.992666666666665,88
10.04,0.2937209560109732,0.56,0.07937253933193764,5.63792,0.9494491843168921,53076.666666666664,52.76333333333334,20.296666666666663,-0.08964399999999997,-0.027199999999999936,0.10622019305043555,2,38.007333333333335,88
9.905333333333333,0.23800280110396613,0.52,0.06244997998398383,5.160666666666667,0.7482345272261577,53076.666666666664,51.96333333333333,20.74666666666666,-0.053855999999999994,-0.016199999999999992,0.0972285895511609,2,41.016666666666666,88
9.697333333333333,0.15011106998930898,0.4633333333333334,0.040414518843273434,4.49712,0.4600855363951662,50210.56666666667,51.22666666666667,22.046666666666663,-0.027619999999999978,-0.008000000000000007,0.08956342728468274,2,33.404,88
9.528,0.3242961609393534,0.42333333333333334,0.07505553499465112,4.049693333333333,0.8524475316014282,47180.56666666667,50.23333333333333,23.079999999999995,-0.08517,-0.032399999999999984,0.08583210816088485,2,26.821666666666665,88
9.281333333333334,0.2320804458228628,0.36333333333333334,0.05131601439446839,3.3801200000000002,0.5651834151848805,41230.833333333336,49.026666666666664,24.56,-0.05476000000000003,-0.022000000000000065,0.08197840665181838,2,24.27733333333333,88
9.104,0.09200000000003608,0.32000000000000006,0.029999999999999184,2.9151200000000004,0.30256419616347785,38800.0,47.336666666666666,26.08,-0.030255999999999995,-0.009199999999999963,0.07513002242210254,2,21.779,88
8.753333333333332,0.5296992857587618,0.24333333333333332,0.10785793124908931,2.168013333333333,1.0420433836138472,30096.399999999998,45.26666666666667,28.746666666666666,-0.0968,-0.04799999999999995,0.07203324318158157,2,8.144,88
8.409333333333334,0.5231647286785921,0.17333333333333337,0.10115993936995644,1.4928933333333336,0.9714845137898006,22395.033333333336,43.10666666666666,31.646666666666665,-0.08627800000000001,-0.04700000000000006,0.06665882797697806,2,7.399333333333333,88
8.089333333333334,0.0483873261644543,0.11333333333333336,0.00577350269188984,0.9169733333333335,0.05223868809047008,14109.466666666667,41.166666666666664,34.31999999999999,-0.004577999999999999,-0.004600000000000026,0.0649853300386947,2,7.381,88
8.08,0.032741411087672576,0.11333333333333336,0.005773502691896256,0.9158533333333336,0.050299237900920876,14013.333333333334,39.91,36.04666666666666,0.004299999999999998,0.002200000000000024,0.06535118806935758,2,8.116,88
8.106666666666666,0.050649119768711656,0.1166666666666667,0.0057735026918962614,0.9459600000000002,0.05221406707085422,14591.933333333334,39.083333333333336,37.54333333333333,0.0046259999999999964,0.004999999999999982,0.0648231564136066,2,8.152,88
8.136000000000001,0.018330302780151485,0.12,0.0,0.9763200000000003,0.0021996363515870954,14795.0,38.37333333333333,39.18999999999999,0.00014400000000000523,0.0012000000000000454,0.06598540145985404,2,8.14,88
8.128,0.031749015732964125,0.1166666666666667,0.005773502691896256,0.9483866666666669,0.05046554996641726,14507.233333333332,37.77333333333333,40.813333333333325,-0.004405999999999993,-0.002999999999999936,0.06536885952114549,2,7.417666666666667,88
8.094666666666667,0.04406056437842551,0.11333333333333336,0.0057735026918962614,0.917546666666667,0.05136203007488519,13707.233333333332,37.46333333333333,42.00666666666666,-0.0045540000000000025,-0.004400000000000048,0.06693398371295113,2,7.381,88
8.053333333333333,0.038017539811846114,0.11,0.0,0.8858666666666669,0.004181929388914955,12992.233333333332,37.26333333333333,42.81999999999999,-0.0004180000000000017,-0.0038000000000000256,0.06817907782768982,2,7.348000000000001,88
8.018666666666666,0.03208322510822755,0.1066666666666667,0.005773502691896256,0.8554266666666669,0.04908008693364655,12418.066666666666,37.24333333333333,43.10666666666666,-0.004345999999999994,-0.0031999999999999585,0.06888010907958732,2,6.656666666666668,88
7.986666666666667,0.030022213998057413,0.10333333333333337,0.0057735026918962614,0.825386666666667,0.04884695009327333,11658.633333333333,37.02,43.75333333333333,-0.004307999999999995,-0.0029999999999999805,0.07079010489180625,2,6.630000000000001,88
7.876,0.16704490414260365,0.09333333333333338,0.011547005383792518,0.7363733333333338,0.10536702583548622,10572.800000000001,36.74333333333333,44.51999999999999,-0.009204,-0.015200000000000014,0.06964131469607272,2,5.122666666666667,88
7.553333333333334,0.4814865868675306,0.08333333333333337,0.015275252316519461,0.6339066666666671,0.15300492192546458,9281.966666666667,36.38333333333333,45.74666666666666,-0.015210000000000005,-0.04680000000000004,0.06828707776608775,2,4.095,88
6.913333333333333,0.8291618257815184,0.07333333333333338,0.0057735026918962085,0.509546666666667,0.09737651736131916,8111.400000000001,36.02333333333333,46.699999999999996,-0.009610000000000002,-0.08240000000000003,0.06281084101704391,2,3.521,88
5.962666666666666,1.0958418377363293,0.06666666666666671,0.005773502691896261,0.4012800000000003,0.10240557016142979,7114.733333333334,35.74666666666666,47.026666666666664,-0.010074000000000003,-0.10939999999999998,0.05639334432618802,2,2.416,88
4.983999999999999,0.9848370423577688,0.06000000000000003,0.01,0.3055466666666669,0.10999568233990929,6127.233333333334,35.349999999999994,47.40333333333333,-0.010916,-0.09759999999999999,0.04985885002202922,2,1.7016666666666667,88
4.208,0.5721678075529889,0.05000000000000004,0.010000000000000004,0.21414666666666693,0.07132210129702815,5084.466666666666,34.85333333333333,47.96999999999999,-0.007079999999999998,-0.056199999999999986,0.04210954091397714,2,1.2360000000000002,88
3.7133333333333334,0.36802898436580406,0.040000000000000036,0.010000000000000009,0.15098666666666696,0.05193137523139992,4176.133333333334,34.29333333333334,47.76333333333333,-0.005188,-0.036799999999999986,0.03614600124487294,2,0.8369999999999999,88
3.4333333333333336,0.2434857969848017,0.033333333333333375,0.005773502691896274,0.1153600000000003,0.02858679415554736,3363.3666666666663,33.77333333333333,49.01666666666666,-0.00255,-0.0232,0.03428877153699071,2,0.811,88
3.2733333333333334,0.06515622252189904,0.026666666666666703,0.005773502691896256,0.0874400000000003,0.01987597545007634,2638.3666666666663,33.31666666666666,50.64666666666667,-0.0017939999999999992,-0.005999999999999983,0.03312915977317803,2,0.538,88
3.2306666666666666,0.012220201852793738,0.020000000000000035,0.009999999999999997,0.06469333333333364,0.03256020475097935,1858.6333333333332,32.93666666666667,53.16666666666666,-0.0032560000000000006,-0.001200000000000001,0.03478821989998045,2,0.2683333333333333,88
3.114666666666667,0.18941312872481278,0.010000000000000037,0.009999999999999993,0.032253333333333634,0.03228003304561761,1088.3333333333333,32.62,53.949999999999996,-0.0032280000000000004,-0.016600000000000014,0.029608323133415215,2,0.0,88
2.888,0.3360714209807018,0.0033333333333333704,0.005773502691896242,0.01073333333333363,0.01859067867041099,486.3666666666666,32.333333333333336,54.666666666666664,-0.0016099999999999999,-0.033600000000000005,0.022023117433828666,2,0.0,88
2.6453333333333333,0.2188820077880324,0.0,0.0,0.0,3.054426582381991e-07,149.70000000000002,32.076666666666675,55.50333333333333,0.0,-0.020199999999999996,0.0,2,0.0,88
2.0,0.9011015481065296,0.0,0.0,0.0,3.054426582381991e-07,34.43333333333333,31.873333333333335,55.69999999999999,0.0,-0.0794,0.0,2,0.0,88
1.268,1.1027456642399376,0.0,0.0,0.0,3.054426582381991e-07,2.5,31.686666666666667,55.39666666666667,0.0,-0.10700000000000001,0.0,2,0.0,88
0.5293333333333333,0.37489909753600603,0.0,0.0,0.0,3.054426582381991e-07,0.0,31.47666666666667,54.419999999999995,0.0,-0.034199999999999994,0.0,2,0.0,88
0.3,0.045077710678089515,0.0,0.0,0.0,3.054426582381991e-07,0.0,31.28333333333333,55.089999999999996,0.0,-0.003999999999999998,0.0,2,0.0,88
0.27066666666666667,0.006110100924760785,0.0,0.0,0.0,3.054426582381991e-07,0.0,31.133333333333336,55.51,0.0,-0.0006000000000000005,0.0,2,0.0,88
0.26666666666666666,0.004618802151071907,0.0,0.0,0.0,3.054426582381991e-07,0.0,31.036666666666665,55.93333333333333,0.0,-0.00040000000000000034,0.0,2,0.0,88
0.264,0.0,0.0,0.0,0.0,3.054426582381991e-07,0.0,30.95,56.843333333333334,0.0,0.0,0.0,2,0.0,88
0.26533333333333337,0.002309401076758497,0.0,0.0,0.0,3.054426582381991e-07,0.0,30.856666666666666,57.603333333333325,0.0,0.00020000000000000017,0.0,2,0.0,88
0.268,0.003999999999999997,0.0,0.0,0.0,3.054426582381991e-07,0.0,30.76,59.50333333333333,0.0,0.00040000000000000034,0.0,2,0.0,88
0.2733333333333334,0.00611010092660778,0.0,0.0,0.0,3.054426582381991e-07,0.0,30.723333333333333,59.776666666666664,0.0,0.0006000000000000005,0.0,2,0.0,88
0.2773333333333334,0.004618802153516982,0.0,0.0,0.0,3.054426582381991e-07,0.0,30.69666666666667,60.026666666666664,0.0,0.00040000000000000034,0.0,2,0.0,88
0.2773333333333334,0.0046188021535170185,0.0,0.0,0.0,3.054426582381991e-07,0.0,30.709999999999997,59.73666666666666,0.0,-0.00040000000000000034,0.0,2,0.0,88
2.8826666666666667,4.51488087698151,0.0366666666666667,0.06350852961085883,0.29685333333333364,0.5141650557295997,4031.933333333333,30.75666666666667,60.90666666666666,0.044528,0.3908,0.07360729989751057,2,7.421333333333334,88
5.4799999999999995,4.510276266483018,0.07333333333333338,0.06350852961085883,0.592826666666667,0.513404650284177,7149.7,30.790000000000003,62.43666666666667,0.044396,0.38999999999999996,0.08290470396837608,2,7.399333333333333,88
8.211999999999998,0.2220270253820282,0.1333333333333334,0.0404145188432738,1.100906666666667,0.3666197972469718,9940.533333333333,31.61,60.836666666666666,0.031684000000000004,0.018599999999999995,0.11073811551537996,2,12.702,88
8.390666666666666,0.28789813013169296,0.17000000000000004,0.05567764362830022,1.4370666666666672,0.5111656347343839,9505.533333333333,32.97,56.56,0.050556000000000004,0.028000000000000025,0.1511662155149442,2,15.825333333333333,88
8.614666666666666,0.13881402426745215,0.21000000000000005,0.026457513110645946,1.8114666666666668,0.25498009752410106,10673.6,34.86,51.11333333333334,0.024343999999999998,0.01379999999999999,0.16969878652752016,2,16.759333333333334,88
8.799999999999999,0.20191087142596267,0.25000000000000006,0.043588989435406775,2.205786666666667,0.4378378463922393,13848.866666666667,36.51,47.60333333333333,0.040408,0.01959999999999997,0.15926410843907046,2,22.56,88
8.925333333333333,0.15724291186990005,0.27666666666666667,0.04041451884327387,2.473573333333333,0.40050352574401904,16143.866666666667,38.04,44.30666666666667,0.03456399999999997,0.013199999999999967,0.15321113418919527,2,22.519999999999996,88
8.735999999999999,0.48504020451916247,0.2433333333333334,0.09814954576223636,2.1574933333333335,0.9479659920764006,16208.6,38.97,42.24333333333333,-0.08221599999999998,-0.04239999999999995,0.13309972691080182,2,8.857333333333333,88
8.550666666666666,0.42211530810114445,0.20333333333333337,0.08736894948054102,1.7631733333333335,0.8454722413736597,15682.5,38.79,42.25333333333333,-0.058907999999999974,-0.026999999999999958,0.11242218467391422,2,12.702,88
8.399999999999999,0.1989170681464792,0.17000000000000004,0.036055512754639835,1.4327733333333335,0.33369794565355826,16215.300000000001,38.08333333333333,43.580000000000005,0.032415999999999986,0.01899999999999995,0.0883538990604104,2,14.259999999999998,88
8.445333333333332,0.12356914393700646,0.17666666666666672,0.025166114784235753,1.4940800000000003,0.2336644157762815,16999.166666666668,37.32666666666666,44.74000000000001,-0.013872000000000006,-0.007800000000000029,0.08788619719414516,2,10.389999999999999,88
8.890666666666666,0.8003232680194474,0.28,0.1835755975068582,2.58732,1.9336588394026635,22114.733333333334,37.593333333333334,44.32,0.154638,0.06240000000000005,0.11699001615742638,2,40.033,88
9.388,0.939795722484412,0.39000000000000007,0.20880613017821104,3.792066666666667,2.2196333370476693,27103.899999999998,39.04333333333333,41.46666666666666,0.203932,0.08680000000000003,0.13990336310654777,2,44.378666666666675,88
9.974666666666666,0.1482880080563932,0.5233333333333333,0.030550504633039512,5.223,0.37836756943482697,34669.2,41.6,37.15,0.036782,0.013399999999999945,0.15064810701986145,2,46.163333333333334,88
10.116,0.09773433378296456,0.56,0.036055512754640334,5.667280000000001,0.4204793683404834,42122.23333333333,43.36666666666667,33.78666666666667,0.04056799999999998,0.008999999999999985,0.13454047924462909,2,51.13999999999999,88
9.588,0.9765326415435369,0.44666666666666677,0.22368132093076834,4.428186666666667,2.46040134135335,37032.23333333333,43.72333333333333,33.24666666666667,-0.19657200000000002,-0.08039999999999994,0.11957332017998251,2,13.401333333333335,88
9.637333333333332,1.0161443467014573,0.4633333333333334,0.23671361036774666,4.625653333333333,2.613226984502755,38977.76666666667,43.01666666666667,34.02666666666667,-0.00023999999999997358,-0.00039999999999995595,0.11867110555062885,2,51.1,88
9.616,0.9980541067497283,0.4633333333333334,0.23671361036774666,4.612853333333334,2.6021949889532414,39173.333333333336,43.76666666666667,33.14,0.224512,0.08499999999999996,0.11775192940956239,2,50.82,88
10.204,0.03487119154827076,0.61,0.017320508075688787,6.22468,0.19036767372640906,49963.333333333336,45.43,30.74666666666667,0.015581999999999985,0.00039999999999995595,0.1245824688277638,2,53.697,88
9.713333333333333,0.836615403476013,0.49333333333333335,0.211266025033211,4.90968,2.36422026283509,43618.63333333333,47.06666666666666,29.040000000000003,-0.19557,-0.07080000000000002,0.11255665453400572,2,18.224999999999998,88
9.749333333333333,0.8674591248775539,0.5066666666666667,0.22233608194203058,5.06824,2.496079245857395,42690.299999999996,47.76666666666667,27.929999999999996,0.006522000000000005,0.002200000000000024,0.11871833371202098,2,54.784,88
9.806666666666667,0.9190632912554669,0.52,0.23430749027719966,5.243026666666666,2.6539155001871015,43780.56666666667,47.99333333333334,27.896666666666665,0.23905000000000004,0.08260000000000005,0.1197542040143226,2,58.06666666666668,88
10.340000000000002,0.0643739077576567,0.66,0.017320508075688863,6.825080000000001,0.21806926972867197,53684.166666666664,48.93333333333333,25.38,0.017954000000000025,0.0038000000000000256,0.12713157886567056,2,57.77633333333334,88
10.376000000000001,0.026229754097034874,0.6733333333333333,0.005773502691896279,6.986520000000001,0.06464137374773228,54612.5,49.76666666666667,23.939999999999998,0.004519999999999991,-0.0009999999999999788,0.12792661155208881,2,58.82000000000001,88
10.356,0.021166010488309215,0.6733333333333333,0.005773502691896279,6.9731200000000015,0.0739032556792609,54612.5,50.373333333333335,22.383333333333336,-0.00026800000000002375,-0.00040000000000004474,0.12768125097274488,2,57.73166666666667,88
10.221333333333334,0.24100899015042146,0.6633333333333334,0.020816659994661337,6.783453333333334,0.36894344354294994,54612.5,50.49666666666667,22.606666666666666,-0.034711999999999986,-0.021799999999999996,0.1242083611805384,2,53.03466666666667,88
10.021333333333333,0.2878981301316989,0.63,0.045825756949558434,6.321453333333333,0.6287886644440533,54612.5,50.336666666666666,22.936666666666667,-0.06277000000000003,-0.028000000000000025,0.11574891434047138,2,47.269999999999996,88
9.181333333333333,1.1817975009845554,0.4366666666666667,0.30171730698343,4.246786666666667,3.0877498060130066,39920.833333333336,46.89000000000001,27.733333333333334,-0.28301800000000005,-0.10620000000000003,0.10637754612137887,2,5.865,88
8.329333333333333,1.2747475567081321,0.25,0.28583211855912904,2.322413333333333,2.9017213347482866,24791.933333333334,42.78666666666666,33.666666666666664,-0.254068,-0.11959999999999997,0.0936723905198793,2,4.925333333333334,88
6.173333333333333,2.487383632118975,0.06666666666666667,0.032145502536643375,0.4647333333333333,0.3214062210558483,7781.366666666666,37.279999999999994,43.169999999999995,-0.030222,-0.22540000000000004,0.05971619601577926,2,0.828,88
4.610666666666667,2.4069244552609885,0.04,0.03605551275464008,0.24057333333333333,0.30541369277326663,4456.633333333333,34.48,49.203333333333326,-0.027986,-0.21280000000000002,0.053968847445206344,2,0.261,88
2.204,1.7655231519297918,0.013333333333333334,0.015275252316519938,0.043559999999999995,0.05079828343627511,1381.3666666666668,31.956666666666663,55.89666666666667,-0.004967999999999999,-0.15719999999999998,0.03151117648477249,2,0.0,88
2.1973333333333334,1.7592740927250194,0.013333333333333334,0.015275252316519937,0.04335999999999999,0.05046885772505798,1410.0,31.78333333333333,56.57333333333333,0.003371999999999999,0.007999999999999985,0.030729978738483342,2,0.823,88
4.293333333333334,4.706578091706692,0.14,0.21702534414210709,1.25752,2.0931424135017807,19426.399999999998,34.44,51.406666666666666,0.18369,0.4626,0.0647291969074606,2,30.615,88
7.590666666666667,3.736482481336339,0.33,0.2749545416973504,3.16892,2.851442417303922,37289.46666666667,38.85666666666666,42.13666666666666,0.28177199999999997,0.33840000000000003,0.08497936022969231,2,47.785,88
9.898666666666665,0.421811964426483,0.5266666666666667,0.12096831541082693,5.247306666666666,1.3952986928014186,54271.4,43.333333333333336,33.35,0.13300599999999996,0.03979999999999997,0.09668462545726127,2,52.78266666666666,88
10.145333333333333,0.07902742140121817,0.6,0.026457513110645238,6.088573333333333,0.31437418808378753,53445.0,45.946666666666665,28.866666666666664,0.023170000000000003,0.004999999999999982,0.11392009380184359,2,51.64666666666666,88
10.204,0.03939543120708018,0.6233333333333334,0.015275252316517957,6.360853333333334,0.17825266262622447,53786.1,47.04999999999999,27.426666666666666,0.010856000000000065,0.0010000000000000675,0.11825983057895545,2,54.592000000000006,88
10.176,0.05381449618822278,0.6166666666666666,0.0208166599946603,6.275946666666666,0.24548298624006415,53786.1,47.47,26.836666666666662,-0.005920000000000014,-0.0014000000000000234,0.11668126124417688,2,50.66,88
10.249333333333334,0.12453647390754416,0.6366666666666667,0.035118845842841744,6.52828,0.43814358742312354,54612.5,47.57333333333333,26.766666666666666,0.02017800000000003,0.007200000000000007,0.11953601215816602,2,57.95500000000001,88
10.269333333333334,0.12613220577364076,0.64,0.03605551275463918,6.575399999999999,0.4492750159980007,54612.5,48.14666666666667,25.386666666666667,0.03066000000000004,0.008199999999999985,0.12039880249388887,2,55.769999999999996,88
10.250666666666667,0.15698832228329673,0.6333333333333333,0.04725815626252556,6.497026666666667,0.5804668139810734,54612.5,48.25666666666666,26.346666666666668,-0.055526000000000054,-0.015200000000000014,0.1189637482795768,2,48.70066666666666,88
10.18,0.11048981853542914,0.6133333333333334,0.03511884584284179,6.24632,0.42585580282533114,54612.5,48.65,25.576666666666664,-0.024496000000000028,-0.0064000000000000055,0.11437318611698574,2,51.68733333333333,88
10.166666666666666,0.09000740710255864,0.61,0.029999999999999204,6.2034666666666665,0.3598810144107924,54612.5,49.02333333333333,25.75,0.035988,0.008999999999999985,0.11358852054284503,2,54.69866666666666,88
10.06,0.26692320993123414,0.5833333333333334,0.07371114795831969,5.8814400000000004,0.8875889463034178,54612.5,48.66,25.046666666666667,-0.06622399999999998,-0.02059999999999995,0.10769205416243238,2,40.650000000000006,88
10.100000000000001,0.2983420855326871,0.5933333333333334,0.08082903768654735,6.00872,0.9792857838241142,54612.5,48.31999999999999,25.75666666666667,0.0010240000000000028,0.0016000000000000014,0.11002261345637984,2,54.86933333333334,88
10.169333333333334,0.3686154274217585,0.6133333333333334,0.1026320287889374,6.262373333333334,1.2547688241797128,54612.5,48.63999999999999,25.41,0.12233999999999998,0.03540000000000001,0.11466713053243857,2,61.03999999999999,88
10.413333333333334,0.10920317455698149,0.6833333333333332,0.03785938897200058,7.118533333333333,0.46662556695205515,54612.5,49.77666666666667,24.71666666666667,0.043107999999999966,0.009999999999999964,0.13034384050341644,2,62.053999999999995,88
10.468000000000002,0.01833030277951198,0.7066666666666667,0.005773502691887412,7.3974,0.0641591645830076,54612.5,51.11333333333334,23.623333333333335,0.0048059999999999995,-0.0006000000000000227,0.1354500260924497,2,61.841,88
10.442666666666668,0.05064911976848417,0.7033333333333333,0.011547005383792509,7.34504,0.15409450087524318,54612.5,51.373333333333335,22.74,-0.013938000000000006,-0.004999999999999982,0.13449128878390876,2,59.73099999999999,88
10.393333333333334,0.05619015334845578,0.6966666666666667,0.011547005383792509,7.241079999999999,0.15662392154454563,54612.5,51.72666666666667,22.126666666666665,-0.01431600000000004,-0.005600000000000005,0.1325877301399837,2,59.45499999999999,88
10.345333333333334,0.04026578365465769,0.6833333333333332,0.011547005383792478,7.069559999999999,0.1423021911285781,54612.5,51.43,21.956666666666667,-0.013067999999999946,-0.0040000000000000036,0.12944711472438133,2,57.553,88
10.321333333333335,0.016653327995449867,0.6766666666666667,0.011547005383792518,6.984226666666667,0.13025470023507385,54612.5,51.306666666666665,22.103333333333335,-0.01114399999999991,-0.0011999999999999567,0.12788461949273838,2,57.59766666666667,88
10.296,0.027999999999841596,0.6633333333333334,0.011547005383792509,6.829893333333334,0.1371122420986969,54612.5,51.589999999999996,21.42,-0.011738000000000026,-0.002200000000000024,0.1250587003823841,2,55.596666666666664,88
10.258666666666667,0.060177515180712855,0.65,0.019999999999999928,6.668933333333334,0.24413092334510675,54612.5,52.22333333333333,20.543333333333333,-0.024412000000000055,-0.0060000000000000496,0.12211144375169757,2,53.528999999999996,88
10.194666666666668,0.07000952316167716,0.63,0.019999999999999785,6.423573333333333,0.24798001317311427,54612.5,52.656666666666666,20.423333333333332,-0.024797999999999966,-0.006999999999999939,0.11761878168096411,2,51.463666666666676,88
10.114666666666666,0.08637900979593602,0.6066666666666667,0.025166114784235555,6.1376800000000005,0.306547825958707,54612.5,52.76666666666666,21.166666666666668,-0.030478000000000005,-0.00860000000000003,0.11238393437520029,2,48.44933333333333,88
10.024000000000001,0.09999999999997021,0.5833333333333334,0.025166114784235402,5.849,0.3105893829479929,54612.5,52.53333333333333,21.48,-0.030909999999999993,-0.010000000000000054,0.10709806183452811,2,46.312000000000005,88
9.930666666666667,0.09018499505642871,0.5566666666666668,0.025166114784235225,5.52956,0.2992755599777918,54612.5,51.79,22.22,-0.029829999999999978,-0.008999999999999985,0.10124895859082463,2,43.477666666666664,88
9.834666666666665,0.09434687770842654,0.5333333333333333,0.02516611478423507,5.246706666666667,0.2971318961898224,54612.5,51.153333333333336,22.383333333333336,-0.02960400000000001,-0.009399999999999941,0.09606977517768808,2,41.378,88
9.729333333333335,0.11814115850680205,0.5033333333333333,0.030550504633038097,4.8994800000000005,0.3553895597791693,54612.5,50.43666666666667,23.13,-0.035077999999999984,-0.011799999999999944,0.08971188442418085,2,37.63133333333333,88
9.616000000000001,0.11620671237065718,0.47333333333333333,0.03511884584284152,4.554293333333334,0.3932185821313274,54612.5,49.833333333333336,23.45,-0.039180000000000034,-0.011600000000000055,0.0833913470723051,2,34.848,88
9.024000000000001,0.9229171143715984,0.34,0.19974984355438147,3.1910399999999997,2.012171909952045,43581.4,47.656666666666666,25.786666666666665,-0.182008,-0.08240000000000003,0.07321854693637798,2,7.296666666666667,88
8.413333333333334,0.949014927876971,0.21333333333333335,0.19655363983740706,1.9190666666666665,1.96151949644489,29920.833333333332,44.50999999999999,30.45,-0.17409599999999997,-0.08639999999999999,0.06413599879686516,2,5.831999999999999,88
7.745333333333334,0.23152825601497215,0.09333333333333334,0.015275252316510331,0.7251466666666667,0.13953193374075784,15675.266666666668,41.143333333333324,35.81333333333333,-0.013780000000000004,-0.023,0.04625761235668356,2,5.0,88
7.224,0.7302273618538282,0.08,0.009999999999985605,0.58252,0.12696568985400836,12048.033333333333,38.83333333333333,39.913333333333334,-0.012605999999999992,-0.06899999999999999,0.04834578707558837,2,3.7310000000000003,88
6.518666666666667,0.9261130240598799,0.07,0.009999999999985285,0.46244,0.1308225852064781,10894.166666666666,37.673333333333325,42.339999999999996,-0.013019999999999999,-0.092,0.04244450903305748,2,2.83,88
5.778666666666667,0.5673846431948406,0.06333333333333334,0.005773502691870391,0.36804,0.06994023734666457,10137.5,37.08,43.48333333333333,-0.0065460000000000015,-0.05579999999999998,0.036301227992306555,2,2.64,88
5.053333333333334,0.746279661610403,0.056666666666666664,0.005773502691896254,0.2891333333333333,0.06861904497617546,9225.833333333334,36.35333333333333,46.0,-0.006430000000000001,-0.07200000000000002,0.03133613915933599,2,1.7583333333333333,88
4.589333333333333,0.5986161819841975,0.05333333333333334,0.00577350269189625,0.24706666666666668,0.060402759319778426,8025.266666666666,35.31333333333333,48.406666666666666,-0.005170000000000001,-0.05060000000000002,0.030782264896921777,2,1.7783333333333335,88
3.9146666666666667,0.5709267320185116,0.04,0.017320508075688773,0.16317333333333334,0.08492515606959133,6180.266666666666,34.23333333333333,54.56,-0.007294,-0.0482,0.026398041393889064,2,0.5426666666666666,88
5.948,3.8199246065858428,0.2333333333333333,0.34385074281340927,2.26004,3.674046837589319,21750.266666666666,38.426666666666655,48.35999999999999,0.31440999999999997,0.30260000000000004,0.1039038339529652,2,54.17999999999999,88
7.978666666666666,4.0899982070085725,0.43,0.35510561809129404,4.39904,3.753837274683073,37765.26666666667,43.69666666666666,41.126666666666665,0.328264,0.35519999999999996,0.11648066881555674,2,55.25333333333333,88
10.346666666666666,0.02309401076764177,0.6333333333333333,0.0057735026918960125,6.552933333333333,0.06826106747876064,54612.5,49.37,29.266666666666666,0.0012599999999999944,0.0019999999999999575,0.11998742679618288,2,54.38999999999999,87
10.321333333333333,0.06697263122601647,0.6266666666666667,0.015275252316519404,6.468679999999999,0.19730803126078733,54612.5,50.453333333333326,27.87,-0.01907800000000002,-0.005799999999999983,0.11844470689481539,2,52.07366666666666,87
10.276,0.07343023900276137,0.6133333333333334,0.015275252316519487,6.303346666666666,0.20179859398257313,54612.5,50.74666666666667,26.330000000000002,-0.01961999999999997,-0.0067999999999999615,0.11541737238350713,2,51.12,87
10.209333333333335,0.043878620458442257,0.6,0.010000000000000182,6.1258799999999995,0.1274337914370157,54612.5,50.93666666666667,26.406666666666666,-0.012721999999999989,-0.0041999999999999815,0.11216787058144964,2,49.95333333333333,87
10.168,0.05245950819444205,0.5866666666666666,0.015275252316519779,5.965733333333333,0.18467629337126334,54612.5,50.89666666666667,25.96666666666667,-0.018300000000000073,-0.005200000000000049,0.10923550648343969,2,48.06999999999999,87
10.100000000000001,0.07211102550929799,0.57,0.02000000000000039,5.757933333333334,0.24186990993786614,54612.5,50.9,26.26,-0.02416999999999998,-0.007000000000000029,0.10543058645450913,2,45.925,87
10.038666666666666,0.07379250187746675,0.5500000000000002,0.020000000000000653,5.522226666666666,0.24075639583062866,54612.5,50.21666666666666,26.5,-0.0240559999999999,-0.007199999999999917,0.10111468165685529,2,44.06066666666668,87
9.953333333333335,0.08043216603658136,0.5266666666666667,0.02516611478423661,5.243426666666667,0.29198045505368764,54612.5,49.73,27.08,-0.028949999999999986,-0.007799999999999941,0.0960097167672218,2,41.1,87
9.866666666666667,0.10802468853616992,0.5033333333333334,0.025166114784236828,4.968026666666667,0.30285141263227205,54612.5,49.10666666666666,27.916666666666668,-0.03012400000000004,-0.010800000000000054,0.09096700754697405,2,39.04,87
9.784,0.07110555533854757,0.48000000000000004,0.020000000000001548,4.697226666666666,0.228813221063309,54612.5,48.40666666666666,29.136666666666667,-0.022856000000000033,-0.006800000000000051,0.08600852658530705,2,37.29066666666667,87
9.621333333333332,0.21306649979134804,0.4366666666666667,0.05859465277082391,4.2096,0.6498073363698206,54612.5,47.01333333333333,30.820000000000004,-0.06078400000000002,-0.019200000000000016,0.07707984289598727,2,28.909333333333333,87
9.078666666666667,0.8385161497152793,0.3133333333333334,0.18175074506954159,2.946173333333333,1.8465777385567592,42306.1,44.833333333333336,34.24,-0.17901799999999998,-0.07980000000000001,0.06963779917161264,2,7.4543333333333335,87
8.522666666666668,0.7398846756984078,0.19666666666666668,0.15011106998930346,1.7500799999999999,1.4887375768751459,29656.100000000002,42.35333333333333,38.623333333333335,-0.129126,-0.06579999999999994,0.05901048989955187,2,7.3883333333333345,87
8.069333333333335,0.05856051001605236,0.1066666666666667,0.005773502691896256,0.8609066666666667,0.0515135140854239,16644.7,40.04333333333333,43.51333333333334,-0.004645999999999995,-0.005799999999999983,0.05171946308456037,2,6.6800000000000015,87
7.974666666666667,0.11188088904428925,0.10000000000000005,0.010000000000000007,0.7981733333333333,0.09018883596892806,15491.366666666667,38.34333333333333,47.35,-0.009014000000000005,-0.010600000000000031,0.051520426188380944,2,5.885999999999999,87
7.928000000000001,0.08428523002286525,0.09666666666666672,0.005773502691896276,0.7666400000000001,0.05245871519678491,14925.533333333333,37.26,50.28333333333333,-0.00048000000000000267,-0.004800000000000004,0.05136088754700802,2,6.6000000000000005,87
7.88,0.03666060555974797,0.09333333333333338,0.005773502691896276,0.7355999999999999,0.04885577141032459,14379.166666666666,36.53333333333333,52.22,0.00010800000000000254,0.001200000000000001,0.05115378820366013,2,5.904,87
7.910666666666668,0.03494757979232184,0.09333333333333338,0.005773502691896276,0.7383600000000001,0.04655427799996304,14332.800000000001,36.00666666666666,53.779999999999994,-0.003870000000000001,0.001000000000000023,0.051511811243354876,2,5.955,87
7.921333333333334,0.04314317249972093,0.09333333333333338,0.005773502691896261,0.7394266666666667,0.04839795588071007,13986.700000000003,35.71333333333333,54.53,0.004336000000000001,0.0040000000000000036,0.05286263407612878,2,6.626666666666667,87
7.938666666666667,0.014047538337396602,0.09333333333333338,0.005773502691896261,0.7409866666666667,0.04695564431919908,13475.566666666666,35.51333333333333,54.76333333333333,-7.199999999999984e-05,-0.0008000000000000007,0.054983341454425835,2,5.9430000000000005,87
7.9013333333333335,0.06503332479076246,0.09333333333333338,0.005773502691896261,0.7376266666666668,0.05004676746235653,12636.666666666666,35.46333333333333,54.80666666666667,-0.004533999999999999,-0.006199999999999983,0.05836731464141588,2,5.871,87
7.316,0.9711354179515909,0.08333333333333337,0.011547005383792507,0.6171333333333334,0.15889934088419982,11115.533333333333,35.39666666666667,54.81666666666667,-0.013971999999999998,-0.08640000000000003,0.055514908724542435,2,3.614333333333334,87
6.621333333333335,1.0600553444671403,0.0766666666666667,0.0115470053837925,0.51568,0.16401420914085899,9873.333333333334,35.169999999999995,55.846666666666664,-0.014785999999999999,-0.09940000000000002,0.052224285183809886,2,3.4066666666666667,87
5.632000000000001,0.6918612577677828,0.06666666666666671,0.005773502691896261,0.3780400000000001,0.07588910857365258,8425.566666666668,34.75,57.699999999999996,-0.007106000000000001,-0.06679999999999997,0.04486287416385481,2,2.43,87
5.253333333333334,0.51781592611019,0.06333333333333337,0.005773502691896261,0.33466666666666667,0.0644811083452949,7914.733333333334,34.24666666666666,59.75,-0.005260000000000003,-0.039000000000000014,0.04227866864304002,2,2.53,87
4.672000000000001,0.5087553439523002,0.0566666666666667,0.005773502691896254,0.26666666666666666,0.05391301636375721,7198.900000000001,33.93333333333333,60.89333333333334,-0.004340000000000001,-0.03820000000000001,0.0370375514474738,2,1.7066666666666668,87
4.881333333333334,0.7129918185599018,0.0566666666666667,0.005773502691896254,0.2792266666666667,0.06572185430614803,7270.0,33.76666666666666,61.4,0.0012840000000000017,0.02140000000000004,0.03840278732865723,2,2.744,87
5.149333333333334,0.93138463232617,0.0566666666666667,0.005773502691896254,0.29530666666666666,0.07918857830166096,7255.833333333333,33.78,61.64666666666667,0.007351999999999999,0.08839999999999999,0.04069359913644611,2,2.932,87
5.253333333333334,0.7558341969859225,0.0566666666666667,0.005773502691896254,0.3005066666666667,0.0702854674412727,7076.099999999999,33.589999999999996,62.51333333333333,-0.005443999999999999,-0.054000000000000006,0.042461837004799524,2,1.836666666666667,87
4.5053333333333345,1.3127091579376433,0.04666666666666671,0.015275252316519461,0.22318666666666667,0.12728288075558103,5508.033333333333,33.28666666666667,62.82,-0.012725999999999998,-0.13099999999999998,0.04051285464479552,2,0.811,87
3.632000000000001,0.6720357133367443,0.033333333333333375,0.015275252316519454,0.12753333333333336,0.0820442059711776,3829.433333333333,32.693333333333335,60.096666666666664,-0.0077760000000000025,-0.05820000000000001,0.03329475342215416,2,0.5406666666666667,87
3.2400000000000007,0.006928203230275515,0.023333333333333373,0.005773502691896201,0.07561333333333334,0.018798907772576916,2313.6,31.953333333333337,56.76666666666667,-0.001634,-0.0006000000000000005,0.03266799158961952,2,0.5386666666666667,87
3.0973333333333337,0.2437156813447455,0.01333333333333337,0.011547005383792516,0.04317333333333334,0.03738939600264196,1476.1000000000001,31.156666666666666,53.51333333333333,-0.0032440000000000004,-0.02140000000000002,0.02922844312052897,2,0.0,87
2.7800000000000007,0.4710329075553008,0.0066666666666667035,0.011547005383792514,0.02154666666666667,0.037319921401883054,564.1666666666666,30.463333333333328,53.776666666666664,-0.003232,-0.04700000000000002,0.03812444706576232,2,0.0,87
2.2880000000000007,0.5300113206338151,0.0,0.0,0.0,3.312773439619117e-07,82.76666666666667,29.926666666666666,54.879999999999995,0.0,-0.05299999999999999,0.0,2,0.0,87
1.577333333333334,0.8187535241654443,0.0,0.0,0.0,3.312773439619117e-07,5.833333333333333,29.473333333333333,56.776666666666664,0.0,-0.08039999999999999,0.0,2,0.0,87
0.9200000000000007,0.7465226051500399,0.0,0.0,0.0,3.312773439619117e-07,0.26666666666666666,29.159999999999997,58.09,0.0,-0.0718,0.0,2,0.0,87
0.43333333333333396,0.21741511753632986,0.0,0.0,0.0,3.312773439619117e-07,0.0,29.09,58.24000000000001,0.0,-0.019400000000000004,0.0,2,0.0,87
0.30266666666666725,0.015143755588897807,0.0,0.0,0.0,3.312773439619117e-07,0.0,29.173333333333332,57.48333333333333,0.0,-0.0014000000000000013,0.0,2,0.0,87
0.2933333333333339,0.002309401077397519,0.0,0.0,0.0,3.312773439619117e-07,0.0,29.249999999999996,57.02,0.0,-0.00020000000000000017,0.0,2,0.0,87
0.2933333333333339,0.002309401077397519,0.0,0.0,0.0,3.312773439619117e-07,0.0,29.323333333333334,57.153333333333336,0.0,0.00020000000000000017,0.0,2,0.0,87
0.2933333333333339,0.002309401077397519,0.0,0.0,0.0,3.312773439619117e-07,0.0,29.389999999999997,57.76333333333333,0.0,0.0,0.0,2,0.0,87
0.29466666666666724,0.0023094010773971625,0.0,0.0,0.0,3.312773439619117e-07,0.0,29.403333333333332,59.31333333333333,0.0,0.0,0.0,2,0.0,87
0.29600000000000054,0.004000000000368539,0.0,0.0,0.0,3.312773439619117e-07,0.0,29.336666666666662,60.85999999999999,0.0,0.00040000000000000034,0.0,2,0.0,87
0.2973333333333339,0.002309401077396486,0.0,0.0,0.0,3.312773439619117e-07,0.0,29.319999999999997,61.79,0.0,0.0,0.0,2,0.0,87
0.29866666666666725,0.0023094010773961294,0.0,0.0,0.0,3.312773439619117e-07,0.0,29.376666666666665,61.64333333333334,0.0,0.0,0.0,2,0.0,87
0.29866666666666725,0.0023094010773961294,0.0,0.0,0.0,3.312773439619117e-07,0.0,29.406666666666666,61.833333333333336,0.0,0.00020000000000000017,0.0,2,0.0,87
0.3013333333333339,0.002309401077395416,0.0,0.0,0.0,3.312773439619117e-07,0.0,29.323333333333334,61.73666666666667,0.0,0.00020000000000000017,0.0,2,0.0,87
0.30666666666666725,0.008326663998040787,0.0,0.0,0.0,3.312773439619117e-07,0.0,28.756666666666664,65.92333333333333,0.0,0.0008000000000000007,0.0,2,0.0,87
0.31066666666666726,0.006110100926847569,0.0,0.0,0.0,3.312773439619117e-07,0.0,28.156666666666666,69.44333333333334,0.0,0.00040000000000000034,0.0,2,0.0,87
0.31466666666666726,0.0023094010773918134,0.0,0.0,0.0,3.312773439619117e-07,0.0,27.51,73.98666666666666,0.0,0.0,0.0,2,0.0,87
0.31466666666666726,0.0023094010773918134,0.0,0.0,0.0,3.312773439619117e-07,0.0,27.31,74.71333333333332,0.0,0.00020000000000000017,0.0,2,0.0,87
0.31466666666666726,0.0023094010773918134,0.0,0.0,0.0,3.312773439619117e-07,0.0,27.186666666666667,75.55666666666666,0.0,-0.00020000000000000017,0.0,2,0.0,87
0.31200000000000055,0.004000000000366047,0.0,0.0,0.0,3.312773439619117e-07,0.0,27.12333333333333,76.11666666666666,0.0,-0.00040000000000000034,0.0,2,0.0,87
0.3093333333333339,0.0023094010773932034,0.0,0.0,0.0,3.312773439619117e-07,0.0,27.03666666666666,75.82333333333334,0.0,-0.00020000000000000017,0.0,2,0.0,87
0.30666666666666725,0.0023094010773939164,0.0,0.0,0.0,3.312773439619117e-07,0.0,26.936666666666667,75.36333333333333,0.0,-0.00020000000000000017,0.0,2,0.0,87
0.30400000000000055,0.004000000000367261,0.0,0.0,0.0,3.312773439619117e-07,0.0,26.919999999999998,74.50333333333333,0.0,-0.00040000000000000034,0.0,2,0.0,87
0.30266666666666725,0.00230940107739495,0.0,0.0,0.0,3.312773439619117e-07,0.0,26.95333333333333,73.89999999999999,0.0,0.0,0.0,2,0.0,87
1.929333333333334,2.8186247237497466,0.020000000000000035,0.03464101615137754,0.10368,0.17957902772904208,2841.1,27.896666666666665,71.33333333333333,0.015552,0.24420000000000003,0.03648006755568066,2,2.5919999999999996,87
3.945333333333334,3.2067437274177886,0.04333333333333337,0.03785938897200183,0.2518,0.2280262826958894,5656.099999999999,29.006666666666664,67.91333333333334,0.022218,0.30219999999999997,0.04451043821039049,2,3.703,87
6.524000000000001,1.43611141629053,0.08000000000000003,0.0264575131106459,0.5466,0.30004197306393793,10030.533333333333,30.30333333333333,63.76666666666666,0.028668,0.14279999999999995,0.05448818060382926,2,7.37,87
7.478666666666666,0.9791942265624964,0.09666666666666672,0.023094010767585025,0.7380133333333333,0.2543116272084921,11776.1,31.096666666666664,61.156666666666666,0.022045999999999996,0.085,0.0626651156340129,2,7.377333333333333,87
8.057333333333334,0.023437861108158337,0.11333333333333336,0.005773502691896256,0.9132533333333331,0.04921530385386484,13920.533333333333,31.909999999999997,58.89666666666667,0.004283999999999999,0.002200000000000024,0.06560005363393878,2,8.084,87
8.08,0.0301993377409486,0.11333333333333338,0.005773502691896256,0.9157466666666667,0.04716962299434032,14383.866666666667,32.68666666666667,57.326666666666675,0.0003300000000000081,0.0030000000000000248,0.06366042090530327,2,7.432333333333334,87
8.148000000000001,0.0908625335327572,0.12000000000000004,0.010000000000000007,0.9782400000000001,0.09071567009119133,15170.533333333333,33.21333333333333,56.17333333333334,0.005134000000000011,0.008400000000000052,0.06447865080655439,2,8.939666666666668,87
8.244000000000002,0.13218169313483022,0.1333333333333334,0.02516611478423584,1.1013866666666667,0.2251888250633792,16570.266666666666,33.74,55.383333333333326,0.022381999999999996,0.013199999999999967,0.06646363786312855,2,11.162666666666667,87
8.374666666666668,0.12402150351178054,0.1566666666666667,0.025166114784235846,1.3140933333333333,0.22967801578170652,18594.166666666668,34.43333333333334,53.74333333333333,0.022861999999999993,0.012399999999999967,0.07066854290093304,2,12.75,87
8.490666666666668,0.11428619047514761,0.18000000000000005,0.02000000000000005,1.52984,0.19024005046279066,20678.899999999998,35.223333333333336,51.72,0.019023999999999996,0.011399999999999988,0.07397714689142598,2,14.333333333333334,87
8.596000000000002,0.09406380813037228,0.20000000000000004,0.02000000000000005,1.7204533333333334,0.19068040416732798,21697.8,36.016666666666666,49.68666666666667,0.01906800000000001,0.00940000000000003,0.07928794833508458,2,15.928,87
8.676,0.07076722405172207,0.22000000000000006,0.020000000000000025,1.9096533333333336,0.18880578522230881,23653.63333333333,36.68333333333333,48.29333333333333,0.018879999999999997,0.007000000000000029,0.08073062500792658,2,17.479999999999997,87
8.749333333333334,0.06649310741211517,0.24000000000000002,0.02000000000000005,2.1007200000000004,0.19093911909317135,25860.0,37.403333333333336,46.879999999999995,0.019091999999999998,0.0065999999999999835,0.08123119755616566,2,19.110000000000003,87
8.798666666666668,0.051432804058484854,0.25000000000000006,0.010000000000000106,2.1999333333333335,0.09811469478833477,28425.266666666666,38.123333333333335,45.35333333333333,0.005570000000000008,0.004800000000000004,0.07739086384892846,2,18.408333333333335,87
8.818666666666667,0.018036999010872815,0.25333333333333335,0.005773502691896434,2.234066666666667,0.0514083002384591,29811.36666666667,38.856666666666676,43.35666666666666,-0.0046599999999999975,-0.0009999999999999788,0.07493758183125349,2,18.333333333333336,87
8.794666666666666,0.044241760061264464,0.25,0.0,2.1986666666666665,0.011060440018738274,30209.7,39.20666666666667,42.449999999999996,-0.001100000000000012,-0.004400000000000048,0.07277774651585917,2,18.224999999999998,87
8.826666666666668,0.09485427419635996,0.26333333333333336,0.023094010767585025,2.3257600000000003,0.22917323753019847,31274.13333333333,39.49333333333333,41.196666666666665,0.019513999999999986,0.0065999999999999835,0.07436451110253728,2,21.58566666666667,87
8.92,0.16632498309028731,0.2866666666666667,0.03511884584284249,2.56096,0.36019610880750685,33211.1,39.836666666666666,40.423333333333325,0.03593000000000002,0.01660000000000004,0.0771092463288982,2,24.213333333333335,87
9.045333333333334,0.1005849558001433,0.31000000000000005,0.017320508075688922,2.805186666666667,0.18624773323022964,35200.833333333336,40.27,39.81666666666666,0.016470000000000005,0.009600000000000008,0.07968865257964786,2,24.330666666666666,87
9.002666666666668,0.1734512419480392,0.30000000000000004,0.03464101615137754,2.7047733333333337,0.3601044500327653,34338.33333333333,40.306666666666665,39.596666666666664,-0.03082800000000001,-0.01379999999999999,0.07876604088605876,2,19.075333333333333,87
9.014666666666669,0.182486529183162,0.3033333333333334,0.03785938897200182,2.7390000000000003,0.3921868065094318,35127.49999999999,40.53,39.623333333333335,0.004430000000000001,-0.00040000000000004474,0.07797087834664165,2,25.069000000000003,87
9.158666666666667,0.37781124034802827,0.3433333333333333,0.09073771725877464,3.16732,0.9676523813849989,39471.933333333334,41.43333333333333,38.56,0.09577999999999998,0.037599999999999946,0.08024029968214508,2,35.038666666666664,87
9.441333333333333,0.2858064613218431,0.41333333333333333,0.07371114795831983,3.916453333333333,0.8038077584431377,47366.1,43.07333333333333,36.516666666666666,0.07640799999999999,0.02679999999999998,0.0826829874181306,2,37.803666666666665,87
9.648,0.0900666419934698,0.4633333333333334,0.0208166599946608,4.471453333333333,0.24098405037133425,52640.53333333333,44.75,33.86666666666667,0.02343200000000003,0.009000000000000074,0.08494154805521116,2,38.944,87
9.369333333333335,0.5639054294235109,0.3966666666666667,0.13576941236277532,3.7675066666666663,1.451951483670644,46666.666666666664,45.56666666666667,32.02333333333333,-0.12218199999999999,-0.04659999999999993,0.08073055577380485,2,17.44,87
9.238666666666667,0.5083358469883029,0.36333333333333334,0.12013880860626734,3.3974266666666666,1.2904806027730096,44622.23333333334,46.10999999999999,31.34,-0.06235400000000002,-0.023800000000000043,0.07613582461154392,2,28.551666666666662,87
9.342666666666668,0.6678482861648406,0.39333333333333337,0.16623276853055574,3.7487866666666663,1.8386280799915418,44622.23333333334,46.70666666666667,30.23,0.18172799999999995,0.06639999999999997,0.08400974977907621,2,47.727999999999994,87
9.766666666666667,0.4396786705462457,0.5033333333333334,0.11547005383792501,4.949666666666666,1.319457363817932,52403.333333333336,47.89333333333334,28.823333333333334,0.113462,0.036600000000000056,0.09445147665905491,2,47.461999999999996,87
9.981333333333334,0.07259017380688208,0.56,0.017320508075688707,5.590319999999999,0.21032313424829158,54612.5,48.81666666666666,27.653333333333332,-0.018959999999999956,-0.007200000000000007,0.1023615040237304,2,44.568000000000005,87
10.041333333333334,0.16753905017431958,0.5800000000000001,0.04582575694955841,5.82908,0.5598337653268346,54612.5,49.20333333333334,27.416666666666668,0.037410000000000034,0.011799999999999944,0.10673331685389145,2,53.697,87
10.142666666666667,0.20946917036478893,0.6033333333333335,0.05507570547286106,6.127079999999999,0.678492214251583,54612.5,50.14666666666667,26.26666666666667,0.06206399999999999,0.01959999999999997,0.11218984317064462,2,54.91199999999999,87
10.272,0.03815756805640912,0.6366666666666668,0.005773502691897405,6.539986666666667,0.08344847831651969,54612.5,51.120000000000005,24.650000000000002,0.007161999999999979,0.0032000000000000028,0.11975036697275705,2,54.89066666666667,87
10.283999999999999,0.01743559577357464,0.6333333333333334,0.011547005383793081,6.513333333333333,0.12960990908623893,54612.5,52.083333333333336,23.78,-0.01128800000000001,-0.0016000000000000014,0.11926233135274855,2,53.03066666666666,87
10.290666666666667,0.026025628394196705,0.63,0.010000000000000623,6.483213333333333,0.11244275580642608,54612.5,51.30333333333334,24.52,-0.0043899999999999825,0.0012000000000000454,0.11871081936395457,2,54.159,87
10.176,0.19915822855202348,0.6000000000000001,0.043588989435406705,6.111386666666667,0.5583641196686515,54612.5,50.81333333333333,25.336666666666662,-0.04461399999999993,-0.015799999999999946,0.1119024905319503,2,45.595000000000006,87
10.149333333333333,0.18643318731737,0.5966666666666667,0.041633319989322605,6.060906666666667,0.5302903722804602,54612.5,50.77333333333333,25.596666666666664,-0.014342000000000032,-0.006600000000000073,0.1109781769464815,2,51.76866666666666,87
10.085333333333333,0.12265942007572729,0.5833333333333334,0.030550504633038787,5.8856,0.3781018931452453,54612.5,51.57333333333333,24.746666666666666,0.025087999999999954,0.008800000000000007,0.10776822580497497,2,49.77633333333333,87
10.170666666666667,0.041633319989084844,0.6066666666666668,0.015275252316519425,6.170626666666666,0.18029838527659586,54612.5,52.156666666666666,24.48,0.005712000000000028,0.0010000000000000675,0.11298720401854243,2,52.72066666666667,87
10.093333333333334,0.12876852617512446,0.5833333333333335,0.0404145188432737,5.891240000000001,0.48145571426665873,54612.5,51.76333333333333,24.63333333333333,-0.02995399999999999,-0.00860000000000003,0.10787149697419139,2,44.784,87
9.981333333333334,0.20954553999862086,0.5500000000000002,0.06557438524301988,5.498893333333334,0.7727769461709878,54612.5,51.04,25.866666666666664,-0.076518,-0.02080000000000002,0.10068743686695295,2,39.967666666666666,87
9.496,0.65295635382465,0.42333333333333334,0.1607275126832158,4.089906666666667,1.7477810939970082,47914.166666666664,49.02,28.383333333333336,-0.16372800000000004,-0.06020000000000003,0.08535724596596068,2,17.496,87
9.264000000000001,0.5200461517980705,0.35666666666666674,0.12583057392117894,3.34756,1.3594370499585686,45768.9,46.25666666666667,32.49,-0.08245399999999999,-0.026600000000000002,0.07313889696066629,2,26.22533333333334,87
9.301333333333334,0.577336412616868,0.36333333333333345,0.1365039681962883,3.431853333333333,1.4952247468970639,45768.9,45.14666666666667,33.82333333333334,0.14747400000000005,0.057600000000000054,0.07498057311318865,2,42.075,87
9.349333333333334,0.5104403327846596,0.37333333333333346,0.12342339054382392,3.5322933333333335,1.365468031311384,46301.96666666667,44.69333333333333,34.63333333333333,-0.037310000000000024,-0.01820000000000004,0.07628654463464905,2,20.007,87
9.160000000000002,0.6489252653426143,0.3366666666666667,0.15143755588800709,3.1493599999999997,1.6574063434173463,39743.066666666666,45.336666666666666,33.54333333333333,-0.152538,-0.06059999999999999,0.07924101039819781,2,16.652000000000005,87
8.592,0.35779323638099847,0.21000000000000008,0.07211102550927904,1.8215200000000003,0.6849956577965121,27333.63333333333,43.55666666666667,36.64333333333334,-0.06676800000000001,-0.034799999999999984,0.06663780625067833,2,8.879,87
8.425333333333334,0.24768797575442542,0.17333333333333342,0.05131601439446767,1.4688133333333333,0.4789936856926346,22126.13333333333,41.96,39.18,-0.03277600000000001,-0.014800000000000058,0.0663806427704146,2,11.189333333333334,87
8.331999999999999,0.11805083650695847,0.15333333333333343,0.020816659994658263,1.2791866666666667,0.19007768657424504,19753.36666666667,40.43666666666666,42.05666666666667,0.018194,0.010599999999999988,0.06475462809066687,2,11.911333333333333,87
8.308,0.15954936540140996,0.1500000000000001,0.02645751311064349,1.2489866666666667,0.24130369026066986,19190.86666666667,39.88333333333333,43.01,-0.01839199999999999,-0.013399999999999945,0.06507895705819826,2,8.124,87
7.634666666666668,1.102682789080039,0.12000000000000006,0.04999999999999863,0.9500933333333332,0.49212837728932207,15326.4,39.23666666666667,44.57333333333333,-0.049166,-0.10179999999999997,0.061986594812775374,2,3.717,87
7.505333333333334,0.9828719821692627,0.10000000000000007,0.026457513110643177,0.7677066666666666,0.2823995023604395,12905.566666666666,38.36,46.19333333333333,-0.0046340000000000044,-0.005200000000000049,0.059481865820241384,2,7.351666666666666,87
7.448,0.9324634041076372,0.09333333333333342,0.020816659994657812,0.7078133333333333,0.23083805694344395,11972.5,37.37,48.50666666666667,0.017457999999999998,0.079,0.05911499004746593,2,6.626666666666667,87
7.534666666666666,0.7824712987281611,0.09333333333333342,0.020816659994657812,0.71388,0.2205274295866418,12349.166666666666,36.813333333333325,49.5,-0.020897999999999996,-0.06939999999999999,0.05780326851189593,2,3.868666666666667,87
7.470666666666667,0.7289481005759847,0.08666666666666674,0.015275252316514606,0.6546533333333334,0.17102234863732113,11678.033333333333,36.55,49.916666666666664,-0.004533999999999999,-0.006199999999999983,0.05605372590768073,2,5.871,87
7.454666666666667,0.713462916578946,0.08333333333333341,0.011547005383786035,0.6267066666666667,0.1407418194191968,11298.866666666667,36.49,49.946666666666665,0.012355999999999997,0.06360000000000002,0.05546142137370353,2,5.928,87
6.681333333333335,2.052254695044779,0.07666666666666673,0.023094010767585025,0.5438266666666667,0.2842732047404872,10153.866666666667,36.29666666666666,50.72,-0.024446000000000002,-0.1758,0.05355330449111428,2,1.7966666666666669,87
6.570666666666668,1.9666716384117968,0.07333333333333342,0.02081665999466132,0.50888,0.260053791358815,9507.766666666666,36.096666666666664,51.800000000000004,-0.005583999999999994,-0.020399999999999974,0.05351692999092066,2,4.9973333333333345,87
5.757333333333335,1.6121406059439563,0.06333333333333341,0.01527525231651946,0.38104000000000005,0.19748934553564107,8328.866666666667,35.61666666666667,52.696666666666665,0.005612000000000001,0.057600000000000005,0.045743829433044156,2,2.732,87
6.802666666666667,1.1595677355520628,0.0733333333333334,0.011547005383792502,0.5077866666666667,0.15585021184915804,9486.933333333332,35.38999999999999,52.69,-0.00019200000000000328,-0.002400000000000002,0.053519206852212294,2,4.965333333333334,87
5.442666666666668,2.0160846543072917,0.06000000000000008,0.019999999999999997,0.35344000000000003,0.23066789980423416,7514.433333333333,34.91,54.326666666666675,-0.00956,-0.10240000000000002,0.0470285590096823,2,1.1386666666666667,87
4.837333333333334,2.2638774996305244,0.053333333333333406,0.023094010767585032,0.2928,0.2624813532426581,6375.0,34.443333333333335,55.15,-0.022496,-0.19,0.04592220828105395,2,1.2160000000000002,87
3.509333333333334,0.12246360003431704,0.04,0.0,0.14037333333333335,0.004898544011487013,4423.333333333333,33.65333333333333,58.303333333333335,9.599999999999886e-05,0.002400000000000002,0.03172756724176901,2,1.1546666666666665,87
3.4600000000000004,0.19003157632359996,0.036666666666666736,0.005773502691896259,0.12750666666666668,0.025782857355860563,4165.0,33.07333333333333,59.629999999999995,-0.0023940000000000016,-0.019000000000000017,0.030606497039526327,2,0.8169999999999998,87
3.322666666666667,0.12343959386423133,0.030000000000000072,0.010000000000000002,0.10043999999999999,0.036978458595507906,3363.6,32.61,62.10666666666666,-0.0036919999999999995,-0.011399999999999988,0.029851988349283716,2,0.5393333333333333,87
3.2360000000000007,0.032000000000525344,0.020000000000000073,0.010000000000000004,0.06493333333333333,0.0330005171691826,2227.2000000000003,32.236666666666665,62.85,-0.0032999999999999995,-0.0031999999999999806,0.029141609071597397,2,0.267,87
2.997333333333334,0.38600172711189873,0.010000000000000073,0.010000000000000005,0.032253333333333335,0.03236052739733959,1127.7666666666667,31.856666666666666,63.99333333333334,-0.003236,-0.03420000000000001,0.02857395977910995,2,0.0,87
3.3360000000000007,0.857652610326601,0.020000000000000073,0.026457513110645908,0.08154666666666667,0.1146205589474824,5607.5,31.03333333333333,67.22000000000001,0.009028,0.05239999999999998,0.014539835368934058,2,1.771666666666667,87
4.754666666666667,2.4923124469723605,0.04333333333333341,0.0404145188432738,0.2698,0.3024837846895224,10302.233333333334,30.793333333333333,68.83333333333333,0.02984,0.24539999999999998,0.02618595457089522,2,4.973333333333333,87
6.588000000000001,2.044575261515215,0.07666666666666673,0.025166114784235832,0.5382,0.3006146370356801,13706.933333333334,31.22666666666667,68.13333333333333,0.02963,0.19,0.03926193591059192,2,6.710000000000001,87
7.9973333333333345,0.512192672080863,0.12000000000000006,0.0529150262212918,0.9761333333333333,0.48780394969026336,17998.866666666665,32.806666666666665,63.24666666666666,0.04648,0.051000000000000024,0.05423003133356544,2,12.72,87
8.541333333333334,0.5227057808493523,0.19333333333333338,0.10066445913694332,1.6864000000000001,0.9711361593515494,21827.766666666666,34.67,58.169999999999995,0.09612000000000001,0.052000000000000046,0.0772558535143992,2,22.730000000000004,87
8.917333333333334,0.38128904171681516,0.2700000000000001,0.07937253933193772,2.4278,0.7950863349348088,29904.733333333334,36.52333333333333,53.53666666666666,0.07515,0.03499999999999996,0.08118175779003357,2,25.245,87
9.072000000000001,0.1192644121269718,0.3066666666666667,0.020816659994661244,2.783586666666667,0.22315114280100645,25277.233333333334,38.223333333333336,49.57333333333333,-0.006692000000000009,-0.007399999999999985,0.11011792754504204,2,21.61466666666667,87
8.942666666666668,0.23800280110395136,0.2833333333333334,0.05033222956847165,2.5416933333333334,0.5157150288031158,28541.100000000002,39.46666666666667,47.60999999999999,-0.05137399999999999,-0.023799999999999953,0.0890506771867989,2,16.68266666666667,87
8.853333333333335,0.13031244504393416,0.2666666666666668,0.03214550253664319,2.36368,0.3171330370681491,28817.46666666667,40.663333333333334,44.56666666666666,-0.004919999999999991,-0.0016000000000000014,0.08201963093109278,2,20.794666666666668,87
8.958666666666668,0.28092229055973256,0.2900000000000001,0.06557438524301995,2.6102933333333334,0.6732385601949711,38127.46666666667,41.776666666666664,42.14666666666667,0.06658399999999998,0.027799999999999957,0.06846048534166073,2,27.779999999999998,87
9.092,0.17431006855598444,0.32000000000000006,0.03999999999999983,2.9140800000000002,0.4191205726280452,41634.433333333334,42.803333333333335,39.22,0.02089599999999998,0.00959999999999992,0.06999038479244042,2,24.27733333333333,87
9.265333333333334,0.1640650277582748,0.3600000000000001,0.03999999999999978,3.339893333333333,0.4297945580546464,46562.76666666666,43.583333333333336,38.24333333333333,0.021960000000000025,0.00860000000000003,0.07172730155707621,2,31.44,87
9.508000000000001,0.446873583913825,0.4233333333333335,0.1167618659209132,4.059826666666667,1.313789569959124,50512.5,44.88666666666666,37.20333333333334,0.129006,0.04420000000000002,0.08037112191130424,2,45.778333333333336,87
9.792,0.31217943558149636,0.49666666666666676,0.08386497083606062,4.880813333333333,0.9613541368992845,53153.6,46.61000000000001,35.20000000000001,0.080172,0.026199999999999956,0.09182297173402365,2,44.802,87
10.0,0.05106858133900328,0.5533333333333335,0.015275252316517862,5.533853333333333,0.1812578818516863,54612.5,48.17666666666667,32.57333333333334,0.011925999999999926,0.0033999999999999807,0.10132757163216666,2,47.76599999999999,87
10.037333333333335,0.0737925018772988,0.56,0.017320508075687295,5.62172,0.21296143876304321,54612.5,49.18666666666667,29.8,0.01903799999999998,0.007200000000000007,0.10293645344099903,2,47.974999999999994,87
10.088,0.027999999999590876,0.5733333333333334,0.005773502691896279,5.783853333333333,0.06937402780116415,54612.5,49.96,27.75,0.006536000000000053,0.002600000000000069,0.10590519438112067,2,48.855333333333334,87
10.138666666666667,0.0601775151805868,0.5866666666666668,0.020816659994661337,5.948840000000001,0.24651497642135461,54612.5,50.94333333333333,26.46666666666667,0.023494000000000036,0.005400000000000027,0.10892618125555038,2,51.890666666666675,87
10.173333333333334,0.05661566332128696,0.6000000000000001,0.017320508075688763,6.104653333333334,0.20959324543828223,54612.5,51.913333333333334,25.48,0.01809000000000003,0.004800000000000004,0.11177919989257848,2,51.87033333333334,87
10.168000000000001,0.06584831053243567,0.5966666666666667,0.023094010767585067,6.067920000000001,0.27321641824754833,54612.5,52.4,25.106666666666666,-0.02372200000000002,-0.005799999999999983,0.11110659452333217,2,47.937000000000005,87
10.165333333333335,0.06354001363951224,0.6000000000000001,0.02645751311064591,6.100293333333333,0.3053350692818498,54612.5,52.74,25.459999999999997,0.004977999999999971,-0.0002000000000000668,0.1116993661518367,2,52.7,86
10.157333333333334,0.05745723047023299,0.5966666666666668,0.02516611478423586,6.06148,0.2886057712520995,54612.5,52.60666666666666,25.26,0.01777799999999998,0.0043999999999999595,0.1109886749613191,2,50.9,86
10.197333333333335,0.016165807536551852,0.6100000000000001,0.009999999999999726,6.22044,0.10827345381032628,54612.5,52.50333333333333,24.863333333333333,-0.004734000000000016,0.0006000000000000227,0.11389931061001402,2,51.910999999999994,86
10.186666666666667,0.02274496281177534,0.6033333333333335,0.0057735026918960125,6.146039999999999,0.07221238674921247,54612.5,52.81333333333333,23.796666666666667,-0.00036000000000000474,-0.0006000000000000227,0.1125370100799253,2,50.839999999999996,86
10.193333333333333,0.022744962811772674,0.6066666666666668,0.005773502691895876,6.1840399999999995,0.07218080631315614,54612.5,53.43333333333334,22.939999999999998,-0.0003659999999999997,-0.0006000000000000227,0.11323280873776631,2,51.849999999999994,86
10.169333333333334,0.03002221399746052,0.6033333333333335,0.0057735026918960125,6.1356,0.07529462132196371,54612.5,54.04666666666666,22.413333333333338,-0.0008399999999999519,-0.0013999999999999347,0.11234584855392898,2,50.7,86
10.162666666666668,0.03257811126062143,0.6000000000000001,0.00999999999999992,6.0977733333333335,0.11794470794974958,54612.5,54.28333333333333,21.64,-0.011734,-0.00259999999999998,0.11165322371452725,2,49.89433333333333,86
10.121333333333334,0.039463062898236374,0.5866666666666668,0.015275252316519607,5.938213333333334,0.17556854539852407,54612.5,53.903333333333336,21.74,-0.01703400000000004,-0.0032000000000000028,0.10873160177123484,2,47.861,86
10.009333333333336,0.1814313460604647,0.5566666666666668,0.04163331998932282,5.5768933333333335,0.5142507424723444,54612.5,53.923333333333325,21.28,-0.04936399999999996,-0.017199999999999972,0.10211565516462659,2,41.667,86
9.865333333333334,0.18767347530568831,0.5233333333333334,0.04163331998932295,5.168066666666667,0.5123392022218898,54612.5,53.35,22.13,-0.04912399999999999,-0.01800000000000006,0.09462983816577711,2,39.67366666666667,86
9.782666666666668,0.05896891836650966,0.5033333333333334,0.011547005383794015,4.924386666666667,0.14176772740424995,54612.5,53.25333333333334,22.576666666666668,0.0006119999999999681,0.0011999999999999567,0.09016793771991664,2,41.769,86
9.673333333333334,0.17983696320088874,0.47000000000000014,0.052915026221292294,4.55276,0.5916695347912013,54612.5,52.48,23.673333333333336,-0.043784000000000003,-0.011999999999999922,0.0833632709861115,2,32.376333333333335,86
9.654666666666666,0.17606059562922693,0.46000000000000013,0.05000000000000055,4.4470133333333335,0.5635677525669571,54612.5,52.63333333333333,23.47,-0.02843399999999998,-0.008399999999999963,0.08142699759827395,2,37.03,86
9.566666666666668,0.09202898094252614,0.4400000000000001,0.02645751311064708,4.210853333333334,0.2905909849485595,54612.5,52.589999999999996,23.703333333333333,0.020931999999999996,0.0043999999999999595,0.07710279204470202,2,35.864999999999995,86
9.562666666666667,0.09800680248492946,0.4400000000000001,0.02645751311064708,4.2092133333333335,0.2933489398879325,54612.5,52.98333333333334,23.316666666666663,-0.02816799999999999,-0.009799999999999986,0.07707276283946889,2,32.33533333333333,86
9.473333333333334,0.08637900979590725,0.4200000000000001,0.026457513110647177,3.9802800000000005,0.28689414633282934,54612.5,52.923333333333325,23.849999999999998,-0.027349999999999985,-0.00860000000000003,0.07288088110082673,2,31.306666666666665,86
9.358666666666666,0.12536878931106843,0.38666666666666677,0.03214550253664439,3.621346666666667,0.3470465797747909,54612.5,52.64666666666667,24.03333333333333,-0.03266200000000001,-0.012199999999999989,0.06630863553272849,2,26.891666666666662,86
8.904000000000002,0.7015753701492072,0.29333333333333345,0.143643076176102,2.678933333333333,1.4328002000744524,43616.666666666664,51.26666666666667,25.763333333333332,-0.13519,-0.06459999999999999,0.0614185383598389,2,8.774999999999999,86
8.76,0.5861740355901137,0.25666666666666677,0.11372481406154705,2.2928,1.118754897196013,41941.1,49.76666666666667,27.293333333333333,-0.03142999999999998,-0.012999999999999989,0.054665836951416365,2,21.653333333333336,86
8.565333333333333,0.43433320542336606,0.21333333333333346,0.08020806277010725,1.85044,0.7738872610400481,40493.6,47.39666666666667,30.646666666666665,0.042345999999999995,0.02679999999999998,0.04569596933912176,2,15.832666666666665,86
8.593333333333334,0.38975547890098444,0.21333333333333346,0.08020806277010724,1.8540800000000004,0.768266357977536,40787.5,45.370000000000005,33.78,-0.07672400000000001,-0.03880000000000008,0.04545594959363547,2,8.866,86
8.32,0.2745468994543668,0.16000000000000011,0.051961524227067686,1.34068,0.4843244912247089,30970.833333333332,42.913333333333334,37.26666666666667,-0.04208599999999999,-0.024799999999999933,0.04328707266279577,2,8.818333333333333,86
8.096,0.1164130576868876,0.12000000000000012,0.017320508075688773,0.9728400000000003,0.15282828534036993,19673.066666666666,41.29333333333333,40.26666666666667,-0.013375999999999994,-0.010999999999999944,0.04944783488246796,2,6.636666666666667,86
7.904000000000001,0.2710276738637862,0.10333333333333344,0.025166114784235843,0.8210800000000003,0.22579387768511203,16091.933333333334,40.12,42.81,-0.022478000000000005,-0.026600000000000047,0.05102115214131255,2,5.071999999999999,86
7.764,0.18203296404777236,0.08666666666666678,0.011547005383792561,0.6742133333333337,0.10591155051935729,12858.333333333334,39.056666666666665,45.46666666666667,-0.008940000000000003,-0.012200000000000034,0.05242988231634613,2,5.1466666666666665,86
7.817333333333334,0.27142095227404595,0.09333333333333345,0.023094010767585025,0.733706666666667,0.2089102748392565,13475.266666666668,38.42666666666667,47.06666666666667,0.018312000000000005,0.025800000000000045,0.054444356498337836,2,8.124,86
7.94,0.2043917806566937,0.1000000000000001,0.01999999999999999,0.7966933333333337,0.17864172562257946,14616.666666666666,38.11666666666667,47.91,0.009000000000000003,0.012800000000000011,0.054502086516315905,2,6.646666666666667,86
8.004,0.10873821775260384,0.10333333333333344,0.015275252316519458,0.828186666666667,0.1340433442339179,15688.6,37.876666666666665,48.73,-0.013140000000000008,-0.010600000000000031,0.052785709429600945,2,5.933999999999999,86
7.601333333333334,0.5943781063711495,0.08666666666666678,0.015275252316519484,0.6646000000000003,0.16204379161227125,12919.433333333334,37.38333333333333,50.12,-0.015674,-0.05299999999999998,0.05143790326949821,2,4.0343333333333335,86
6.444,1.752342432288862,0.07000000000000012,0.020000000000000025,0.4738000000000003,0.24360400325134934,10226.1,36.40333333333333,52.73,-0.024343999999999998,-0.17040000000000002,0.046327893537757556,2,1.8766666666666665,86
5.724,1.2062437564605508,0.06000000000000011,0.010000000000000063,0.3514800000000003,0.12957711526378748,8330.266666666666,35.63666666666666,54.20333333333334,-0.006950000000000003,-0.05820000000000003,0.04218806263953464,2,2.876,86
6.010666666666666,1.651265373382906,0.06333333333333345,0.015275252316519505,0.3974666666666669,0.20355236115903358,8748.6,35.27,55.17000000000001,0.019844,0.16360000000000002,0.04542683856023898,2,5.183999999999999,86
7.181333333333335,1.2436419634819995,0.08000000000000011,0.020000000000000028,0.5896000000000003,0.2299667593372618,11126.1,35.63666666666666,54.39666666666667,0.022824000000000004,0.11320000000000001,0.052987750626848,2,6.6800000000000015,86
7.929333333333335,0.1331665623696429,0.09333333333333345,0.011547005383792565,0.7410933333333336,0.10307342108135177,13173.9,36.06333333333333,54.11333333333334,0.008876000000000005,0.011000000000000032,0.05625039532241866,2,6.663333333333334,86
7.841333333333335,0.28538628792103865,0.09333333333333345,0.011547005383792518,0.7340533333333337,0.11526654559504135,12845.0,36.446666666666665,53.410000000000004,-0.010032000000000008,-0.02520000000000002,0.057142560589548,2,5.007999999999999,86
7.070666666666668,1.208055186377413,0.08000000000000011,0.02,0.5809333333333336,0.2293367457112261,10773.333333333334,36.5,53.06666666666667,-0.022868000000000006,-0.11460000000000004,0.053918262537512016,2,2.852,86
5.686666666666667,1.834061431177645,0.06333333333333345,0.01527525231651947,0.37846666666666695,0.20677394162083854,7815.266666666666,36.18000000000001,53.873333333333335,-0.020437999999999994,-0.18339999999999998,0.04842038825014503,2,1.6016666666666668,86
4.3213333333333335,1.2163968650623112,0.05000000000000011,0.010000000000000012,0.22369333333333363,0.10635653498219938,5805.566666666667,35.593333333333334,54.69333333333333,-0.01028,-0.11439999999999999,0.03852419961308179,2,1.1386666666666667,86
3.492000000000001,0.3208239392565674,0.03666666666666678,0.015275252316519479,0.13105333333333363,0.06412278638222846,3903.9,34.803333333333335,56.77333333333333,-0.0063939999999999995,-0.031399999999999983,0.03356125210205988,2,0.536,86
3.280000000000001,0.11784735890169934,0.023333333333333445,0.015275252316519477,0.0776800000000003,0.053544986694257404,2551.9666666666667,34.03333333333333,58.77333333333333,-0.005228000000000001,-0.010399999999999987,0.03042734596351969,2,0.26733333333333337,86
3.109333333333334,0.17786886555393236,0.010000000000000111,0.010000000000000014,0.03213333333333363,0.032160033168858466,1297.2333333333333,33.336666666666666,61.38,-0.003216,-0.015600000000000013,0.024751585487971066,2,0.0,86
2.8240000000000003,0.42962309062725623,0.0033333333333334446,0.005773502691896282,0.01069333333333363,0.01852139663800577,548.9,32.67666666666667,63.15,-0.0016040000000000002,-0.042400000000000014,0.01944595987149233,2,0.0,86
2.5226666666666673,0.3314292282425543,0.0,0.0,0.0,2.9853809881734974e-07,159.43333333333334,32.27,64.26666666666667,0.0,-0.030000000000000006,0.0,2,0.0,86
1.7920000000000005,0.9357264557551727,0.0,0.0,0.0,2.9853809881734974e-07,27.766666666666666,31.923333333333332,65.41,0.0,-0.0824,0.0,2,0.0,86
2.0866666666666673,1.2799145804831917,0.0033333333333334446,0.005773502691896258,0.010813333333333631,0.01872924273488733,516.3666666666667,31.27,67.27,0.0016220000000000002,0.04700000000000002,0.02090071516010624,2,0.27033333333333337,86
2.416000000000001,1.4759024357999158,0.013333333333333445,0.015275252316519466,0.043733333333333624,0.05033923850657594,1920.2666666666667,30.426666666666666,69.63,0.004938,0.129,0.022762760678719053,2,0.823,86
3.289333333333334,0.04406056437948968,0.02666666666666678,0.01527525231651947,0.0881600000000003,0.051248867305415426,3707.5,29.656666666666666,71.21,0.0050420000000000005,0.004399999999999982,0.02377241472293388,2,1.1106666666666667,86
3.329333333333334,0.03607399802403877,0.036666666666666785,0.005773502691896274,0.1222000000000003,0.02030972181216853,5164.466666666667,29.456666666666667,71.80333333333333,0.00179,0.0036000000000000034,0.023657107457215925,2,1.1213333333333333,86
3.434666666666667,0.1509613637108387,0.043333333333333446,0.005773502691896259,0.14941333333333362,0.026842871184370037,6058.066666666667,29.606666666666666,71.43666666666667,0.0023559999999999996,0.013800000000000012,0.02465946350372999,2,1.5033333333333334,86
3.8320000000000007,0.6115815562949017,0.05333333333333345,0.015275252316519472,0.21054666666666697,0.09472876930172776,7472.5,29.94666666666667,70.77999999999999,0.009106000000000001,0.05800000000000001,0.02817243148011868,2,2.6390000000000002,86
5.328,2.23331502480059,0.0700000000000001,0.019999999999999997,0.40125333333333363,0.27314308728836184,9369.699999999999,30.41,69.62333333333333,0.026313999999999997,0.2122,0.04281999566023176,2,5.888999999999999,86
6.808,1.9804282365185637,0.09000000000000012,0.019999999999999983,0.6362133333333335,0.29077595040411247,12113.6,31.069999999999997,67.88666666666667,0.02843,0.1762,0.05251624761307295,2,7.377333333333333,86
8.0,0.13078226179417327,0.10333333333333344,0.011547005383792486,0.8276533333333336,0.10480501005874007,13798.866666666667,31.793333333333333,66.01,0.009216000000000002,0.012399999999999967,0.059975458700084076,2,7.425,86
8.082666666666666,0.03002221399782683,0.11333333333333344,0.005773502691896256,0.9160933333333335,0.048500991055972845,15157.199999999999,32.57,63.949999999999996,0.004336000000000001,0.00259999999999998,0.060435495859226925,2,8.1,86
8.102666666666666,0.004618802153517779,0.11666666666666677,0.0057735026918962614,0.9453200000000003,0.047044948720110995,15405.266666666668,33.13,62.38333333333333,0.004098000000000002,0.00040000000000004474,0.06135944680519617,2,8.108,86
8.148000000000001,0.07631513611335654,0.1266666666666668,0.011547005383792521,1.032666666666667,0.10424746967389753,16436.399999999998,33.54,61.04666666666666,0.009052000000000015,0.006800000000000051,0.06282420983042739,2,9.60866666666667,86
8.262666666666666,0.16957987301956975,0.14333333333333345,0.02516611478423584,1.1871600000000004,0.2331401261046132,20949.733333333334,34.06666666666667,59.63666666666666,0.023126000000000015,0.016800000000000016,0.056664364970518154,2,11.962333333333335,86
8.426666666666668,0.1826179983827796,0.16666666666666677,0.025166114784235815,1.4075066666666671,0.24169714713542925,24452.766666666666,35.35,56.66,0.02404799999999998,0.01819999999999995,0.05755786770408923,2,13.616666666666665,86
8.530666666666667,0.07943131204589707,0.18000000000000013,0.009999999999999948,1.5360400000000005,0.09928553570420218,26658.600000000002,36.68,53.22666666666667,0.005157999999999985,0.00519999999999996,0.05761676844363757,2,12.822,86
8.685333333333332,0.194579889334258,0.20666666666666678,0.03785938897200179,1.7998800000000001,0.3729571063809712,26058.600000000002,37.550000000000004,50.63,0.02965,0.015399999999999992,0.0690678291301478,2,18.558333333333334,86
8.888,0.33045423283716313,0.2500000000000001,0.06999999999999998,2.2374000000000005,0.7040176145524071,30583.899999999998,38.513333333333335,47.76333333333334,0.07039600000000001,0.03300000000000001,0.07315374580266736,2,24.55466666666667,86
9.118666666666668,0.18314293143151864,0.3000000000000001,0.043588989435406664,2.7409200000000005,0.44801681575589886,35887.5,39.73666666666667,44.93333333333334,0.04111000000000002,0.01660000000000004,0.07637321147442776,2,25.410000000000004,86
9.201333333333332,0.04239496825484227,0.3200000000000001,0.009999999999999568,2.9447066666666672,0.10543221772013302,40871.4,41.57,40.66,-0.005410000000000003,-0.00259999999999998,0.072046336076831,2,23.653000000000002,86
9.181333333333333,0.05096403960960381,0.31333333333333346,0.01527525231651921,2.8773200000000005,0.1560902661925243,42857.5,42.79,38.74,-0.015240000000000031,-0.004600000000000026,0.06713534071421073,2,22.869999999999997,86
9.190666666666667,0.06709197666881776,0.3133333333333334,0.01527525231651921,2.8804000000000003,0.16118561226130906,46708.9,43.906666666666666,36.49333333333334,0.011004000000000014,0.005600000000000005,0.0616657282503281,2,25.487000000000005,86
9.416,0.3652286954772225,0.3700000000000001,0.09643650760992946,3.5074000000000005,1.061268373975238,50789.73333333334,44.870000000000005,35.126666666666665,0.09874800000000002,0.03420000000000005,0.06905590389848018,2,39.328,86
9.72,0.40770577626517646,0.4533333333333334,0.1123981020005823,4.436933333333333,1.2612237767079113,53687.23333333334,46.06,33.49666666666667,0.12372799999999999,0.03959999999999999,0.08264256537900606,2,46.108333333333334,86
9.968000000000002,0.12019983361048284,0.5233333333333334,0.03785938897200124,5.219613333333334,0.4378263077218618,54612.5,46.803333333333335,32.453333333333326,0.03435600000000001,0.008999999999999985,0.09557368294164144,2,45.054,86
10.064,0.054110997033753196,0.5533333333333333,0.015275252316517648,5.569293333333334,0.18366933912156766,54612.5,47.65333333333333,30.76,0.011769999999999925,0.002999999999999936,0.1019764954330584,2,48.06999999999999,86
10.112,0.0962496753240569,0.5633333333333335,0.020816659994659894,5.697733333333333,0.26313566792313,54612.5,48.373333333333335,28.63,0.02559199999999997,0.009600000000000008,0.10432829489656098,2,49.31933333333333,86
10.184,0.056709787514903846,0.5866666666666668,0.020816659994659707,5.975266666666666,0.24045188236599094,54612.5,49.48,27.150000000000002,0.023534000000000034,0.005400000000000027,0.10941006649759981,2,51.99233333333333,86
10.257333333333333,0.07259017380691166,0.6033333333333334,0.020816659994659516,6.189399999999999,0.24997042705090525,54612.5,50.50333333333333,26.22,0.024624000000000024,0.0067999999999999615,0.11333095296950388,2,53.42333333333333,86
10.276,0.05768882040728564,0.6166666666666668,0.005773502691889102,6.337026666666667,0.0883753479955985,54612.5,51.29333333333333,25.25,0.006106000000000033,0.0016000000000000014,0.11603406972024623,2,53.010000000000005,86
10.266666666666667,0.0702376916855725,0.6133333333333334,0.011547005383792509,6.2973333333333334,0.15556469179522606,54612.5,51.589999999999996,24.58,-0.014540000000000042,-0.007000000000000029,0.1153072652976523,2,50.99999999999999,86
10.253333333333334,0.05033222956831669,0.6133333333333334,0.011547005383792509,6.289066666666667,0.1469401692300093,54612.5,51.35666666666666,24.430000000000003,0.0012399999999999967,0.002000000000000046,0.11515589857208688,2,53.21666666666667,86
10.268,0.05892367945049044,0.6166666666666668,0.015275252316519498,6.332506666666667,0.1914495498384452,54612.5,51.21,24.30666666666667,0.018576000000000058,0.005200000000000049,0.11595130630094515,2,54.096,86
10.292,0.01743559577369339,0.6266666666666668,0.005773502691896503,6.449626666666667,0.056016702271212165,54612.5,51.45666666666667,23.483333333333334,0.004267999999999983,-0.0014000000000000234,0.11809583100637512,2,53.928,86
10.276000000000002,0.026229754096902015,0.6266666666666668,0.005773502691896279,6.439706666666667,0.07298369498279561,54612.5,51.833333333333336,22.7,-0.006763999999999992,-0.00259999999999998,0.11791419093569662,2,52.96866666666668,86
10.270666666666665,0.018036999010849458,0.6200000000000001,0.010000000000000023,6.3677600000000005,0.09834733550030418,54612.5,51.89333333333334,22.439999999999998,-0.00978399999999997,0.0008000000000000007,0.11659681214351765,2,52.29733333333334,86
10.276000000000002,0.020784609690440308,0.6133333333333334,0.005773502691896279,6.302533333333334,0.04651133768602789,54612.5,51.99666666666667,22.05333333333333,-0.004028000000000009,0.0017999999999999794,0.11540247985083055,2,52.29733333333334,86
10.254666666666667,0.05773502691896237,0.6066666666666668,0.005773502691896279,6.2213866666666675,0.09403881184566705,54612.5,51.96666666666667,21.97,-0.008144000000000018,-0.004999999999999982,0.11391664454149007,2,50.94,86
10.218666666666666,0.06017751518078224,0.6033333333333334,0.005773502691896279,6.165493333333334,0.09545462866380792,54612.5,52.35999999999999,22.233333333333334,-0.008384000000000036,-0.005400000000000027,0.11289321016476392,2,50.9,86
10.164000000000001,0.034871191548320274,0.5933333333333334,0.011547005383792509,6.030906666666667,0.1377074076923492,54612.5,52.76666666666667,22.626666666666665,-0.012043999999999989,-0.0032000000000000028,0.11042886221660701,2,48.93266666666667,86
10.124,0.05599999999999519,0.5800000000000001,0.0199999999999999,5.872666666666667,0.23496088979519208,54612.5,53.45666666666667,22.383333333333336,-0.02349599999999996,-0.005600000000000005,0.1075314101214291,2,46.984,86
10.073333333333332,0.048221710186726253,0.5666666666666668,0.011547005383792289,5.708560000000001,0.14191655012723764,54612.5,53.67666666666667,21.45,-0.012811999999999957,-0.004800000000000004,0.10452653647907571,2,46.79733333333334,86
10.009333333333332,0.06989515958442571,0.5466666666666669,0.023094010767585067,5.472800000000002,0.26710930197209376,54612.5,53.63333333333333,20.849999999999998,-0.023672000000000006,-0.0067999999999999615,0.10020965512190214,2,43.03866666666667,86
9.917333333333334,0.11868164699452094,0.5233333333333334,0.0351188458428425,5.192800000000001,0.4095267747046855,54612.5,53.46333333333333,20.953333333333333,-0.04088000000000007,-0.011800000000000033,0.09508271764307362,2,39.983999999999995,86
9.802666666666667,0.12434360994169213,0.49333333333333346,0.025166114784235742,4.838066666666666,0.30852957157030936,54612.5,53.43,21.573333333333334,-0.03065800000000003,-0.012400000000000055,0.08858737613715778,2,37.928999999999995,86
9.68,0.1140526194350559,0.4666666666666668,0.025166114784235583,4.519240000000001,0.29627852571529395,54612.5,52.99,22.400000000000002,-0.029495999999999967,-0.011399999999999988,0.08274950332793177,2,35.068000000000005,86
9.573333333333332,0.10630772941480035,0.4433333333333334,0.025166114784235458,4.24596,0.2884833693647373,54612.5,52.333333333333336,23.326666666666668,-0.02866200000000001,-0.010599999999999988,0.07774561234859514,2,33.152,86
9.482666666666667,0.07655934517307382,0.4166666666666668,0.025166114784235333,3.9523600000000005,0.26967298418646757,54612.5,51.04,24.453333333333333,-0.026874,-0.007599999999999963,0.07236965219222355,2,30.589000000000006,86
9.378666666666668,0.11372481406152771,0.3900000000000001,0.029999999999999465,3.65988,0.32389507189835137,52958.333333333336,49.46666666666666,26.42,-0.03237599999999998,-0.010999999999999944,0.06910736539986656,2,27.755999999999997,86
8.9,0.752510465043506,0.2866666666666668,0.15373136743466922,2.6284533333333338,1.520307844791108,49096.93333333333,47.15,29.51,-0.13933600000000002,-0.06880000000000006,0.053534907782948116,2,7.366333333333333,86
8.398666666666667,0.7417744490971123,0.18666666666666676,0.15044378795195648,1.6421333333333337,1.464892607849939,35668.6,44.223333333333336,34.06666666666667,-0.13094999999999998,-0.06720000000000001,0.04603733524719464,2,5.931,86
7.921333333333333,0.10861552989016701,0.09666666666666678,0.011547005383787792,0.7664933333333336,0.10180616353347578,23741.100000000002,41.50666666666667,38.43666666666667,-0.009007999999999999,-0.010799999999999966,0.032284142233978186,2,5.865,86
7.844,0.0559999999998954,0.09,0.0,0.7059600000000003,0.0050400000071626075,13835.0,39.453333333333326,42.086666666666666,-0.0004680000000000017,-0.005200000000000005,0.051023417172593254,2,5.853,86
7.6626666666666665,0.2587766089377505,0.08666666666666678,0.005773502691896256,0.6650933333333336,0.06579877607832854,13079.433333333334,38.36,44.413333333333334,-0.005734,-0.02280000000000002,0.050846429654471205,2,4.909333333333333,86
7.585333333333334,0.22001212087819474,0.08333333333333344,0.0057735026918962614,0.6328400000000003,0.060869158036505416,12442.5,37.800000000000004,45.96666666666667,-0.004765999999999998,-0.01080000000000001,0.05085707397436415,2,5.058666666666667,86
7.629333333333334,0.2882313885289412,0.08333333333333344,0.005773502691896256,0.6368000000000003,0.0676608956493559,12452.233333333332,37.51666666666666,46.50333333333333,0.006256,0.028600000000000004,0.05113531425573548,2,5.952,86
7.942666666666667,0.35804655190815954,0.10666666666666676,0.03785938897200183,0.8556266666666671,0.3419537403412979,15114.466666666667,37.56,46.54,0.031928,0.03580000000000001,0.05660603708342892,2,10.38,86
8.110666666666667,0.18470877979490508,0.1200000000000001,0.03000000000000001,0.9769600000000004,0.2657294624238513,16683.333333333332,37.91,45.276666666666664,0.01284,0.007800000000000029,0.058555531136994805,2,8.092,86
8.182666666666666,0.10927640794481981,0.13333333333333344,0.015275252316519479,1.0921333333333336,0.1401136072385583,18022.766666666666,38.02333333333333,45.04,-0.009292,-0.007600000000000051,0.06059406746277601,2,8.831333333333333,86
8.045333333333334,0.13613718571104128,0.11333333333333344,0.02081665999466134,0.9136933333333337,0.18166052882616834,15189.433333333334,37.92,44.68,-0.013038,-0.010000000000000009,0.060149260609199236,2,5.919,86
6.827999999999999,2.0721505736794295,0.0900000000000001,0.04,0.6640133333333336,0.42079200055776506,11924.166666666666,36.78,44.70666666666667,-0.041888,-0.18559999999999993,0.05568168159774149,2,1.8500000000000003,86
5.190666666666667,2.4151400235459066,0.056666666666666775,0.030550504633038923,0.3431600000000003,0.3240008962951748,7320.566666666667,35.406666666666666,47.64666666666667,-0.030654000000000004,-0.2326,0.04686975009902256,2,0.8100000000000002,86
3.6360000000000006,0.6963102756673857,0.03333333333333344,0.015275252316519435,0.1279200000000003,0.08309408643266489,4376.966666666666,33.46666666666666,52.49,-0.007872,-0.06060000000000001,0.029219043848361943,2,0.538,86
3.2320000000000007,0.006928203229572991,0.02333333333333344,0.0057735026918961495,0.0754400000000003,0.01884471278846667,2965.8666666666663,32.14666666666667,57.583333333333336,-0.0016320000000000002,-0.0006000000000000005,0.02542749926971226,2,0.538,86
3.2306666666666666,0.0046188021535169465,0.02333333333333344,0.005773502691896256,0.0754000000000003,0.01877543075617174,2761.4,31.366666666666664,59.49666666666667,0.0016259999999999996,0.00040000000000000034,0.02729510570518401,2,0.8089999999999999,86
3.2306666666666666,0.0046188021535169465,0.02333333333333343,0.005773502691896256,0.0754000000000003,0.01877543075617174,2463.6,31.38333333333333,59.04666666666666,0.0,0.0,0.030593199707863467,2,0.538,86
3.2293333333333334,0.006110100926607671,0.0200000000000001,0.01,0.06462666666666696,0.03242005140978743,1933.8666666666668,31.336666666666662,58.596666666666664,-0.0032419999999999997,-0.0006000000000000005,0.033401095682734534,2,0.2686666666666667,86
3.1933333333333334,0.05661566332149895,0.013333333333333435,0.005773502691896259,0.04269333333333364,0.018943171155155574,1133.8666666666666,30.95,57.45666666666667,-0.0016640000000000001,-0.0050000000000000044,0.03761969100628589,2,0.2606666666666667,86
3.1186666666666665,0.11029656990737902,0.006666666666666769,0.005773502691896258,0.02117333333333363,0.018342925977438043,640.0,30.61,56.78333333333334,-0.0016120000000000002,-0.01100000000000001,0.03303172126885122,2,0.0,86
2.9653333333333336,0.1850549467950897,0.003333333333333435,0.005773502691896257,0.010426666666666964,0.01805951642248202,364.43333333333334,30.459999999999997,57.51333333333334,-0.001564,-0.018200000000000015,0.028532336039406084,2,0.0,86
2.7466666666666666,0.2664232222110784,0.0,0.0,0.0,2.840546257461465e-07,201.1,30.399999999999995,58.836666666666666,0.0,-0.026600000000000002,0.0,2,0.0,86
2.3453333333333335,0.49432512917444715,0.0,0.0,0.0,2.840546257461465e-07,88.03333333333335,30.223333333333333,58.876666666666665,0.0,-0.048199999999999986,0.0,2,0.0,86
1.6173333333333335,0.959135722060926,0.0,0.0,0.0,2.840546257461465e-07,15.266666666666666,30.153333333333336,59.406666666666666,0.0,-0.09459999999999999,0.0,2,0.0,86
3.749333333333334,4.474668851807174,0.07333333333333343,0.12701705922171766,0.6503200000000003,1.1263872811782247,14283.066666666666,30.426666666666666,64.17666666666666,0.097548,0.35340000000000005,0.04552765085573205,2,16.258,86
6.117333333333334,4.795505117642284,0.15666666666666676,0.13650396819628846,1.3923200000000004,1.2136012471978035,22381.966666666664,32.43,65.28333333333335,0.1113,0.4162,0.06220444415321773,2,18.55,86
8.677333333333335,0.3618692213125195,0.20333333333333345,0.05686240703077326,1.7777866666666668,0.5554302769325712,27794.2,34.49,63.866666666666674,-0.039728,-0.030400000000000028,0.06396020415995088,2,9.636666666666667,86
8.593333333333334,0.32259778879175405,0.19666666666666677,0.05507570547286101,1.7018666666666669,0.5351190272578555,20724.466666666667,36.51,56.89333333333334,-0.025139999999999996,-0.014400000000000013,0.08211475736774725,2,14.360000000000001,86
8.306666666666667,0.2888413636121553,0.1500000000000001,0.04582575694955842,1.2548133333333338,0.4277566604196817,16347.799999999997,37.41,53.78,-0.013578000000000002,-0.010799999999999966,0.07675262608468719,2,7.373666666666667,86
8.321333333333333,0.2863936684588702,0.1500000000000001,0.04582575694955842,1.256866666666667,0.42706227055711543,16798.633333333335,37.43333333333334,53.36333333333334,-0.028032,-0.01559999999999997,0.07481512493328228,2,9.688,86
8.242666666666667,0.17619685960121292,0.13333333333333344,0.020816659994661382,1.101466666666667,0.19345558387754191,15611.4,37.373333333333335,53.89000000000001,0.018608000000000003,0.016800000000000016,0.07055075879856186,2,10.475000000000001,86
8.388,0.08827230596283625,0.15333333333333346,0.015275252316519489,1.2870533333333338,0.14192685627955876,18792.5,36.81,55.14333333333334,0.01395200000000001,0.008800000000000007,0.06848396165340856,2,12.013333333333335,86
8.957333333333333,0.9147356630925304,0.2800000000000001,0.2080865204668481,2.6349466666666674,2.2287174214182883,28381.93333333333,37.62,52.946666666666665,0.197462,0.08159999999999998,0.09283560073659292,2,43.385333333333335,86
9.54,0.9198173731779586,0.4133333333333334,0.21126602503321096,4.072746666666667,2.2859030409300756,39246.93333333333,39.45666666666666,48.663333333333334,0.20644,0.08239999999999999,0.10376971016732944,2,46.42,86
10.085333333333333,0.06379132647417976,0.5400000000000001,0.017320508075688263,5.446813333333334,0.20836875133606886,50546.93333333333,41.973333333333336,42.86000000000001,0.017878000000000015,0.00519999999999996,0.10775541103559792,2,46.36500000000001,86
9.757333333333333,0.6316496919443048,0.46333333333333343,0.15011106998930274,4.584106666666667,1.7025975948923935,45967.200000000004,43.81666666666666,39.43666666666667,-0.14761400000000002,-0.05499999999999998,0.09972343199574199,2,21.817666666666664,86
9.270666666666665,0.7538841644001646,0.35333333333333344,0.17387735140993307,3.3629600000000006,1.938868140333438,38148.333333333336,44.026666666666664,39.629999999999995,-0.18284200000000003,-0.07240000000000002,0.08815252341674824,2,15.891333333333332,86
9.12,0.5043332231768998,0.31666666666666676,0.1123981020005825,2.9257466666666665,1.2024834238081545,35880.26666666666,44.35,39.393333333333324,0.08170200000000001,0.03179999999999996,0.08153967065451054,2,35.434666666666665,86
9.534666666666666,0.8097835101638802,0.4166666666666668,0.18610033136277146,4.0732,2.082535019825605,43211.666666666664,44.949999999999996,37.89333333333333,0.20767600000000003,0.08020000000000005,0.09425939925021985,2,50.504000000000005,86
10.074666666666667,0.3557377311072503,0.5433333333333334,0.08962886439832497,5.495146666666667,1.0779219989096376,52344.43333333333,46.61666666666667,34.22666666666667,0.09603199999999998,0.031200000000000026,0.1049785304416877,2,51.44,86
10.269333333333334,0.020132891827400173,0.5933333333333334,0.005773502691895712,6.0932,0.06929824240201743,54612.5,47.79333333333333,31.869999999999994,-0.0007080000000000197,-0.0012000000000000454,0.1115694837357064,2,50.385999999999996,86
10.298666666666668,0.05675679107678388,0.6000000000000001,0.009999999999999695,6.179573333333333,0.13676585148837817,54612.5,49.11666666666667,29.113333333333333,0.007339999999999991,0.0035999999999999587,0.113151021877985,2,52.66333333333333,86
9.841333333333333,0.8033164590205626,0.4933333333333334,0.18502252115170553,4.954133333333334,2.1327717692555272,49395.833333333336,49.906666666666666,27.080000000000002,-0.17749199999999996,-0.06659999999999995,0.10029252887330836,2,20.804000000000002,86
9.894666666666668,0.8478899299633976,0.5066666666666668,0.19655363983740756,5.124373333333334,2.2789168407235376,49395.833333333336,50.07333333333333,26.13,0.011872000000000016,0.002400000000000002,0.10373890364092166,2,54.642,86
9.941333333333333,0.8891554044897525,0.5233333333333334,0.21126602503321096,5.327840000000001,2.4591104850331584,49395.833333333336,50.449999999999996,26.25,0.22167599999999998,0.07919999999999998,0.10785792611537179,2,57.75,86
10.398666666666667,0.1063077294148206,0.6333333333333334,0.02516611478423527,6.587573333333334,0.3282268711323556,54612.5,51.02333333333333,26.0,-0.01406799999999997,-0.005999999999999961,0.12062170220427797,2,52.29733333333334,86
10.372,0.11264102272263657,0.6300000000000002,0.02645751311064539,6.536346666666667,0.34683966862707133,54612.5,51.873333333333335,25.2,-0.026332000000000067,-0.00860000000000003,0.11968371678553229,2,53.36133333333333,86
10.317333333333332,0.02571640202935045,0.6166666666666668,0.005773502691894238,6.362453333333335,0.07518882186427883,54612.5,51.900000000000006,25.986666666666668,0.006631999999999971,0.002400000000000002,0.11649964447129986,2,53.40266666666666,86
10.287999999999998,0.0763151361133697,0.6066666666666668,0.023094010767585067,6.24256,0.2828201294109146,54612.5,51.18666666666667,26.58,-0.02436799999999999,-0.0064000000000000055,0.11430433867084147,2,49.3,86
10.121333333333332,0.26297781909000817,0.5633333333333335,0.066583281184794,5.713346666666666,0.81541092102899,54612.5,50.07,28.213333333333335,-0.07963,-0.025400000000000044,0.10461418269597567,2,40.131,86
9.832,0.36601639307550915,0.49000000000000005,0.09000000000000007,4.83964,1.0646015615243203,54214.166666666664,49.38666666666668,28.043333333333333,-0.10643999999999995,-0.036599999999999966,0.08926727145847872,2,31.560000000000006,86
9.817333333333332,0.3441240086558037,0.49000000000000005,0.09000000000000007,4.831133333333334,1.05172471100253,54214.166666666664,49.50333333333333,27.953333333333333,0.05373800000000002,0.01640000000000006,0.08911036579554923,2,49.08733333333333,86
9.92,0.3915711940375659,0.5166666666666667,0.1011599393699568,5.1517333333333335,1.1830694838991287,54214.166666666664,50.413333333333334,26.853333333333335,0.09951599999999994,0.033399999999999964,0.09502384019232012,2,48.145999999999994,85
10.134666666666668,0.02203028218921312,0.5733333333333334,0.0057735026918962025,5.810613333333333,0.06950394904855674,54612.5,51.526666666666664,26.296666666666667,-0.0063320000000000485,-0.002200000000000024,0.10639518312016871,2,48.03199999999999,85
10.077333333333334,0.08171495171225875,0.5566666666666668,0.023094010767584987,5.6109599999999995,0.2767277015407251,54612.5,52.03,25.700000000000003,-0.024299999999999943,-0.007599999999999963,0.10273943255788404,2,44.096000000000004,85
9.988,0.12204917041915585,0.5333333333333335,0.03511884584284246,5.329786666666667,0.41624134793812734,54612.5,51.81666666666667,25.886666666666667,-0.04149199999999995,-0.012199999999999989,0.09759101076962047,2,41.11666666666667,85
9.817333333333332,0.19695007827705846,0.4866666666666668,0.051316014394468874,4.784506666666668,0.5959915185079038,54612.5,50.73,27.346666666666664,-0.058176000000000005,-0.019200000000000016,0.08760666623942191,2,34.400000000000006,85
9.497333333333332,0.43126480650911403,0.41000000000000014,0.10148891565092223,3.923066666666667,1.1274563465311507,50238.6,50.156666666666666,28.363333333333333,-0.11134000000000002,-0.04220000000000006,0.07808713975960532,2,22.56,85
9.229333333333331,0.32162918607201385,0.34666666666666673,0.07234178138070245,3.2150133333333337,0.7923334099565538,46316.93333333333,49.026666666666664,30.430000000000003,-0.06590800000000001,-0.02679999999999998,0.06941184767886883,2,23.415333333333333,85
8.877333333333333,0.2893671255228366,0.27000000000000013,0.06082762530298235,2.4086133333333337,0.6082250969282602,37386.93333333333,48.22333333333333,30.820000000000004,-0.049919999999999985,-0.02399999999999993,0.06442221108771282,2,14.24,85
8.822666666666665,0.2620025445169374,0.25666666666666677,0.0550757054728612,2.27408,0.5511132761965186,35231.666666666664,46.32,33.57,-0.025312,-0.010200000000000032,0.06454464606709684,2,19.196666666666665,85
8.665333333333333,0.17028603387639085,0.2200000000000001,0.03464101615137781,1.9102666666666674,0.340670476169273,29524.733333333334,44.57,35.693333333333335,0.00048000000000000267,0.002400000000000002,0.06469836481622812,2,14.320000000000002,85
8.677333333333332,0.15830771722613943,0.2200000000000001,0.03464101615137781,1.9126666666666674,0.3385603245115989,28806.399999999998,42.60333333333333,38.903333333333336,-0.029379999999999983,-0.013999999999999967,0.06639497721650227,2,14.3,85
8.398666666666665,0.3245263214800227,0.17000000000000012,0.051961524227066326,1.4390133333333341,0.4818349349449526,21776.666666666664,41.14666666666667,41.38,-0.04178800000000001,-0.02840000000000007,0.06607747998714283,2,7.3553333333333315,85
8.252,0.29117692216249486,0.14666666666666678,0.0472581562625261,1.2194666666666674,0.4390351773302569,18590.266666666663,39.68,44.61666666666667,-0.03281200000000001,-0.02140000000000004,0.06559352240657805,2,8.831333333333333,85
7.954666666666667,0.23964418067910748,0.10666666666666678,0.02516611478423591,0.8524800000000005,0.2238887866778554,13366.099999999997,38.21666666666666,47.53666666666666,-0.013379999999999993,-0.01679999999999997,0.06377449110128605,2,5.125333333333334,85
7.865333333333333,0.2505779985021869,0.09666666666666679,0.028867513459481367,0.765093333333334,0.2552033145031955,12128.9,37.04333333333333,49.946666666666665,-0.021964,-0.01979999999999995,0.06307499100020066,2,5.170666666666667,85
7.758666666666667,0.07203702751615976,0.08333333333333344,0.005773502691896256,0.6468000000000006,0.05037224632757017,10345.566666666664,36.449999999999996,50.97,0.004491999999999996,0.007200000000000007,0.06251349078760435,2,5.874,85
7.050666666666667,1.2880517587944107,0.07666666666666677,0.015275252316519465,0.5530666666666673,0.19448930184825125,9573.066666666664,35.78333333333333,52.56,-0.014332000000000003,-0.1096,0.0577671626825244,2,2.7819999999999996,85
5.582666666666667,2.2400583325738186,0.06000000000000011,0.029999999999999992,0.3797600000000006,0.3047657303570884,7462.766666666664,35.02333333333333,54.66,-0.030216,-0.22400000000000003,0.05088047589912163,2,0.8380000000000001,85
4.0680000000000005,1.2959691354349787,0.04000000000000011,0.017320508075688742,0.1776800000000006,0.13524193432546225,4909.433333333331,34.26666666666667,57.06333333333333,-0.011759999999999998,-0.11380000000000001,0.036184179264559274,2,0.822,85
4.8373333333333335,2.628293235796457,0.05000000000000011,0.03464101615137754,0.3025600000000006,0.3515383427168233,6005.266666666664,34.01333333333333,57.84,0.030396,0.22599999999999998,0.05037405376606668,2,5.904,85
5.645333333333333,2.294791784309286,0.06000000000000011,0.029999999999999992,0.3845600000000006,0.30669073412819214,7216.933333333331,34.10333333333333,57.51,0.012395999999999999,0.1244,0.053278408408685876,2,2.888,85
5.625333333333333,2.325663202902217,0.06000000000000011,0.029999999999999992,0.3839600000000006,0.3075303926445148,7182.199999999997,34.096666666666664,57.169999999999995,-0.030581999999999998,-0.23220000000000002,0.05345250027842754,2,0.807,85
4.074666666666666,1.4734033165883063,0.033333333333333444,0.025166114784235832,0.15853333333333391,0.16601235777322815,4107.466666666664,33.74,57.96666666666667,-0.015718,-0.12779999999999997,0.03858698297824022,2,0.2683333333333333,85
3.222666666666667,0.004618802164433732,0.016666666666666777,0.011547005383792535,0.053746666666667255,0.03731992140168488,2108.2999999999975,33.21333333333333,58.580000000000005,-0.003232,-0.00040000000000000034,0.02548080721882488,2,0.2683333333333333,85
3.1720000000000006,0.0831384387639172,0.006666666666666778,0.005773502691896258,0.02146666666666726,0.018590678670463844,1284.9666666666642,32.78666666666667,60.06,-0.0016099999999999999,-0.007200000000000007,0.01669301951839133,2,0.0,85
3.0386666666666664,0.20259647907463008,0.0033333333333334446,0.005773502691896257,0.010733333333333926,0.018590678670468343,856.9333333333308,32.52,61.913333333333334,-0.0016099999999999999,-0.020000000000000018,0.01251068459087803,2,0.0,85
3.133333333333333,0.3455854935228555,0.013333333333333445,0.023094010767585032,0.046720000000000594,0.08092141373020316,2063.8999999999974,31.38,66.04666666666667,0.007008,0.021399999999999995,0.022625793016611294,2,1.1680000000000001,85
3.481333333333333,0.65029634270341,0.03000000000000011,0.026457513110645908,0.11538666666666726,0.1052106864031738,3831.399999999998,29.786666666666665,70.90999999999998,0.0103,0.06500000000000002,0.030108200257454164,2,1.7166666666666668,85
3.986666666666667,0.4317283096270424,0.04666666666666678,0.005773502691896274,0.18765333333333392,0.04148340069745796,5797.233333333331,28.099999999999998,75.12,0.0038320000000000008,0.04160000000000001,0.032363880952244184,2,1.8066666666666669,85
4.448,0.39606060142367483,0.05333333333333345,0.005773502691896254,0.23869333333333395,0.04758085889751318,6448.333333333331,27.396666666666665,76.53333333333335,0.004363999999999998,0.03839999999999999,0.03701054372544976,2,2.444,85
5.074666666666666,0.8475596340868335,0.060000000000000116,0.009999999999999997,0.3100266666666673,0.10262990857164372,7151.966666666664,27.36,76.32666666666667,0.01016,0.08319999999999998,0.043342389404862416,2,3.5000000000000004,85
5.953333333333333,1.0427834546699495,0.06666666666666678,0.0057735026918962545,0.4004400000000006,0.09884234720042422,8032.799999999998,27.75,75.18666666666667,0.009738000000000005,0.10420000000000003,0.049844407378824555,2,4.067,85
7.021333333333334,1.0468721666628538,0.08333333333333344,0.023094010767585025,0.5993866666666673,0.25407039129623,9297.533333333331,28.436666666666667,73.91666666666667,0.023506,0.10460000000000003,0.06446034500064536,2,7.417666666666667,85
7.833333333333333,0.7655098518852411,0.1166666666666668,0.050332229568471665,0.9374266666666674,0.47481078561192575,10551.699999999999,29.436666666666667,70.95333333333333,0.047304,0.07319999999999997,0.08883287373531586,2,11.951,85
8.347999999999999,0.22528204544530872,0.15333333333333346,0.037859388972001806,1.2857066666666672,0.34612857803626773,12416.699999999997,30.573333333333334,67.37666666666667,0.032138,0.021199999999999976,0.10353822903328858,2,12.774,85
8.565333333333333,0.1598165615114759,0.19000000000000014,0.02645751311064586,1.6302266666666672,0.258890958771069,15329.733333333332,31.819999999999997,63.94,0.024478,0.015399999999999992,0.10633716151869235,2,16.03066666666667,85
8.700000000000001,0.16642115250176384,0.2100000000000001,0.02645751311064586,1.8299200000000007,0.26300803942097833,19786.1,33.120000000000005,61.093333333333334,0.025015999999999993,0.016199999999999992,0.09248045443748709,2,16.94333333333333,85
8.865333333333334,0.13578414242224968,0.24333333333333348,0.03214550253664312,2.1600800000000007,0.3193398290224099,19510.266666666663,34.443333333333335,57.913333333333334,0.02998400000000001,0.013400000000000033,0.11070936792075695,2,21.028000000000002,85
8.849333333333334,0.1582066159594664,0.24000000000000013,0.03605551275463985,2.1275733333333338,0.3580526560904079,22407.766666666663,35.60333333333333,55.26333333333334,-0.010352000000000005,-0.007200000000000007,0.0949437943185926,2,15.217999999999998,85
8.893333333333333,0.1720620043279317,0.25000000000000017,0.036055512754639835,2.227413333333334,0.3603319032966613,23982.5,36.57333333333333,51.93333333333334,-0.009532000000000007,-0.002000000000000046,0.09287273889688051,2,19.439333333333334,85
8.794666666666666,0.15390040069261407,0.23000000000000012,0.02645751311064586,2.025466666666667,0.26998170407158567,31866.099999999995,37.35666666666666,49.339999999999996,0.004568000000000005,0.0009999999999999788,0.06355980514909318,2,15.979333333333331,85
8.86,0.1309656443500068,0.24333333333333348,0.02081665999466123,2.157746666666667,0.21515403350482493,34636.399999999994,38.32,46.373333333333335,-0.0054860000000000134,-0.0040000000000000036,0.06229528390314133,2,18.525,85
8.915999999999999,0.21301643129113718,0.25666666666666677,0.040414518843273725,2.2941733333333336,0.41682256432850845,37090.56666666666,39.419999999999995,43.70333333333334,0.041224000000000004,0.021200000000000063,0.061851615865960566,2,22.85,85
9.313333333333333,0.5297143884522463,0.34333333333333343,0.12096831541082693,3.2402800000000003,1.3379207133459166,37894.73333333333,40.47666666666667,40.96,0.12664199999999998,0.0508,0.08550514042038157,2,39.632,85
9.694666666666667,0.4846001788416192,0.4333333333333334,0.11718930554164615,4.238853333333334,1.3168112620012662,41658.06666666666,41.17333333333333,38.193333333333335,0.12383600000000002,0.04479999999999995,0.10175103938958471,2,43.489333333333335,85
10.022666666666666,0.10861552989017287,0.5166666666666667,0.03511884584284172,5.18092,0.4074970213388339,47457.23333333333,41.75333333333333,35.62666666666667,0.040618000000000085,0.010800000000000054,0.10916799122315976,2,46.40166666666667,85
10.124,0.08799999999993043,0.5466666666666667,0.025166114784234615,5.535920000000001,0.30235512630020994,50860.56666666666,42.416666666666664,33.220000000000006,0.030105999999999966,0.008800000000000007,0.10884289184957605,2,48.507,85
10.192,0.060530983801573866,0.5666666666666668,0.015275252316517378,5.77608,0.18950684209287064,53087.5,43.300000000000004,31.323333333333334,0.018549999999999935,0.005799999999999983,0.1088009644273242,2,49.493333333333325,85
10.26,0.06053098380156239,0.5833333333333334,0.015275252316517454,5.985613333333333,0.19222936438885385,52190.26666666666,44.076666666666675,30.436666666666667,0.018798000000000002,0.005799999999999983,0.11468610968118549,2,51.64,85
10.314666666666666,0.06897342483389692,0.5966666666666667,0.015275252316517537,6.15512,0.1983913385206293,53715.26666666666,44.95333333333334,29.346666666666664,0.01950799999999999,0.0067999999999999615,0.11458577414166288,2,52.74466666666666,85
10.346666666666666,0.02571640202899019,0.6066666666666668,0.005773502691891316,6.2770399999999995,0.07055269803490914,53715.26666666666,46.26666666666667,28.276666666666667,0.005408000000000035,0.00040000000000004474,0.11685547767032706,2,52.54133333333334,85
10.385333333333334,0.054601587278356935,0.6166666666666667,0.011547005383792509,6.40468,0.1520792267208224,54612.5,47.199999999999996,27.2,0.012518000000000074,0.0034000000000000696,0.11727283547108316,2,54.83100000000001,85
10.410666666666668,0.06478682993723067,0.6300000000000001,0.019999999999999928,6.559493333333335,0.245046883133277,54612.5,47.56,27.080000000000002,0.024441999999999985,0.005799999999999983,0.12010754361711547,2,56.615,85
10.470666666666666,0.03946306289829522,0.6433333333333334,0.011547005383792212,6.7363066666666676,0.13719394350091024,54612.5,47.42333333333334,27.12,0.012783999999999952,0.0035999999999999587,0.12334508256505568,2,56.961666666666666,85
10.498666666666667,0.040857475855887504,0.65,0.0,6.824133333333333,0.0265573593064103,54612.5,47.39000000000001,26.72666666666667,0.0024700000000000165,0.0038000000000000256,0.12495323195424819,2,57.02666666666667,85
10.512,0.018330302779300894,0.65,0.0,6.8328000000000015,0.011914696806729913,54612.5,47.416666666666664,26.263333333333332,-0.0007799999999999585,-0.0011999999999999567,0.12511192287621198,2,56.83166666666667,85
10.501333333333335,0.023437861107924438,0.65,0.0,6.825866666666667,0.015234609720295741,54612.5,47.14333333333334,26.080000000000002,-0.001429999999999998,-0.002200000000000024,0.12498497013864096,2,56.78833333333334,85
10.497333333333334,0.01665332799516115,0.65,0.0,6.823266666666668,0.010824663197058755,54612.5,47.383333333333326,26.146666666666665,0.0007799999999999585,0.0011999999999999567,0.12493736286205184,2,56.961666666666666,85
10.494666666666667,0.018475208613557143,0.65,0.0,6.821533333333335,0.012008885598996176,54612.5,47.51666666666667,26.373333333333335,0.0,0.0,0.1249056246776591,2,56.78833333333334,85
10.395999999999999,0.18084247288726812,0.6233333333333334,0.046188021535170085,6.485720000000001,0.5877422183236465,54612.5,47.89333333333334,26.746666666666666,-0.05141200000000001,-0.01639999999999997,0.11875671766138411,2,48.393,85
10.316,0.151999999999945,0.6066666666666668,0.04041451884327378,6.262453333333333,0.5106557201611838,54612.5,47.49,26.67,-0.03245000000000005,-0.01040000000000001,0.11466859537171824,2,51.379999999999995,85
10.249333333333333,0.05326662494768654,0.5900000000000002,0.017320508075688558,6.047720000000001,0.20834489482587826,54612.5,47.25,26.646666666666665,0.01816200000000001,0.004800000000000004,0.11073672260521669,2,51.42,85
10.325333333333333,0.0786214559348563,0.6066666666666668,0.011547005383792509,6.264640000000001,0.16740259496197768,54612.5,47.04333333333333,26.22,0.01461600000000005,0.007000000000000029,0.1147086343120291,2,53.81600000000001,85
10.257333333333333,0.17354346237561896,0.5900000000000001,0.03605551275463991,6.055973333333334,0.4697318406637338,54612.5,47.473333333333336,26.669999999999998,-0.03153999999999999,-0.010600000000000076,0.11088784519090215,2,46.163333333333334,85
10.196,0.19103926298011478,0.5700000000000002,0.04358898943540683,5.817173333333334,0.5565510382106406,54612.5,47.663333333333334,27.05,-0.05019600000000004,-0.015800000000000036,0.10651529994110127,2,45.449999999999996,85
10.097333333333331,0.024110855093093297,0.5500000000000002,0.010000000000000998,5.5536,0.10728727790381465,54612.5,47.64666666666667,27.846666666666668,0.006380000000000008,0.002400000000000002,0.10168914279436404,2,47.22666666666667,85
10.073333333333332,0.06429100507318698,0.5400000000000001,0.020000000000000608,5.4404,0.23389672934868352,54612.5,47.123333333333335,28.540000000000003,-0.012699999999999979,-0.004999999999999982,0.09961639521363767,2,43.333333333333336,85
10.002666666666666,0.11602298622825544,0.5233333333333335,0.03511884584284295,5.23744,0.4123168645593015,54612.5,46.39000000000001,29.453333333333333,-0.04110400000000003,-0.011599999999999966,0.09590009796112685,2,40.376,85
9.930666666666665,0.060575022355121626,0.5000000000000001,0.01732050807569013,4.966026666666667,0.20266476490339613,54612.5,45.76666666666667,30.043333333333333,-0.017352000000000034,-0.004800000000000004,0.09093038656498242,2,40.44133333333333,85
9.908000000000001,0.02227105745110817,0.49,0.0,4.85492,0.010912818151886555,54612.5,45.54333333333333,29.876666666666665,0.0010780000000000013,0.002200000000000024,0.08889596894540727,2,40.55566666666666,85
9.796,0.2117734638711663,0.46333333333333343,0.04618802153517007,4.54532,0.5447731726140872,54160.26666666666,45.53,29.796666666666663,-0.046831999999999985,-0.017600000000000015,0.08392196637449396,2,32.635999999999996,85
9.616,0.28935790986250004,0.4200000000000001,0.06557438524302,4.051346666666667,0.7569074599535631,51893.03333333333,45.06,30.22,-0.07478199999999997,-0.02839999999999998,0.0780696046623215,2,28.092,85
9.376,0.17031735084834465,0.36666666666666675,0.040414518843273795,3.442440000000001,0.4425213920253192,47523.86666666667,44.26333333333334,31.51,-0.04381799999999998,-0.016999999999999994,0.07243450095599077,2,25.333,85
9.078666666666665,0.3704555753843314,0.3000000000000001,0.07937253933193779,2.7432000000000003,0.8176596856883873,43890.26666666666,42.70666666666667,34.13333333333333,-0.07762200000000001,-0.03520000000000003,0.06249990506843429,2,15.155,85
8.780000000000001,0.3862434465463548,0.23666666666666678,0.08326663997864543,2.0993733333333338,0.8363284573260502,35627.76666666666,41.11000000000001,37.23,-0.08002000000000001,-0.03719999999999999,0.05892354773249707,2,11.996333333333336,85
8.508000000000001,0.1364697768738951,0.18000000000000013,0.026457513110646407,1.5338400000000008,0.25125644907154654,28813.599999999995,39.34,40.97,-0.023761999999999995,-0.013199999999999967,0.0532313479971959,2,11.194666666666668,85
8.408000000000001,0.05499090833957836,0.16000000000000011,0.010000000000001515,1.3456400000000006,0.0928010086154473,21299.166666666664,38.42666666666667,43.10999999999999,-0.009278000000000019,-0.005400000000000027,0.06317509252666258,2,10.449999999999998,85
8.342666666666666,0.06379132647426108,0.1500000000000001,0.01000000000000158,1.2518133333333339,0.09265935318886262,19806.399999999998,37.51,45.35666666666666,-0.009263999999999994,-0.0062000000000000275,0.06319927569157659,2,9.650666666666668,85
8.306666666666667,0.04687572221679398,0.14333333333333345,0.005773502691899076,1.1908000000000005,0.054744263626845376,18640.566666666666,36.92666666666667,46.593333333333334,-0.004683999999999977,-0.0035999999999999587,0.06387875124944795,2,9.669333333333336,85
8.261333333333335,0.033306655991655845,0.1366666666666668,0.005773502691899192,1.1291733333333343,0.05201977060098843,17499.43333333333,36.51333333333333,47.78666666666667,-0.0044480000000000075,-0.002400000000000002,0.06452259277389327,2,8.909333333333334,85
8.218666666666666,0.07214799604525977,0.13000000000000012,0.010000000000001777,1.0689066666666673,0.09152018648025156,16225.266666666663,36.32666666666666,48.26,-0.009152000000000016,-0.007200000000000007,0.0658750831984355,2,8.144,85
8.12,0.11784735890131064,0.11666666666666677,0.015275252316520719,0.948533333333334,0.1372369474062327,14705.266666666663,35.85666666666667,49.156666666666666,-0.013496000000000003,-0.01160000000000001,0.06449858110374722,2,6.660000000000001,85
8.028,0.10283968105753327,0.10333333333333344,0.015275252316520807,0.8306000000000006,0.13377305558313604,13100.83333333333,35.37,50.57333333333333,-0.013097999999999999,-0.009799999999999986,0.06339570797979932,2,5.960999999999999,85
7.873333333333334,0.16887075926089284,0.09000000000000012,0.0100000000000022,0.7096400000000006,0.09253084242591714,11497.766666666663,34.85666666666666,51.626666666666665,-0.009240000000000003,-0.015600000000000013,0.06171444473755164,2,5.119999999999999,85
7.774666666666666,0.15032409432074323,0.08333333333333344,0.005773502691900197,0.6484666666666673,0.057900222222231415,10595.266666666665,34.413333333333334,52.586666666666666,-0.004981999999999998,-0.012600000000000033,0.06119765451983097,2,5.1306666666666665,85
7.1546666666666665,0.9237950710700719,0.07666666666666679,0.005773502691900341,0.5520800000000007,0.10905179686759549,9417.766666666665,33.92333333333334,53.98,-0.009411999999999995,-0.07959999999999998,0.05861489296192362,2,3.5513333333333335,85
6.057333333333332,1.6542132067340576,0.06666666666666678,0.0152752523165211,0.42041333333333397,0.19820249174363533,8202.499999999998,33.63666666666666,55.40333333333333,-0.019814,-0.1654,0.05124804453383727,2,1.8283333333333336,85
5.298666666666667,0.8564702758026017,0.06000000000000011,0.01000000000000259,0.3235866666666673,0.10338944111168559,7187.233333333331,33.48,56.11666666666667,-0.005048000000000002,-0.033400000000000006,0.04501616066998392,2,2.71,85
4.798666666666667,0.5473036938788112,0.056666666666666775,0.005773502691900816,0.2732933333333339,0.05292797118147592,6727.499999999997,33.4,56.82666666666666,0.002793999999999998,0.010000000000000009,0.04061727477644854,2,2.294,85
4.609333333333333,0.8002133048965093,0.05333333333333345,0.011547005383794835,0.2510933333333339,0.08870843327095425,6309.433333333331,33.13,57.32333333333333,-0.00862,-0.08,0.039790188735057914,2,1.2733333333333332,85
3.9333333333333336,0.6060011001090689,0.043333333333333446,0.015275252316521312,0.17661333333333393,0.08917737231712988,5154.966666666664,32.92000000000001,59.223333333333336,-0.008676,-0.059800000000000006,0.034254165077353876,2,0.848,85
3.4879999999999995,0.29591890781103103,0.033333333333333444,0.005773502691901389,0.11737333333333393,0.03075217932746448,3939.1333333333314,32.53666666666667,60.9,-0.0027619999999999997,-0.0284,0.029789178031200462,2,0.8130000000000001,85
3.293333333333333,0.08582152022312904,0.02666666666666678,0.005773502691901556,0.08801333333333393,0.02028163044207234,2906.933333333331,32.13,62.93,-0.0018519999999999995,-0.007799999999999985,0.030266626928632245,2,0.5393333333333333,85
3.236,0.01600000000238298,0.02000000000000011,0.010000000000003154,0.06482666666666725,0.03268013055954646,1999.1666666666642,31.603333333333335,64.90333333333332,-0.003268,-0.0015999999999999793,0.03241063244729639,2,0.2683333333333333,85
3.156,0.12496399481481546,0.010000000000000111,0.010000000000003296,0.03230666666666726,0.03236013185061663,1141.3999999999976,31.156666666666666,66.2,-0.003236,-0.01120000000000001,0.02827964519141048,2,0.0,85
2.876,0.42850437570704053,0.0033333333333334446,0.0057735026919021335,0.010733333333333926,0.01859067866941619,536.6666666666642,30.849999999999998,67.39666666666666,-0.0016099999999999999,-0.041200000000000014,0.019962802231867277,2,0.0,85
2.56,0.3963231005128067,0.0,8.294132133273817e-09,0.0,2.3716815547033233e-07,189.73333333333093,30.62,68.27333333333333,0.0,-0.03700000000000001,0.0,2,0.0,85
1.8746666666666663,0.7980008354215087,0.0,8.294132133273817e-09,0.0,2.3716815547033233e-07,42.49999999999758,30.49,69.68666666666667,0.0,-0.072,0.0,2,0.0,85
1.192,0.9834714027362973,0.0,8.294132133273817e-09,0.0,2.3716815547033233e-07,8.333333333330907,30.44666666666667,70.83666666666666,0.0,-0.0962,0.0,2,0.0,85
0.5306666666666666,0.36956911847913004,0.0,8.294132133273817e-09,0.0,2.3716815547033233e-07,0.2666666666642414,30.453333333333333,71.20666666666666,0.0,-0.0334,0.0,2,0.0,85
0.31066666666666665,0.03257811126268437,0.0,8.294132133273817e-09,0.0,2.3716815547033233e-07,0.0,30.47,70.24666666666667,0.0,-0.0025999999999999994,0.0,2,0.0,85
0.29466666666666663,0.00611010093566619,0.0,8.294132133273817e-09,0.0,2.3716815547033233e-07,0.0,30.493333333333336,69.33333333333333,0.0,0.0006000000000000005,0.0,2,0.0,85
0.29866666666666664,0.0023094011007147013,0.0,8.294132133273817e-09,0.0,2.3716815547033233e-07,0.0,30.513333333333335,69.11,0.0,0.00020000000000000017,0.0,2,0.0,85
0.29333333333333333,0.011547005388586426,0.0,8.294132133273817e-09,0.0,2.3716815547033233e-07,0.0,30.52333333333333,69.48333333333333,0.0,-0.000999999999999998,0.0,2,0.0,85
0.2866666666666667,0.011547005388589784,0.0,8.294132133273817e-09,0.0,2.3716815547033233e-07,0.0,30.453333333333333,70.09000000000002,0.0,-0.000999999999999998,0.0,2,0.0,85
1.5506666666666664,2.200859226150875,0.016666666666666777,0.028867513459482397,0.0682000000000006,0.11812586507643294,1883.333333333331,29.790000000000003,71.35333333333334,0.01023,0.19059999999999996,0.036193171767203616,2,1.7049999999999998,85
4.06,3.7641020177460742,0.043333333333333446,0.0404145188432745,0.2764133333333339,0.31845195639748725,4929.433333333331,28.959999999999997,73.41666666666667,0.031232,0.37639999999999996,0.05606268549755614,2,5.205333333333333,85
5.830666666666667,1.869461241463267,0.06333333333333345,0.015275252316521127,0.38825333333333395,0.21492790357090935,7589.433333333331,28.213333333333335,74.8,0.006545999999999999,0.075,0.05115035153899875,2,2.796,85
6.897333333333333,1.1595194406879794,0.07000000000000012,0.01000000000000245,0.49020000000000064,0.14561880647791303,8739.999999999998,28.096666666666668,74.95666666666666,-0.005709999999999998,-0.0258,0.056080539983983616,2,4.253666666666667,85
6.158666666666666,0.9814954576223845,0.06333333333333345,0.005773502691900659,0.39382666666666727,0.10099010908691039,8439.733333333332,28.22,74.60666666666667,0.0,0.0,0.04665787332854184,2,2.796,85
6.938666666666667,1.2093524438034453,0.07333333333333344,0.015275252316521035,0.5199466666666672,0.18935906351000195,9149.733333333332,28.38,74.86666666666667,0.010171999999999997,0.03200000000000003,0.05682021841601045,2,5.949,85
7.303999999999999,1.5000639986347342,0.09666666666666679,0.040414518843274315,0.7412400000000007,0.4200687886525845,10753.599999999997,28.819999999999997,73.93666666666667,0.04194,0.1398,0.06892306547895792,2,9.786,85
8.124,0.23637258724314417,0.11000000000000011,0.0264575131106466,0.8978000000000006,0.24378744512392006,11894.999999999998,29.386666666666667,72.42,0.004566000000000003,0.005999999999999961,0.07547074646940155,2,6.710000000000001,85
8.326666666666666,0.24971450365036613,0.14000000000000012,0.040000000000000334,1.1722400000000006,0.3660044327601046,14014.999999999998,30.10666666666667,70.13666666666667,0.018143999999999993,0.007599999999999963,0.0836358447488585,2,12.809999999999999,85
8.456,0.36923705122863026,0.16333333333333344,0.05686240703077345,1.3951200000000006,0.5332696308623284,17164.466666666664,31.176666666666666,67.58333333333333,0.051888000000000004,0.03620000000000001,0.08127480755936342,2,15.357999999999999,85
8.732,0.17421825392309348,0.20666666666666678,0.025166114784236058,1.807520000000001,0.2544577670263584,21450.3,32.550000000000004,64.01666666666667,0.025260000000000015,0.01700000000000008,0.08426155990546032,2,17.020000000000003,85
8.781333333333334,0.0961110468850698,0.2100000000000001,0.020000000000000264,1.8453600000000006,0.19585102910130472,22181.966666666664,33.76666666666667,61.083333333333336,-0.009611999999999987,-0.0043999999999999595,0.08318815187027888,2,13.756000000000002,85
8.638666666666667,0.26940923023041535,0.1866666666666668,0.045092497528229136,1.6206133333333341,0.4376174061133486,20217.8,34.49666666666666,59.30666666666667,-0.043684,-0.026600000000000002,0.08015378426678804,2,9.739333333333335,85
8.689333333333332,0.3420019493121997,0.19333333333333347,0.05507570547286116,1.6924800000000007,0.5458394020222811,23014.166666666668,34.48,59.846666666666664,0.03036399999999999,0.017199999999999972,0.07353759477446034,2,18.816666666666666,85
8.644,0.35115808405903365,0.19000000000000009,0.05567764362830037,1.6553600000000006,0.5538273463815612,25063.600000000002,34.78333333333333,59.173333333333325,0.018531999999999983,0.010199999999999942,0.06604374296817027,2,12.827999999999998,85
8.750666666666667,0.250450261196399,0.20666666666666678,0.03785938897200198,1.8147600000000004,0.38760619396500934,27013.599999999995,35.01666666666666,58.21666666666667,-0.030554000000000005,-0.01820000000000004,0.06717700798827303,2,13.724333333333332,85
8.76,0.26620293011161833,0.21666666666666679,0.055075705472861114,1.9076933333333337,0.5474702612319442,27232.5,35.85666666666666,55.18666666666667,0.04987200000000003,0.025400000000000044,0.07004951010091738,2,21.140000000000004,85
8.725333333333333,0.31000215053019303,0.21666666666666679,0.055075705472861114,1.9014533333333337,0.553837250221916,26119.16666666666,36.69,52.833333333333336,-0.0063139999999999976,-0.010999999999999944,0.07279637062040188,2,12.672,85
9.169333333333334,0.781755289929874,0.3200000000000001,0.16370705543744893,3.0191466666666673,1.789128344343514,36550.26666666666,37.97666666666667,49.873333333333335,0.12315999999999998,0.04699999999999997,0.08260032940034913,2,41.66666666666667,85
9.282666666666666,0.7826246439598874,0.3500000000000001,0.1609347693943107,3.3328800000000007,1.7442136804875794,38140.53333333333,39.18333333333333,46.669999999999995,0.09786800000000001,0.047599999999999996,0.08738190913492382,2,28.983333333333334,85
9.248,0.8383984732810572,0.3400000000000001,0.17691806012954123,3.2432000000000003,1.8851986420534121,36959.166666666664,39.766666666666666,45.06333333333333,-0.18742,-0.08280000000000003,0.08774852205753043,2,10.43,85
9.354666666666667,0.9887797193173717,0.36666666666666675,0.21501937897160173,3.571733333333334,2.3683915329466454,36959.166666666664,39.529999999999994,45.01,0.12538,0.046,0.09663737086322666,2,49.879999999999995,85
9.666666666666666,1.1454908700349118,0.43666666666666676,0.2482606157515389,4.410693333333334,2.73585901430124,42384.73333333333,39.99333333333333,44.550000000000004,0.23716399999999999,0.09960000000000005,0.10406080033218727,2,49.957333333333324,85
10.101333333333335,0.39267968286293686,0.5266666666666667,0.0923760430703401,5.344213333333333,1.1189606301087374,51045.833333333336,39.4,45.56333333333333,-0.09667200000000001,-0.03360000000000003,0.10469235767154998,2,33.768,85
9.997333333333332,0.3441240086557997,0.5000000000000001,0.07999999999999996,5.017013333333334,0.9714253752776613,51045.833333333336,39.303333333333335,45.453333333333326,-0.04954399999999999,-0.01640000000000006,0.09828255752070812,2,41.699999999999996,85
9.486666666666666,0.6180010787477123,0.3900000000000001,0.127671453348037,3.7523866666666676,1.4253421654232203,43390.83333333333,39.24,44.54,-0.09255799999999999,-0.042199999999999974,0.08647679478857392,2,18.34166666666667,85
9.774666666666667,0.8775815251777677,0.46000000000000013,0.19313207915827965,4.609186666666667,2.237064233439297,46957.5,40.839999999999996,41.556666666666665,0.08092800000000003,0.025200000000000066,0.09815446972681553,2,55.188,85
9.122666666666667,1.2605797607979192,0.3300000000000001,0.2690724809414742,3.236426666666667,3.0053143900319914,33353.6,41.553333333333335,40.21333333333334,-0.065764,-0.037600000000000036,0.09703089428944335,2,7.381,85
9.437333333333333,1.259081146445033,0.3966666666666668,0.26407069760451146,3.96496,2.8915685213392437,40276.666666666664,41.24999999999999,41.18333333333334,-0.11179800000000002,-0.03820000000000005,0.09844065776733178,2,36.555,85
9.438666666666666,1.2607891708502807,0.4000000000000001,0.26851443164195105,4.0008533333333345,2.9412928918646224,40276.666666666664,41.75333333333333,40.199999999999996,0.292226,0.12320000000000002,0.09933180505325537,2,56.08533333333333,85
10.110666666666667,0.3857736814938757,0.54,0.09539392014169458,5.4842933333333335,1.1788326431403826,53880.56666666666,43.19333333333333,37.28,0.047472,0.016000000000000014,0.10178422181488167,2,44.467,85
10.404000000000002,0.29632414683924063,0.6133333333333334,0.07371114795832011,6.395680000000001,0.9382186124779229,54612.5,44.98333333333333,33.73,0.019526000000000023,0.005600000000000005,0.11710804105212085,2,59.339666666666666,85
10.316,0.2854330043985879,0.5966666666666668,0.07023769168568508,6.168493333333334,0.8983723035208365,54612.5,45.80666666666667,31.993333333333336,0.03563200000000002,0.009200000000000052,0.11294814163775137,2,50.40566666666667,85
10.421333333333335,0.19075988397285368,0.6233333333333334,0.04163331998932304,6.501226666666668,0.5552047295667887,54612.5,45.9,31.939999999999998,-0.039326000000000014,-0.012199999999999989,0.11904065234175924,2,52.78533333333334,85
10.218666666666667,0.1842751565820487,0.5766666666666668,0.041633319989322855,5.897840000000001,0.5282274525240066,54612.5,46.21666666666666,31.519999999999996,-0.036904000000000006,-0.011600000000000055,0.10799234621476378,2,44.255,85
10.086666666666666,0.2702394000388167,0.5400000000000001,0.06557438524302006,5.458573333333334,0.8118576863794156,54612.5,45.143333333333324,32.99666666666666,-0.08016800000000002,-0.026400000000000024,0.09994915787000164,2,39.424,85
9.684,0.44751759741937464,0.44666666666666677,0.10408329997330658,4.356520000000001,1.186416219039512,50100.56666666666,44.56666666666666,33.949999999999996,-0.11412599999999999,-0.042199999999999974,0.08695376791277987,2,25.234,85
9.450666666666667,0.3583368992070803,0.3900000000000001,0.07937253933193755,3.7047200000000005,0.9036067356986756,46767.23333333333,43.26999999999999,36.52333333333333,-0.068784,-0.02679999999999998,0.07921445254506801,2,27.96,85
9.218666666666667,0.08812112875665849,0.3366666666666667,0.020816659994660664,3.1048266666666673,0.2221745668013181,41795.83333333333,42.86333333333334,37.37,-0.004844000000000004,-0.0008000000000000007,0.07428377747915516,2,24.426666666666666,85
9.254666666666667,0.08393648392294827,0.34333333333333343,0.020816659994660668,3.1786000000000008,0.22068864945895975,42430.26666666666,42.32,38.169999999999995,-0.005289999999999994,-0.0017999999999999794,0.07491173961339832,2,27.078333333333333,84
9.277333333333333,0.11414610520445817,0.34666666666666685,0.025166114784235305,3.2180533333333337,0.2725354151910403,42724.43333333333,41.779999999999994,39.13666666666666,0.027117999999999996,0.011399999999999988,0.07531938431675748,2,28.946333333333335,84
9.294666666666666,0.08848352012294265,0.35333333333333344,0.015275252316518616,3.285013333333334,0.1735032556851665,43551.93333333333,42.089999999999996,38.81,-0.005865999999999994,-0.0036000000000000476,0.07542576542873503,2,26.100666666666665,84
9.232000000000001,0.14702380759596048,0.3366666666666667,0.03511884584284206,3.1114800000000007,0.37280710079077084,41874.166666666664,41.989999999999995,39.330000000000005,-0.03723799999999999,-0.014599999999999991,0.07430370426386365,2,22.740000000000002,84
9.106666666666667,0.10042576030754109,0.3066666666666668,0.03055050463303841,2.794746666666667,0.30967197440736416,38463.06666666666,41.88999999999999,39.67333333333334,-0.030435999999999998,-0.009999999999999964,0.0726586372389122,2,21.028000000000002,84
9.113333333333333,0.11101951780361648,0.30333333333333345,0.025166114784235187,2.766240000000001,0.2636017359579066,38078.899999999994,41.6,40.49,0.015887999999999992,0.0067999999999999615,0.07264304790716367,2,25.387999999999998,84
8.998666666666667,0.24027761721256527,0.28000000000000014,0.04999999999999964,2.527626666666668,0.5168132093255328,35108.6,41.46666666666666,40.833333333333336,-0.025520000000000008,-0.012999999999999989,0.07199246549851517,2,16.77466666666667,84
8.851999999999999,0.3411744421846628,0.25333333333333347,0.06806859285554016,2.257973333333334,0.6990609533748534,32328.866666666665,41.47666666666667,40.89666666666667,-0.066608,-0.03300000000000001,0.06984171498799875,2,14.286666666666667,84
8.789333333333333,0.23820439402611793,0.24000000000000013,0.04582575694955792,2.1167066666666674,0.46298164168070427,31554.699999999997,41.03333333333333,41.306666666666665,0.030489999999999996,0.014599999999999991,0.06707842534523613,2,21.856333333333332,84
8.688,0.3144773441760429,0.22333333333333347,0.05859465277082277,1.9526000000000006,0.5884059428660013,29805.53333333333,40.11333333333334,43.126666666666665,-0.009687999999999997,-0.006199999999999939,0.06550912775275222,2,12.672,84
8.584000000000001,0.4093116172307088,0.20333333333333345,0.07767453465153998,1.7666000000000006,0.7634953527036229,27506.63333333333,39.21,45.13333333333333,-0.073318,-0.03920000000000003,0.06422217348154273,2,9.636666666666667,84
8.372,0.09903534722522023,0.16000000000000014,0.01999999999999866,1.340773333333334,0.18216181524503477,21821.93333333333,37.97666666666667,47.96333333333334,-0.008767999999999998,-0.002000000000000046,0.06143873112077818,2,11.210666666666667,84
8.36,0.0866256313109468,0.15666666666666682,0.015275252316517704,1.310573333333334,0.1400825718402059,21005.566666666662,37.580000000000005,48.97,0.013682000000000005,0.007600000000000051,0.0623887451066889,2,11.917000000000002,84
8.366666666666667,0.07508217720173918,0.15666666666666682,0.015275252316517704,1.3115066666666675,0.13854261053324513,20528.633333333328,37.18,49.51666666666667,-0.009304000000000002,-0.0064000000000000055,0.0638835894130274,2,9.66,84
8.193333333333333,0.27253868226979183,0.13333333333333344,0.040414518843273094,1.0997200000000007,0.3637260045694215,17134.999999999996,36.673333333333325,50.586666666666666,-0.03600600000000001,-0.026200000000000046,0.0641760037348273,2,5.9159999999999995,84
8.017333333333333,0.22748479802693472,0.1066666666666668,0.028867513459480198,0.8595600000000005,0.2594959144187759,13646.666666666662,35.82666666666666,52.086666666666666,-0.022482000000000002,-0.01979999999999995,0.06298219475856685,2,5.912999999999999,84
7.3613333333333335,0.9087515245287674,0.08333333333333347,0.011547005383792507,0.6204400000000007,0.15467224185366477,10339.733333333328,34.709999999999994,55.126666666666665,-0.013403999999999996,-0.07879999999999998,0.05999961318023877,2,3.6820000000000004,84
7.249333333333333,0.8285537600743595,0.08000000000000013,0.009999999999999988,0.5851866666666673,0.13486471048192034,9814.733333333328,34.07,57.19666666666666,-0.005269999999999997,-0.01660000000000004,0.05961721318155896,2,5.034666666666667,84
6.876,0.6275412337050271,0.07333333333333347,0.005773502691896219,0.506493333333334,0.08604856613199806,9028.599999999995,33.73666666666667,59.18333333333334,0.001582,0.0226,0.05609255485661982,2,3.9456666666666673,84
7.334666666666666,0.49886805202714646,0.0766666666666668,0.005773502691896231,0.5642266666666673,0.07877697463962656,9362.466666666662,33.669999999999995,59.50666666666667,0.000544,0.006800000000000006,0.06025830888844599,2,5.125333333333334,84
7.044,0.5592995619522932,0.07333333333333347,0.005773502691896219,0.5187066666666673,0.0834789011270078,8877.766666666661,33.553333333333335,60.35999999999999,-0.0002940000000000026,-0.004200000000000026,0.05842102694443309,2,3.896666666666667,84
6.5680000000000005,1.1799932203195185,0.07000000000000013,0.009999999999999976,0.4676000000000006,0.14744000000013507,8653.599999999995,33.42333333333333,60.79333333333333,-0.014744000000000002,-0.11759999999999997,0.0540290712453494,2,2.6679999999999997,84
5.916,0.6906344908850333,0.06333333333333346,0.005773502691896203,0.37722666666666727,0.07916210541271565,8046.399999999995,33.203333333333326,61.693333333333335,-0.006184,-0.04739999999999998,0.04687559543040827,2,2.866,84
5.232,0.5592995619522958,0.05666666666666679,0.005773502691896254,0.29849333333333394,0.05930658423290409,7444.999999999995,33.089999999999996,62.07666666666666,-0.004437999999999999,-0.03540000000000001,0.04008774285970106,2,1.9283333333333337,84
4.608,1.134132267418589,0.0466666666666668,0.015275252316519461,0.22641333333333394,0.12007768374421258,6172.799999999996,32.839999999999996,62.64333333333334,-0.012,-0.11340000000000001,0.03667325364173347,2,0.8659999999999999,84
3.776,0.7466083310545284,0.033333333333333465,0.015275252316519454,0.13334666666666725,0.08714930942569708,4419.733333333329,32.44333333333333,64.01666666666667,-0.008334000000000001,-0.0696,0.030163924537407228,2,0.5393333333333333,84
3.3093333333333335,0.13400497503212805,0.02000000000000013,0.009999999999999962,0.06697333333333393,0.03587311714050557,2724.4666666666617,31.946666666666662,65.53333333333332,-0.0035819999999999997,-0.011799999999999988,0.024573161782691914,2,0.269,84
3.2319999999999998,0.004000000003480988,0.013333333333333463,0.0057735026918961764,0.04310666666666726,0.01871770641335709,1827.799999999995,31.50333333333333,67.01333333333332,-0.00162,-0.00020000000000000017,0.023571011956839118,2,0.26933333333333337,84
3.208,0.038157568057042346,0.01,0.0,0.032080000000000594,0.00038157573741739445,1212.5333333333285,31.25333333333333,67.99,-3.200000000000009e-05,-0.0032000000000000028,0.026435202988518973,2,0.2636666666666667,84
3.186666666666667,0.039259818305248516,0.01,0.0,0.03186666666666726,0.0003925982383056486,905.8666666666619,31.02333333333333,68.89,-3.4e-05,-0.003400000000000003,0.03513930750569811,2,0.2636666666666667,84
2.968,0.3394819582835407,0.006666666666666796,0.005773502691896258,0.021093333333333925,0.018267362518349723,538.3666666666619,30.816666666666663,69.72000000000001,-0.001582,-0.029400000000000003,0.0391075953278551,2,0.0,84
2.7720000000000002,0.3394819582835407,0.003333333333333463,0.005773502691896257,0.01054666666666726,0.018267362518352072,321.96666666666187,30.62333333333333,69.8,-0.001582,-0.029400000000000003,0.032655588812057226,2,0.0,84
2.322666666666667,0.4387862045841475,0.0,0.0,0.0,2.0891760152611146e-07,112.49999999999515,30.48333333333333,69.74666666666667,0.0,-0.038,0.0,2,0.0,84
2.558666666666667,0.7341534807745319,0.006666666666666796,0.011547005383792516,0.021893333333333927,0.037920365680947775,773.8666666666619,29.866666666666664,72.73333333333333,0.003284,0.03539999999999999,0.028254323324443855,2,0.5473333333333333,84
4.54,3.5240681037687147,0.06000000000000013,0.08717797887081347,0.4762933333333339,0.768785433091297,7651.93333333333,29.49333333333333,75.01333333333334,0.06816,0.3352,0.062236702266669094,2,11.36,84
6.738666666666667,2.9923163825593972,0.11333333333333347,0.0808290376865476,0.9249333333333339,0.7441853718888658,14299.433333333329,29.069999999999997,77.48333333333333,0.06401200000000001,0.2564000000000001,0.06467869272026729,2,11.216000000000003,84
8.424000000000001,0.09059801322336206,0.15333333333333346,0.011547005383792512,1.2922400000000007,0.10828664183560666,19574.999999999996,29.169999999999998,76.65333333333335,-0.009779999999999988,-0.008999999999999985,0.06601144258275445,2,9.73,84
8.344000000000001,0.06609084656759084,0.14333333333333345,0.015275252316519473,1.1966400000000006,0.1370866470522705,18332.766666666663,29.083333333333332,77.09666666666668,-0.01347600000000001,-0.006600000000000073,0.06526972998820031,2,8.97,84
8.285333333333334,0.05220472520140624,0.13333333333333344,0.005773502691896284,1.104893333333334,0.05438082505229057,17070.566666666662,28.923333333333332,77.99333333333334,-0.004846000000000006,-0.00519999999999996,0.06472126166901306,2,8.922333333333334,84
8.250666666666667,0.025403411844761206,0.1266666666666668,0.005773502691896267,1.045133333333334,0.0492848428359908,16451.96666666666,28.779999999999998,78.86666666666666,-0.0044039999999999965,-0.0021999999999999355,0.0635224853066013,2,8.236,84
8.270666666666665,0.06004442799589672,0.13000000000000012,0.010000000000000012,1.0755333333333341,0.08973848524110535,16774.466666666664,28.51,81.48333333333333,0.004846000000000006,0.00519999999999996,0.06411346728555993,2,9.73,84
8.385333333333334,0.17642373234163733,0.14333333333333345,0.025166114784235843,1.2048400000000008,0.23734138450770387,18839.16666666666,28.30666666666666,83.31666666666666,0.023514,0.017199999999999972,0.06395060199396685,2,12.155000000000001,84
8.540000000000001,0.18330302779828705,0.16666666666666682,0.025166114784235822,1.4264000000000008,0.24429678671655067,21545.53333333333,28.27333333333333,85.75666666666666,0.02426999999999998,0.01799999999999997,0.06620090470856879,2,13.774999999999999,84
8.700000000000001,0.12000000000008033,0.19333333333333347,0.0251661147842358,1.6840000000000008,0.24239133647890515,24551.099999999995,28.356666666666666,86.27,0.02409,0.01200000000000001,0.0685888376147051,2,16.17,84
8.681333333333333,0.14888026509028282,0.19000000000000014,0.02999999999999997,1.6524133333333337,0.2882804477125764,23976.93333333333,28.833333333333332,84.54333333333334,-0.014457999999999993,-0.008800000000000007,0.06891391807467423,2,11.365333333333332,84
8.634666666666666,0.16150954564159065,0.18333333333333346,0.03214550253664316,1.5864800000000008,0.30988899173741347,23406.399999999994,29.226666666666663,81.59,-0.024259999999999993,-0.012999999999999989,0.06777685689141046,2,12.126666666666669,84
8.545333333333334,0.01890326250553805,0.16666666666666682,0.0057735026918962025,1.4242933333333339,0.052358538304324805,22334.43333333333,29.879999999999995,78.06666666666666,0.004500000000000004,0.0014000000000000234,0.06376833223144693,2,12.115333333333334,84
8.578666666666669,0.03946306289878226,0.17333333333333348,0.005773502691896247,1.4871200000000009,0.05646895076085224,23904.999999999996,30.366666666666664,75.92666666666668,0.004855999999999994,0.0032000000000000028,0.06220697732786752,2,12.936,84
8.564,0.05499090833965134,0.17333333333333345,0.005773502691896247,1.4846266666666672,0.05870395330269435,24100.266666666663,30.963333333333328,73.74,-0.0003059999999999952,-0.0017999999999999794,0.06159952865547872,2,12.064333333333334,84
8.545333333333334,0.06885734044641321,0.17000000000000015,0.009999999999999986,1.4531333333333343,0.096593832791567,23570.266666666663,31.313333333333333,72.00333333333333,-0.009648,-0.0064000000000000055,0.06164850425235249,2,11.328000000000001,84
8.470666666666666,0.06201075175607199,0.15666666666666682,0.015275252316519432,1.327693333333334,0.13860022703216016,22021.099999999995,31.549999999999997,71.04333333333334,-0.013585999999999997,-0.005799999999999983,0.060289133794385386,2,9.800000000000002,84
8.286666666666667,0.2835301277348726,0.13000000000000012,0.036055512754639855,1.0840400000000006,0.3310229164273001,18527.199999999993,31.55333333333333,70.59666666666668,-0.032130000000000006,-0.026600000000000002,0.05850757224123233,2,5.973000000000001,84
8.213333333333333,0.22465380774283164,0.12000000000000015,0.026457513110645835,0.9895466666666674,0.24148587481128064,17261.366666666665,31.379999999999995,70.69666666666667,-0.0050060000000000104,-0.0062000000000000275,0.057323928159715494,2,8.965666666666666,84
8.365333333333334,0.45266028468748337,0.1466666666666668,0.06658328118479391,1.2469866666666674,0.633358608478141,20724.133333333328,31.55333333333333,69.82333333333334,0.061578,0.04459999999999997,0.0601678477339913,2,16.236,84
8.564,0.2900206889172235,0.17666666666666683,0.04509249752822895,1.5216666666666674,0.4365345939709298,25077.199999999993,31.99333333333333,68.51666666666667,0.023246,0.014200000000000036,0.06067686941912369,2,12.839999999999998,84
8.602666666666666,0.23492410121857277,0.18333333333333346,0.03511884584284248,1.5826400000000005,0.3466589055541926,26142.499999999996,32.62,65.99333333333333,-0.03447600000000001,-0.02320000000000002,0.06053665347026989,2,10.489999999999998,84
8.402666666666667,0.15228044304293942,0.15333333333333346,0.025166114784235766,1.2909600000000008,0.2354133318230584,22139.999999999996,32.78333333333333,65.22666666666667,-0.023375999999999997,-0.015200000000000014,0.058306309561447126,2,8.944,84
8.344,0.07631513611349008,0.14333333333333345,0.011547005383792334,1.1965600000000007,0.10676529773308525,20599.999999999996,32.72,65.11333333333333,-5.9999999999993395e-05,-0.00039999999999995595,0.058082617348672434,2,10.48,84
8.353333333333333,0.08619358058088691,0.1466666666666668,0.015275252316519342,1.2260266666666675,0.1396628015377302,21008.86666666666,32.64666666666667,65.97333333333334,0.013695999999999996,0.008199999999999985,0.05835480472666815,2,11.226666666666667,84
8.425333333333334,0.04424176006166256,0.1566666666666668,0.005773502691895995,1.3201066666666672,0.05429197116854913,22268.33333333333,32.75,66.54666666666667,0.004896,0.0043999999999999595,0.05927912824811404,2,11.296000000000001,84
8.412,0.0643739077578834,0.15666666666666682,0.005773502691896267,1.3181066666666672,0.05774649888405881,22330.566666666662,32.73333333333333,66.26333333333334,-0.0047800000000000065,-0.0038000000000000256,0.059024370584538806,2,10.43,84
8.446666666666665,0.09263548636107904,0.16000000000000011,0.009999999999999997,1.3520666666666674,0.09878528095504054,23125.3,32.589999999999996,66.21666666666667,0.004677999999999993,0.00259999999999998,0.05846446109696179,2,12.075666666666667,84
8.422666666666666,0.09211586906366201,0.16000000000000014,0.009999999999999997,1.3482266666666671,0.09880782425175817,22918.33333333333,32.35666666666666,66.45333333333333,0.004620000000000013,0.002800000000000047,0.05882486401582364,2,11.200000000000001,84
8.485333333333333,0.07400900846081726,0.16666666666666682,0.005773502691896208,1.4145066666666672,0.06106435075693252,23734.43333333333,32.31666666666667,66.98666666666666,6.80000000000125e-05,0.00040000000000004474,0.05959472687107745,2,12.087000000000002,84
8.464,0.06609084656758558,0.16333333333333347,0.0057735026918962215,1.3826800000000006,0.05887786680946124,22304.43333333333,32.48666666666667,67.17666666666666,0.00048000000000000267,0.0030000000000000248,0.061988484121208165,2,11.280000000000001,84
8.338666666666667,0.2748769421638607,0.14333333333333345,0.03785938897200184,1.2021466666666674,0.349560501964063,19380.83333333333,32.28333333333333,67.54,-0.03240200000000001,-0.025400000000000044,0.062024404296119266,2,6.686666666666667,84
8.073333333333332,0.3645124597779281,0.11333333333333347,0.0416333199893227,0.9249600000000006,0.3823860415862966,15263.599999999993,31.459999999999997,70.86666666666666,-0.036736000000000005,-0.03620000000000005,0.06059510239377389,2,5.157333333333333,84
7.849333333333333,0.1534839839636556,0.0866666666666668,0.011547005383792793,0.6814400000000006,0.10477508100707486,12198.866666666661,30.389999999999997,73.79,-0.008967999999999999,-0.011799999999999944,0.05585634815681053,2,5.192,84
7.781333333333333,0.04239496825516008,0.08,0.0,0.6225066666666673,0.003391597466235349,11551.933333333329,29.756666666666664,76.06666666666666,0.00033600000000000296,0.004200000000000026,0.05388299652613485,2,5.213333333333334,84
7.762666666666667,0.07335757175204295,0.08,0.0,0.6210133333333339,0.005868605743529568,11313.899999999994,29.709999999999997,74.65333333333332,-0.0004320000000000046,-0.005400000000000027,0.05488456224388498,2,5.119999999999999,84
7.645333333333333,0.1943330474555383,0.0766666666666668,0.005773502691896256,0.5868400000000006,0.05770716420029629,10694.733333333328,29.823333333333334,74.38333333333334,-0.005253999999999997,-0.019200000000000016,0.05486673813857247,2,4.337666666666667,84
7.6866666666666665,0.25406560832461433,0.08000000000000014,0.009999999999999995,0.6166266666666672,0.09723912244242547,10900.566666666662,29.95333333333333,72.90333333333332,0.0050279999999999995,0.013200000000000012,0.056563123954661024,2,5.957999999999999,84
7.855999999999999,0.3836456698569956,0.09333333333333345,0.025166114784235825,0.7393466666666672,0.23198334537930065,12772.499999999995,30.213333333333328,72.62666666666667,0.023101999999999994,0.037600000000000036,0.057881290692971196,2,8.187999999999999,84
8.157333333333334,0.19977320474316773,0.11666666666666681,0.025166114784235825,0.9550400000000007,0.22757142878673647,15514.733333333328,30.683333333333326,70.45333333333333,0.022632000000000013,0.019799999999999995,0.06155300426234023,2,9.73,84
8.249333333333334,0.08013322240716034,0.13000000000000014,0.009999999999999938,1.0729200000000008,0.09259561112728584,17064.43333333333,31.25,68.43,0.0043020000000000115,0.0016000000000000014,0.06287094965847147,2,8.905000000000001,84
8.24,0.09165151389923737,0.13000000000000014,0.009999999999999938,1.0718000000000008,0.09424075551498702,16678.866666666665,31.73,67.02999999999999,-0.009420000000000012,-0.008999999999999985,0.06425710837017087,2,8.159999999999998,84
8.137333333333334,0.09602777376028075,0.11666666666666681,0.015275252316519466,0.9503333333333339,0.13503426725601916,15267.199999999995,31.83,66.71999999999998,-0.01327000000000001,-0.00940000000000003,0.06224265685105869,2,6.693333333333333,84
8.076,0.07277362159479463,0.1066666666666668,0.01154700538379257,0.8620000000000005,0.10149837437140297,14016.933333333329,31.72333333333333,68.00999999999999,-0.00878,-0.0062000000000000275,0.06149265940295532,2,6.696666666666666,84
7.936,0.16975276139144996,0.09333333333333348,0.011547005383792518,0.7420000000000005,0.10634810764672112,12488.899999999994,31.459999999999997,68.58,-0.009199999999999996,-0.014599999999999991,0.059408001665345676,2,5.160000000000001,84
7.085333333333334,1.3981149213613873,0.08000000000000013,0.02,0.5838666666666673,0.2393639349053516,10558.066666666662,31.20333333333333,70.24666666666667,-0.023739999999999997,-0.12779999999999997,0.0552952912504894,2,2.74,84
6.222666666666666,1.314146617898232,0.0666666666666668,0.01154700538379252,0.4249600000000006,0.16821951373143842,9014.466666666662,30.853333333333328,71.12,-0.014616000000000004,-0.1146,0.04713677236157132,2,2.724,84
5.030666666666667,0.7507258709631406,0.05666666666666679,0.005773502691896254,0.2879600000000006,0.06908085697241238,7673.633333333329,30.48333333333333,73.12,-0.006030000000000002,-0.06580000000000004,0.0375210107757592,2,1.735,84
4.5040000000000004,0.8281159339126579,0.05000000000000013,0.009999999999999993,0.2303600000000006,0.08756878896069904,6879.199999999994,30.14333333333333,74.25333333333333,-0.008544,-0.07740000000000002,0.03348158483765018,2,1.3,84
3.844,0.35136306009601165,0.04333333333333347,0.005773502691896246,0.1676400000000006,0.036172984395043246,5622.533333333328,29.793333333333333,75.55666666666666,-0.0034739999999999992,-0.034799999999999984,0.029810439462734116,2,1.1560000000000001,84
3.548,0.3195997496870636,0.0366666666666668,0.005773502691896259,0.1310000000000006,0.029624287333949346,4526.133333333328,29.386666666666667,76.39,-0.0028860000000000005,-0.031200000000000006,0.028936633925810463,2,0.819,84
3.3346666666666667,0.11574685020926957,0.030000000000000134,0.010000000000000002,0.10073333333333394,0.036821348880479825,3408.066666666662,28.98,77.38333333333333,-0.003676000000000001,-0.01040000000000001,0.02954865456821048,2,0.5433333333333332,84
3.26,0.016000000001054275,0.02000000000000013,0.010000000000000004,0.06530666666666725,0.03292012960755698,2274.4333333333284,28.563333333333333,78.91333333333334,-0.003291999999999999,-0.0015999999999999793,0.028700760294742715,2,0.27033333333333337,84
3.1759999999999997,0.131878732174804,0.010000000000000129,0.010000000000000005,0.03254666666666726,0.03260013087977811,1345.8333333333285,28.179999999999996,80.13666666666666,-0.00326,-0.011799999999999988,0.024165326073506282,2,0.0,84
2.924,0.3800000000000439,0.003333333333333463,0.00577350269189627,0.010813333333333926,0.018729242733727117,619.1666666666619,27.793333333333333,81.54333333333334,-0.0016220000000000002,-0.03700000000000001,0.017436173071755996,2,0.0,84
2.6626666666666665,0.3136962437348689,0.0,0.0,0.0,2.1363489865080024e-07,213.06666666666183,27.48,82.36999999999999,0.0,-0.028200000000000003,0.0,2,0.0,84
1.936,0.94595560149514,0.0,0.0,0.0,2.1363489865080024e-07,51.099999999995156,27.259999999999994,83.54666666666667,0.0,-0.083,0.0,2,0.0,84
1.2106666666666668,1.1122901300170582,0.0,0.0,0.0,2.1363489865080024e-07,6.099999999995149,27.096666666666664,84.22333333333334,0.0,-0.1066,0.0,2,0.0,84
0.484,0.31269154129913695,0.0,0.0,0.0,2.1363489865080024e-07,0.26666666666181604,26.916666666666668,84.88,0.0,-0.028199999999999996,0.0,2,0.0,84
0.2946666666666667,0.028936712552792305,0.0,0.0,0.0,2.1363489865080024e-07,0.0,26.73,85.55333333333333,0.0,-0.0025999999999999994,0.0,2,0.0,84
0.2773333333333334,0.0023094010831601988,0.0,0.0,0.0,2.1363489865080024e-07,0.0,26.576666666666664,86.08,0.0,-0.00020000000000000017,0.0,2,0.0,84
0.276,1.719478022743525e-07,0.0,0.0,0.0,2.1363489865080024e-07,0.0,26.459999999999997,86.49333333333334,0.0,0.0,0.0,2,0.0,84
0.276,1.719478022743525e-07,0.0,0.0,0.0,2.1363489865080024e-07,0.0,26.36,87.32333333333334,0.0,0.0,0.0,2,0.0,84
1.508,2.133886594924864,0.02000000000000013,0.03464101615137754,0.07944000000000058,0.1375941161534347,2133.3333333333285,26.98333333333333,84.92666666666668,0.011916,0.1848,0.03722005310010968,2,1.986,84
4.158666666666666,3.979285027908075,0.05666666666666679,0.05507570547286102,0.38113333333333393,0.4691366407917584,6577.766666666662,27.716666666666665,81.85666666666667,0.045254,0.3976,0.05793385791663091,2,7.542333333333333,84
6.485333333333334,2.230208360968403,0.08000000000000013,0.0264575131106459,0.5504400000000006,0.33540749425145583,9531.933333333329,28.656666666666666,77.66000000000001,0.013480000000000002,0.1642,0.057740884232904965,2,4.232666666666667,84
7.28,0.9362307407899172,0.08333333333333347,0.023094010767585018,0.6193066666666673,0.24948356365374666,10424.699999999995,28.86,76.57000000000001,-0.023007999999999997,-0.09359999999999999,0.059401926649209895,2,3.707666666666667,84
7.310666666666667,0.9831405460733329,0.0866666666666668,0.02886751345948128,0.650413333333334,0.3030070793453063,10863.033333333327,29.263333333333332,75.77,0.024523999999999997,0.053200000000000004,0.05986849573976526,2,8.32,84
7.636,1.1093854154440819,0.10000000000000013,0.0264575131106459,0.7829466666666672,0.29640039496156456,12679.96666666666,29.649999999999995,74.42999999999999,0.02302999999999999,0.09379999999999997,0.061741875619366636,2,7.5459999999999985,84
8.24,0.07631513611360884,0.11000000000000014,0.009999999999999985,0.9069066666666673,0.09080794091581608,14207.46666666666,30.153333333333332,72.94333333333334,-0.00908,-0.007600000000000051,0.06382860923299262,2,6.806666666666667,84
8.223999999999998,0.05245950819478414,0.11000000000000014,0.009999999999999985,0.9049866666666672,0.08792121321598312,14311.633333333326,30.52666666666666,71.91333333333334,0.004356000000000004,0.002000000000000046,0.0632299204199554,2,8.272,84
8.237333333333334,0.06004442799604268,0.11333333333333347,0.011547005383792502,0.9340266666666673,0.10152127133448484,14569.96666666666,30.816666666666663,71.34333333333332,0.008792,0.005200000000000049,0.0641019012694194,2,8.272,84
8.308000000000002,0.062353829072787276,0.1266666666666668,0.011547005383792521,1.0528266666666672,0.10424636460504995,15861.099999999997,31.24666666666666,70.02666666666666,0.009028000000000013,0.005400000000000027,0.06637372521082754,2,9.776666666666669,84
8.329333333333334,0.05430776494546265,0.13000000000000014,0.010000000000000002,1.083173333333334,0.09028106630611264,16784.733333333326,31.58,68.40666666666665,0.0045520000000000005,0.0032000000000000028,0.06452940195245176,2,9.030666666666667,84
8.430666666666667,0.12777062781943108,0.1466666666666668,0.02081665999466133,1.2382666666666673,0.1954204383716483,19138.36666666666,32.026666666666664,67.18333333333332,0.014235999999999993,0.009799999999999986,0.06469736894811919,2,12.149333333333335,84
8.504,0.14598630072728844,0.16000000000000014,0.026457513110645908,1.3632000000000006,0.2462258605427802,21287.53333333333,32.31999999999999,65.64666666666666,0.023215999999999994,0.013199999999999967,0.06403447239202328,2,12.899999999999997,84
8.674666666666669,0.15058995097074707,0.19000000000000014,0.026457513110645915,1.650826666666667,0.2600427944269237,25748.366666666665,32.85333333333333,64.68,0.024432,0.013600000000000011,0.06411135031152872,2,16.221333333333334,84
8.773333333333333,0.15058995097074707,0.2100000000000001,0.026457513110645915,1.8450400000000007,0.2615025261828807,28824.733333333326,33.556666666666665,61.42666666666668,0.024628000000000018,0.013600000000000011,0.06400669771916763,2,17.00466666666667,84
8.886666666666668,0.047721413782199955,0.23000000000000012,0.009999999999999948,2.0442400000000007,0.0995710158631829,31768.33333333333,34.44333333333333,59.35,0.009951999999999994,0.0045999999999999375,0.06434632979393129,2,17.88,84
8.993333333333334,0.15503977984172992,0.25000000000000017,0.0264575131106459,2.251066666666667,0.2786354445029517,34737.19999999999,35.48333333333333,55.866666666666674,0.026323999999999993,0.01479999999999997,0.06480090121729588,2,21.392,84
9.014666666666669,0.13280562237108828,0.25333333333333347,0.023094010767585035,2.2857600000000002,0.24359609849097305,34584.69999999999,36.486666666666665,53.00333333333333,-4.800000000000359e-05,-0.00019999999999997797,0.06608974229233472,2,17.872,84
9.054666666666668,0.11609191760571552,0.2633333333333335,0.020816659994661323,2.3859600000000007,0.21754788714217113,34671.93333333333,37.54666666666666,51.29333333333333,-0.006041999999999992,-0.005399999999999938,0.06881332989805693,2,20.385,84
9.258666666666668,0.4557250633149027,0.3066666666666668,0.09073771725877465,2.86688,1.0012163618319554,36528.06666666666,38.19666666666666,49.47,0.09325799999999998,0.042199999999999974,0.07848215850026283,2,33.41499999999999,84
9.744,0.6667293303883056,0.4133333333333335,0.14502873278538067,4.09184,1.6881557620077612,44425.29999999999,38.97666666666666,47.93666666666667,0.16866600000000004,0.06659999999999995,0.09210400145859551,2,48.49600000000001,84
10.297333333333333,0.4770967756476392,0.5466666666666669,0.13051181300301273,5.670573333333334,1.591535900359562,51604.733333333315,40.25999999999999,44.73666666666666,0.1586300000000001,0.04700000000000006,0.10988262286102585,2,59.853333333333346,84
10.070666666666668,0.8564702758025952,0.5100000000000001,0.19000000000000009,5.243973333333335,2.281316925403686,48863.89999999999,41.72,42.089999999999996,-0.15447600000000003,-0.06459999999999999,0.10731574879582965,2,22.75,84
9.666666666666666,0.913089991913926,0.4266666666666668,0.21079215671683174,4.252733333333334,2.5378263323823678,44315.83333333332,41.883333333333326,42.81333333333333,-0.21683000000000002,-0.07700000000000004,0.09596203098145556,2,23.715,84
8.985333333333335,0.27086035762615995,0.2766666666666668,0.0493288286231624,2.4948400000000004,0.510886387370054,35953.33333333332,41.69333333333333,42.836666666666666,-0.041064,-0.021199999999999976,0.06938913251068489,2,15.906,84
8.781333333333334,0.35782304751562866,0.23666666666666683,0.06658328118479383,2.0941200000000006,0.6782584392398154,31824.99999999999,40.63999999999999,44.56666666666666,-0.06589800000000001,-0.034600000000000006,0.06579903223779304,2,12.732,84
9.214666666666668,1.0998351391610341,0.34000000000000014,0.2433105012119288,3.3113866666666674,2.765905628855285,36373.06666666666,41.29,43.19333333333333,0.22944400000000004,0.09020000000000002,0.0910370208811773,2,54.14666666666667,84
9.992,1.328987584592134,0.5166666666666668,0.2987194893764606,5.427146666666668,3.489475175514696,44735.56666666665,42.86333333333334,40.66,0.33640800000000004,0.12599999999999997,0.12131343710625991,2,68.80000000000001,84
10.395999999999999,0.6580334338010745,0.6100000000000002,0.1452583904633397,6.405200000000001,1.8986869989547968,54612.5,46.23666666666666,34.559999999999995,-0.10178000000000002,-0.039000000000000055,0.117282356926401,2,37.18333333333333,84
10.114666666666666,0.7743108764142261,0.5500000000000002,0.1734935157289749,5.652613333333334,2.2573336856861275,54612.5,48.18333333333333,31.336666666666662,-0.20080800000000001,-0.0686,0.10350212554282978,2,35.332,84
9.873333333333333,0.35708449046880786,0.4966666666666668,0.08144527815247116,4.923133333333333,0.9973079077864201,54612.5,48.36666666666665,30.016666666666666,0.08027800000000003,0.02920000000000007,0.09014498857120187,2,50.563,84
10.061333333333335,0.3684851874002097,0.5366666666666667,0.08386497083606119,5.4201733333333335,1.0237989117660355,54612.5,47.346666666666664,31.929999999999996,0.08566399999999996,0.031400000000000004,0.09924603501576229,2,49.609333333333325,84
10.061333333333332,0.3684851874002097,0.5333333333333335,0.08962886439832539,5.388053333333333,1.0793499038464398,54612.5,47.423333333333325,30.12,-0.09620400000000004,-0.032400000000000075,0.09865790204497667,2,34.528999999999996,84
10.005333333333333,0.328300675194809,0.5166666666666668,0.07767453465154073,5.186413333333333,0.9359087086534248,54612.5,47.99333333333333,29.596666666666664,-0.024523999999999945,-0.007399999999999985,0.09496577464058033,2,45.522,84
9.941333333333333,0.2653400334163081,0.5000000000000001,0.060827625302982795,4.981426666666668,0.7283472933520961,54612.5,47.839999999999996,29.346666666666664,0.059734000000000044,0.021799999999999996,0.091212368126318,2,44.48466666666667,84
9.299999999999999,1.3754242981713072,0.3833333333333335,0.2627419519858476,3.8059200000000004,2.7624216240103547,39470.266666666656,44.11333333333332,36.596666666666664,-0.24228400000000003,-0.1202,0.09642254534522164,2,5.141333333333333,84
5.984000000000001,5.173180066458158,0.2033333333333335,0.2857154761879963,1.9850400000000006,2.9202260548115144,21266.09999999999,37.643333333333324,51.383333333333326,-0.26690800000000003,-0.4952,0.09333853698905828,2,0.0,84
3.724,3.790508145354662,0.036666666666666854,0.040414518843275925,0.2385733333333339,0.3313921189970796,3731.666666666657,31.97666666666666,67.16333333333334,-0.02591,-0.221,0.06391498481871793,2,0.823,84
4.206666666666667,4.56524668920896,0.09333333333333353,0.13650396819628904,0.7962533333333339,1.2945646807067497,13590.833333333323,30.38666666666666,73.58666666666666,0.1145,0.44960000000000006,0.05858321786366822,2,19.083333333333332,84
7.166666666666667,3.3560270161804975,0.17333333333333353,0.12423096769056205,1.5200933333333342,1.2323354701270919,28136.666666666657,32.18333333333333,70.37666666666667,0.10363800000000001,0.2878,0.05402343240969998,2,18.096,84
9.209333333333333,0.190843740618785,0.2700000000000002,0.04358898943540803,2.491973333333334,0.4562966076285797,42756.66666666666,34.53666666666666,62.553333333333335,0.03622000000000001,0.012999999999999989,0.058281321868203013,2,25.120000000000005,84
9.06,0.3541525095210212,0.25000000000000017,0.06557438524302092,2.2804000000000006,0.6860706482571742,38617.49999999999,35.553333333333335,59.72333333333333,-0.025812000000000012,-0.016800000000000016,0.05904941931975611,2,13.793999999999999,84
9.002666666666665,0.37060670977920845,0.24666666666666684,0.06658328118479484,2.237053333333334,0.7003488346055508,33696.66666666666,35.769999999999996,57.72,-0.04864600000000001,-0.027200000000000023,0.06638600100897198,2,17.01233333333333,84
8.734666666666667,0.1314736982569923,0.20333333333333356,0.023094010767587957,1.777933333333334,0.2284202454542016,26309.99999999999,35.17666666666667,60.44666666666666,-0.0009119999999999906,-0.004800000000000004,0.06757376509191344,2,13.642000000000001,84
8.905333333333333,0.30505955702677134,0.24333333333333354,0.06110100926607885,2.1793200000000006,0.6227482149312192,30492.233333333323,35.333333333333336,60.136666666666656,0.04089800000000001,0.017400000000000037,0.07146897071153495,2,23.828666666666667,84
8.813333333333334,0.3557377311073009,0.2300000000000002,0.069282032302756,2.043493333333334,0.706632176265244,28909.99999999999,35.779999999999994,59.65666666666666,-0.00015200000000000768,-0.0008000000000000007,0.07068220861725069,2,13.616666666666665,84
9.116,0.4713724641936937,0.28666666666666685,0.08736894948054164,2.640693333333334,0.9170991007155925,35258.33333333332,35.97333333333332,58.46999999999999,0.028459999999999975,0.014999999999999947,0.07489345610618471,2,28.571999999999996,84
7.38,2.9497145624619407,0.2000000000000002,0.15524174696260068,1.7544800000000007,1.6172891946711396,24355.566666666655,35.099999999999994,61.11666666666665,-0.07165999999999999,-0.2292,0.07203314095993284,2,1.6733333333333333,83
7.237333333333333,2.870490782659539,0.17666666666666686,0.1625833119767631,1.536693333333334,1.6842310555661177,21855.866666666658,33.64333333333333,64.88,-0.12239999999999998,-0.06759999999999992,0.07030711934922058,2,8.172,83
6.78,2.3937151041842974,0.09666666666666686,0.04041451884327602,0.719893333333334,0.4495496152076737,13157.233333333323,32.69333333333333,67.57,0.038872,0.20679999999999996,0.05471048545017451,2,8.152,83
8.202666666666666,0.07114304838400191,0.12666666666666687,0.011547005383792521,1.0395466666666675,0.10411471621900702,17522.49999999999,32.43,67.31666666666666,0.008956000000000002,0.005600000000000005,0.05932300434654424,2,9.664666666666667,83
8.296000000000001,0.15035956903381437,0.1400000000000002,0.019999999999999997,1.1634400000000007,0.1870671494411294,19383.033333333322,32.60666666666666,66.73,0.018704000000000005,0.015000000000000036,0.06002053236254587,2,11.269333333333332,83
8.306666666666667,0.13543017881317163,0.1400000000000002,0.019999999999999997,1.1647200000000009,0.1851698290759859,19251.666666666657,32.78,66.18666666666667,-0.008884000000000013,-0.005000000000000071,0.060496554589840434,2,8.183999999999997,83
8.293333333333335,0.14064612804257287,0.13666666666666685,0.020816659994661327,1.135373333333334,0.1931533704944427,18793.89999999999,32.906666666666666,66.29333333333334,-0.014029999999999997,-0.01040000000000001,0.060408586017128826,2,8.931000000000001,83
8.328,0.19971980372520376,0.14333333333333353,0.032145502536643174,1.1979600000000008,0.2996554741699698,19240.299999999992,33.07999999999999,66.2,0.0279,0.018599999999999995,0.062259826518998265,2,12.833999999999998,83
8.517333333333333,0.2561978402199466,0.17333333333333353,0.040414518843273774,1.483240000000001,0.38624952970848603,22740.833333333325,33.493333333333325,65.02999999999999,0.03831,0.025400000000000044,0.06522077522334031,2,15.315999999999999,83
8.644,0.09951884243715145,0.19666666666666685,0.015275252316519387,1.700933333333334,0.15034752985452676,25444.699999999993,33.96333333333333,63.32333333333332,0.009236000000000012,0.0034000000000000696,0.06684560980178711,2,14.373333333333335,83
8.857333333333335,0.3001954918604897,0.23666666666666689,0.05507570547286098,2.1071733333333342,0.5671525527874784,30535.266666666652,34.809999999999995,60.62333333333333,0.046043999999999995,0.022199999999999952,0.06900559771550338,2,22.99,83
8.833333333333334,0.31532417181903705,0.23666666666666689,0.05507570547286098,2.102133333333334,0.5707971034731637,30556.099999999988,35.34333333333333,58.49333333333333,0.004899999999999993,0.002799999999999958,0.06879361370461644,2,15.190000000000001,83
8.757333333333333,0.4055679145757979,0.2200000000000002,0.07549834435270747,1.9470000000000007,0.7573766038108267,28674.433333333323,35.50999999999999,58.096666666666664,-0.07497,-0.039999999999999945,0.06789784054411271,2,10.495000000000001,83
8.449333333333334,0.20916341298937502,0.16666666666666688,0.03785938897200179,1.4134266666666673,0.3581289294840073,21764.69999999999,34.79333333333333,59.98999999999999,-0.03323599999999999,-0.020399999999999974,0.06493825912636247,2,9.650666666666668,83
8.397333333333334,0.12600529089432744,0.15666666666666687,0.020816659994661268,1.3172666666666675,0.19468063009288347,21142.49999999999,34.126666666666665,61.31333333333333,0.01374599999999998,0.006399999999999917,0.06230125885812038,2,12.785999999999998,83
8.318666666666665,0.1864331873175068,0.14666666666666686,0.030550504633038884,1.2238666666666673,0.2833469035182193,19933.333333333325,33.52333333333333,62.783333333333324,-0.008944000000000013,-0.005600000000000005,0.061394913298664,2,8.159999999999998,83
7.161333333333332,2.0530575572383185,0.1200000000000002,0.05999999999999996,0.9338400000000006,0.6243969352903908,16399.733333333323,32.96,64.28333333333332,-0.06231599999999998,-0.18619999999999998,0.056938917365483725,2,2.4,83
6.212,1.7429492247337686,0.0800000000000002,0.034641016151377456,0.5359200000000007,0.3847902119337711,10852.766666666657,32.133333333333326,67.63666666666666,-0.031932,-0.1242,0.04937640696163862,2,2.838,83
5.518666666666667,0.6543434368383183,0.06333333333333353,0.005773502691896261,0.3513866666666674,0.0694359599441931,8237.49999999999,31.476666666666663,69.84666666666666,0.006880000000000002,0.06400000000000002,0.042651777224818575,2,3.546666666666667,83
6.010666666666666,0.30594988696415376,0.06666666666666687,0.005773502691896261,0.40182666666666744,0.05350012087249065,8639.433333333323,31.08333333333333,71.58999999999999,0.004938000000000003,0.02999999999999998,0.04650538360344596,2,3.6610000000000005,83
6.789333333333334,1.063385787629952,0.08000000000000021,0.017320508075688773,0.5553733333333342,0.2130026340996038,10043.59999999999,31.096666666666664,72.20666666666666,0.018780000000000005,0.09660000000000002,0.05529073664788392,2,6.6766666666666685,83
7.566666666666667,1.1355022383656352,0.10666666666666687,0.04041451884327381,0.8341066666666676,0.4122262414419624,13661.666666666657,31.456666666666663,71.55333333333333,0.041124,0.10680000000000005,0.061050063433200075,2,10.515,83
8.245333333333333,0.20816659994668482,0.1300000000000002,0.02645751311064593,1.075560000000001,0.24261479921890897,16906.933333333323,32.13333333333333,69.61999999999999,0.018123999999999994,0.014999999999999947,0.06361274194756711,2,9.697333333333335,83
8.412,0.10000000000014676,0.15666666666666687,0.020816659994661337,1.319213333333334,0.19083132796625038,20352.49999999999,32.86333333333334,66.68666666666667,0.013517999999999997,0.004999999999999982,0.06481506047280983,2,12.767999999999999,83
8.437333333333333,0.10920317455716498,0.16333333333333355,0.02081665999466133,1.3796000000000008,0.19223746981280398,21183.333333333325,33.44333333333333,64.26333333333334,0.013963999999999999,0.008800000000000007,0.06512359762717737,2,12.024666666666667,83
8.709333333333333,0.36277449377452464,0.21000000000000021,0.06082762530298218,1.843653333333334,0.6183822006925475,25844.166666666657,33.839999999999996,62.383333333333326,0.05118400000000002,0.030799999999999984,0.07133454998033165,2,21.29866666666667,83
8.696,0.37420849803288736,0.20333333333333356,0.06658328118479391,1.7847733333333344,0.6691930153052694,25175.266666666652,34.306666666666665,61.01333333333333,-0.004371999999999998,-0.0008000000000000007,0.0708911037908719,2,11.296000000000001,83
8.678666666666667,0.3895501679288083,0.2000000000000002,0.06928203230275509,1.7537066666666676,0.6946738139107871,24605.533333333326,34.51,60.173333333333325,-0.06030400000000001,-0.034600000000000006,0.0712699608234128,2,11.248000000000001,83
8.426666666666668,0.05064911976888481,0.15666666666666687,0.005773502691896267,1.3203600000000009,0.055984726488828324,20349.699999999986,34.48,59.91333333333333,-0.004986000000000002,-0.004999999999999982,0.06488032352695493,2,10.465,83
8.413333333333332,0.03585154575974263,0.15666666666666687,0.005773502691896267,1.3182266666666675,0.05406402624076631,19968.59999999999,34.339999999999996,60.36333333333332,-3.19999999999987e-05,-0.00019999999999997797,0.06601167107336492,2,11.242666666666668,83
8.306666666666667,0.1678253059981215,0.14333333333333353,0.020816659994661344,1.1929466666666675,0.19533731372516458,18154.166666666657,34.059999999999995,61.50666666666666,-0.014094000000000006,-0.012800000000000011,0.06570838420651612,2,8.116,83
8.289333333333333,0.16021652016369334,0.1400000000000002,0.02000000000000002,1.1626133333333342,0.18760955768127494,17388.89999999999,33.82999999999999,62.24999999999999,-0.009216000000000002,-0.005600000000000005,0.06685566526163662,2,9.706666666666667,83
8.173333333333334,0.12802083163830472,0.12000000000000022,0.020000000000000025,0.9823733333333342,0.17835031296121995,15142.49999999999,33.48,62.633333333333326,-0.008275999999999995,-0.0016000000000000014,0.0648709567361135,2,6.736666666666667,83
8.158666666666667,0.13984753602893135,0.11666666666666688,0.020816659994661355,0.9537066666666676,0.18708595386443458,14586.366666666656,33.166666666666664,63.04333333333333,-0.013844000000000006,-0.012400000000000055,0.06537894662276274,2,7.399333333333333,83
8.050666666666666,0.04772141378210756,0.10333333333333354,0.0057735026918963595,0.8319733333333342,0.04865061287760207,12902.766666666657,32.85999999999999,63.69666666666666,-0.00043999999999999595,-0.0043999999999999595,0.06447523074657799,2,6.663333333333334,83
7.952000000000001,0.14702380759601327,0.09666666666666686,0.015275252316519512,0.7701866666666676,0.13486738572897003,12060.266666666657,32.379999999999995,64.77666666666666,-0.013243999999999995,-0.014199999999999945,0.06385620084126059,2,5.192,83
6.788,1.9150101827405586,0.07666666666666688,0.025166114784235877,0.5505466666666676,0.29212591896880463,9822.766666666657,31.94666666666666,66.26333333333334,-0.028530000000000007,-0.1708,0.05604231913760182,2,1.9083333333333334,83
6.096,1.6112256204517188,0.06333333333333353,0.015275252316519562,0.40241333333333423,0.20121805220548625,8443.866666666656,31.499999999999996,67.79333333333334,-0.013392000000000005,-0.09340000000000001,0.04765182793491921,2,2.96,83
5.821333333333333,1.1950587154334125,0.0600000000000002,0.010000000000000158,0.3572266666666675,0.12925191732957061,7950.266666666656,31.269999999999992,69.42999999999999,0.012924000000000001,0.11920000000000001,0.04492701372527664,2,4.062333333333334,83
5.708000000000001,1.3743187403219184,0.06000000000000021,0.010000000000000158,0.3515600000000009,0.1377760675880861,7861.3999999999905,31.17333333333333,70.32,-0.007159999999999997,-0.08399999999999999,0.04471408221408238,2,1.7666666666666668,83
5.153333333333333,1.5681037380649776,0.05666666666666687,0.011547005383792658,0.30409333333333427,0.158818015770789,7241.133333333324,31.06333333333333,70.81333333333333,-0.013734000000000001,-0.13540000000000002,0.04198946903306595,2,1.7733333333333334,83
4.1866666666666665,0.1065332498957572,0.05,0.0,0.20933333333333426,0.0053266624983505,6304.733333333324,30.816666666666663,71.67,-0.0004400000000000001,-0.008800000000000007,0.0331973019262895,2,1.6933333333333336,83
3.9373333333333336,0.39743846483871065,0.04666666666666688,0.005773502691896259,0.18522666666666757,0.03973555251121506,5670.833333333324,30.53333333333333,72.52666666666666,-0.003656000000000001,-0.03820000000000001,0.032657283065440544,2,1.164,83
3.605333333333333,0.41380832922181476,0.03666666666666687,0.015275252316519466,0.13602666666666757,0.06907249911051377,4499.699999999991,30.24333333333333,73.40333333333332,-0.006900000000000001,-0.040200000000000014,0.030223446723102593,2,0.5433333333333332,83
3.3333333333333335,0.13754029712541907,0.02333333333333354,0.015275252316519465,0.07912000000000088,0.05493891881024824,2960.5333333333238,29.88333333333333,74.49666666666667,-0.005359999999999999,-0.012199999999999989,0.02671589041712665,2,0.27066666666666667,83
3.238666666666667,0.027227437142487734,0.013333333333333537,0.005773502691896249,0.04325333333333422,0.01900742311237031,1753.866666666657,29.47666666666666,75.55,-0.0016559999999999995,-0.00259999999999998,0.024647646544847357,2,0.26733333333333337,83
3.138666666666667,0.15601709308068687,0.00666666666666687,0.005773502691896258,0.02152000000000089,0.01863793980137049,966.666666666657,29.129999999999995,76.83666666666666,-0.001624,-0.014400000000000013,0.022239063038237448,2,0.0,83
2.8586666666666667,0.4095135325399474,0.003333333333333537,0.005773502691896257,0.010693333333334222,0.01852139663667215,481.66666666665697,28.843333333333323,77.98666666666666,-0.0016040000000000002,-0.040000000000000015,0.02215469613259897,2,0.0,83
2.64,0.2863284826907939,0.0,0.0,0.0,1.992056317355058e-07,178.33333333332362,28.62666666666666,79.17666666666666,0.0,-0.020399999999999995,0.0,2,0.0,83
1.9866666666666666,0.8575064625606872,0.0,0.0,0.0,1.992056317355058e-07,35.53333333332363,28.45333333333333,79.90666666666667,0.0,-0.07039999999999999,0.0,2,0.0,83
1.308,1.1221621986148027,0.0,0.0,0.0,1.992056317355058e-07,5.266666666656966,28.316666666666663,80.11999999999999,0.0,-0.10900000000000001,0.0,2,0.0,83
0.5519999999999999,0.3904663877979835,0.0,0.0,0.0,1.992056317355058e-07,0.2666666666569654,28.219999999999995,80.72666666666667,0.0,-0.0358,0.0,2,0.0,83
0.312,0.052000000000042935,0.0,0.0,0.0,1.992056317355058e-07,0.0,28.153333333333325,81.56333333333333,0.0,-0.004599999999999998,0.0,2,0.0,83
0.2826666666666667,0.00230940107770524,0.0,0.0,0.0,1.992056317355058e-07,0.0,28.10666666666666,81.51666666666667,0.0,0.0,0.0,2,0.0,83
2.964,4.645360696436824,0.043333333333333536,0.07505553499465135,0.3608800000000009,0.6250624954354859,6355.266666666656,28.12333333333333,78.51333333333334,0.054132,0.4024,0.05677546568216167,2,9.022,83
5.716,4.7053994516937685,0.09333333333333353,0.08144527815247077,0.7876800000000008,0.6892801253482023,13286.933333333325,28.27333333333333,75.14333333333333,0.06402,0.41259999999999997,0.059277841048771165,2,10.67,83
8.491999999999999,0.14702380759602876,0.14666666666666686,0.015275252316519416,1.2469866666666676,0.15044902038020366,20583.59999999999,28.686666666666664,71.36666666666667,0.014764,0.014200000000000036,0.060578620263044614,2,11.482666666666667,83
8.568,0.039395431207618674,0.15666666666666687,0.005773502691896133,1.3424266666666675,0.05390316255436401,21433.89999999999,29.193333333333328,69.64666666666666,0.004427999999999999,0.0009999999999999788,0.06262808161767343,2,11.408,83
8.556,0.05600000000030441,0.16,0.0,1.3689600000000006,0.00896000000159837,21582.49999999999,29.683333333333326,67.86333333333333,-0.0008959999999999968,-0.005600000000000005,0.06342622836889296,2,11.333333333333334,83
8.554666666666666,0.054012344268393304,0.16,0.0,1.3687466666666677,0.00864197508454974,21718.333333333325,29.933333333333326,66.50666666666666,0.00041600000000000523,0.002600000000000069,0.06301973664016704,2,11.477333333333334,83
8.717333333333334,0.2880092591104821,0.18666666666666687,0.04618802153517005,1.6359466666666675,0.4630693379326253,25137.49999999999,30.459999999999997,64.61,0.040527999999999995,0.027200000000000023,0.06507733821296689,2,18.088,83
8.973333333333334,0.33562677684203146,0.23333333333333353,0.0702376916856849,2.1094133333333343,0.7035556976767059,30725.566666666655,31.64333333333333,61.54333333333333,0.07015600000000001,0.03300000000000001,0.06865112383746101,2,23.17,83
9.326666666666666,0.3161096856051299,0.3100000000000002,0.07549834435270747,2.907160000000001,0.807476980229168,39576.133333333324,33.48,56.63999999999999,0.07999799999999999,0.03119999999999994,0.07345554756366054,2,31.421,83
9.594666666666667,0.2968725877095732,0.37666666666666687,0.07094598884597587,3.628013333333334,0.7861081109703318,47155.56666666665,35.94333333333333,50.69333333333333,0.077636,0.029000000000000005,0.07693548512508336,2,36.10933333333333,83
9.882666666666667,0.2339344637572302,0.4533333333333336,0.0709459888459759,4.491200000000001,0.8113532172857901,52691.39999999999,38.196666666666665,44.59333333333333,0.079972,0.02320000000000002,0.08523430323917686,2,44.74966666666666,83
9.942666666666668,0.16396747645000653,0.47666666666666685,0.04725815626252615,4.744386666666668,0.550640360792172,54612.5,39.91333333333333,41.51666666666666,0.009848000000000034,0.0,0.08687204934066978,2,37.750666666666675,83
9.724000000000002,0.48211202017793214,0.43333333333333357,0.11239810200058246,4.249853333333334,1.2833743362454069,50381.1,40.13999999999999,40.29333333333333,-0.126022,-0.04699999999999997,0.08435244527983816,2,23.746000000000002,83
9.345333333333334,0.4462166887660911,0.3466666666666669,0.10016652800877815,3.269506666666668,1.111759837614828,44689.69999999999,39.339999999999996,41.656666666666666,-0.10505800000000003,-0.04260000000000001,0.07315854678191813,2,20.241,83
9.052000000000001,0.12204917041929125,0.28000000000000025,0.026457513110646036,2.5367066666666678,0.2752327025143538,38563.299999999996,38.28999999999999,43.47999999999999,-0.025892000000000005,-0.01120000000000001,0.06577862600038555,2,19.430666666666667,83
9.116,0.2325166660694197,0.29333333333333356,0.049328828623162534,2.681666666666667,0.5242418408839123,40382.19999999999,37.57333333333333,45.47666666666667,0.04277399999999998,0.019399999999999994,0.06640550195790992,2,27.37,83
9.08,0.26629307163356275,0.2866666666666669,0.05507570547286108,2.6126933333333344,0.5842942838444972,39420.533333333326,37.313333333333325,47.45666666666667,-0.005484,-0.0040000000000000036,0.06627579174156938,2,18.516666666666666,83
9.149333333333333,0.24907294781523695,0.3033333333333335,0.05033222956847172,2.783653333333334,0.5338123795242599,41751.09999999999,37.099999999999994,47.78666666666666,-0.02199199999999999,-0.01040000000000001,0.06667097782706342,2,23.704666666666665,83
9.128,0.21996363335796704,0.2966666666666669,0.04163331998932275,2.714053333333334,0.4415113051025457,41395.83333333332,37.346666666666664,48.21666666666666,0.04268000000000001,0.02160000000000002,0.06556185859626948,2,25.630000000000003,83
9.329333333333334,0.1582066159595499,0.3366666666666669,0.030550504633038978,3.1440666666666677,0.3389662976364308,47356.39999999999,37.86333333333333,45.75666666666666,0.033374000000000015,0.015800000000000036,0.06639018752437145,2,29.267000000000003,83
9.182666666666668,0.39626926872187795,0.3100000000000002,0.07211102550927982,2.8656400000000013,0.7730681118763199,43528.633333333324,38.25666666666666,44.27,-0.05331599999999999,-0.029199999999999983,0.06583193517978944,2,16.744000000000003,83
8.949333333333334,0.47352859822123894,0.2633333333333336,0.09451631252505222,2.3863733333333346,0.9923927805729725,37162.49999999999,37.87666666666666,44.386666666666656,-0.09371200000000002,-0.04360000000000008,0.06421282530798593,2,13.648333333333332,83
8.593333333333334,0.157700137391726,0.1966666666666669,0.030550504633039197,1.6930533333333344,0.29254001116661243,27365.833333333325,36.73666666666666,47.19,-0.028860000000000018,-0.015600000000000058,0.061865153074585476,2,11.934000000000001,83
8.502666666666666,0.10356318522220541,0.1766666666666669,0.011547005383793286,1.5029200000000007,0.11685897826025105,24847.49999999999,35.60999999999999,49.663333333333334,-0.009945999999999988,-0.007799999999999941,0.06048332897357994,2,11.990666666666668,83
8.522666666666666,0.1377146808926665,0.18000000000000024,0.01732050807568877,1.5356533333333342,0.1735386128023468,25141.666666666657,35.12666666666666,50.46,0.015195999999999998,0.012800000000000011,0.06107758392109036,2,14.466666666666667,83
8.644,0.1649727250185186,0.1966666666666669,0.025166114784235815,1.7027466666666677,0.24891154198502186,27856.933333333323,35.22666666666666,51.279999999999994,0.02472399999999999,0.016199999999999992,0.06112250489986102,2,16.111333333333334,83
8.706666666666665,0.07181457605089116,0.2066666666666669,0.011547005383792474,1.7999200000000009,0.1155963459631278,29106.63333333332,35.51333333333333,51.393333333333324,-0.00028000000000000247,-0.0014000000000000234,0.06183670033862829,2,14.42,83
8.650666666666666,0.1380048308334505,0.20000000000000026,0.019999999999999987,1.7319733333333343,0.2006046273976777,27975.533333333326,35.49666666666666,52.10999999999999,-0.02006,-0.01379999999999999,0.06190807533933206,2,12.767999999999999,83
8.752,0.3026549190084906,0.22333333333333352,0.05859465277082314,1.9664133333333342,0.5888699582533983,32030.533333333326,35.64666666666666,51.349999999999994,0.04531400000000001,0.022000000000000065,0.06138992201434841,2,21.972333333333335,83
8.937333333333333,0.37288782942510834,0.2633333333333336,0.07371114795831994,2.371800000000001,0.7434735373905531,39341.36666666666,36.706666666666656,49.41666666666666,0.07072000000000002,0.034799999999999984,0.06028615462042196,2,24.55466666666667,83
9.333333333333334,0.32279611728359914,0.34333333333333355,0.06806859285554052,3.2190800000000004,0.7564208870728084,49312.19999999999,38.64333333333333,45.026666666666664,0.07186599999999999,0.030399999999999937,0.06527826220971264,2,33.949999999999996,83
9.470666666666666,0.24768797575451065,0.3700000000000003,0.050000000000000135,3.512346666666667,0.5637313648657002,53031.099999999984,41.06666666666666,39.73666666666666,0.028495999999999966,0.01479999999999997,0.06623057858667993,2,29.303999999999995,83
9.529333333333334,0.15951593441837444,0.38000000000000017,0.036055512754640126,3.62496,0.40582381990219746,54612.5,42.57666666666666,36.63333333333333,-0.03948,-0.015799999999999946,0.06637479744019337,2,27.37,83
9.368,0.14466513056031954,0.34333333333333355,0.03055050463303913,3.219280000000001,0.3345476324830512,54424.43333333333,42.97,35.60999999999999,-0.032975999999999984,-0.014400000000000013,0.05915028696755135,2,23.808,83
9.074666666666667,0.399225917662378,0.2866666666666669,0.0776745346515403,2.622053333333334,0.8058994332628313,53606.36666666666,41.586666666666666,38.16333333333333,-0.07797999999999998,-0.03799999999999999,0.0489121830892645,2,14.373333333333335,83
8.682666666666668,0.5065543735211145,0.21333333333333357,0.09073771725877464,1.8829333333333345,0.9053772776767477,42611.633333333324,39.39333333333333,41.57999999999999,-0.08949599999999999,-0.05039999999999996,0.044187208957593996,2,8.892,83
8.318666666666667,0.26774116854411983,0.15000000000000022,0.04358898943540658,1.2555733333333343,0.4089665205531668,31015.799999999992,37.023333333333326,45.96,-0.037496,-0.025,0.040480427811164746,2,8.124,83
8.088000000000001,0.14147791347075658,0.11333333333333355,0.02081665999466083,0.9186000000000009,0.18318317389987865,18334.433333333323,35.33,50.276666666666664,-0.017658,-0.01379999999999999,0.0500997158507299,2,5.949,83
7.9586666666666686,0.15374437659105844,0.09666666666666689,0.020816659994660747,0.7714533333333343,0.18161813272183955,15224.99999999999,33.97666666666666,54.0,-0.017464,-0.015200000000000014,0.05066684180568336,2,5.213333333333334,83
7.858666666666667,0.06354001364001964,0.08666666666666689,0.0057735026918939916,0.6812133333333342,0.04840714547841518,12962.49999999999,33.11666666666666,57.49999999999999,-0.00048599999999999756,-0.005400000000000027,0.05254856584512938,2,5.868,83
7.8293333333333335,0.012858201016239947,0.08666666666666689,0.0057735026918939916,0.6785733333333342,0.045885079637813374,12317.49999999999,32.33666666666666,59.39333333333334,0.004017999999999999,0.001200000000000001,0.05508571119319193,2,5.883,83
7.828,0.014422205103267523,0.09,0.0,0.7045200000000009,0.0012979984726207779,12348.899999999989,32.08333333333333,60.336666666666666,-3.60000000000027e-05,-0.00040000000000000034,0.05704661576207108,2,5.862,83
7.610666666666667,0.38015435461582664,0.08333333333333355,0.011547005383792507,0.6371466666666675,0.1170125896361961,11793.633333333324,31.783333333333328,60.283333333333324,-0.010196,-0.03360000000000003,0.054020048666201415,2,4.183666666666666,83
7.061333333333333,0.8156502518441219,0.07666666666666688,0.0115470053837925,0.546400000000001,0.140225093332243,10811.966666666658,31.689999999999998,60.703333333333326,-0.013485999999999995,-0.081,0.050531923092336804,2,3.614333333333334,83
6.532,0.5544871504372751,0.07,0.0,0.4572400000000009,0.03881410053108332,9545.566666666657,31.379999999999995,61.60999999999999,-0.0033040000000000014,-0.0472,0.047895753097972546,2,3.633,83
5.753333333333333,0.7945950750749639,0.06666666666666689,0.005773502691896261,0.3866133333333342,0.08353854519544247,8395.29999999999,31.06,62.69333333333333,-0.007178000000000001,-0.06799999999999998,0.04604567885060499,2,2.418,83
5.248,0.8522816435897572,0.06333333333333356,0.005773502691896261,0.3356400000000009,0.08700562740442767,7769.733333333324,30.83333333333333,63.28666666666666,-0.007758000000000001,-0.0774,0.04319283465310026,2,2.34,83
4.582666666666666,0.31354319213370774,0.056666666666666886,0.005773502691896254,0.26085333333333427,0.042910610964796175,7063.8999999999905,30.656666666666666,63.76333333333333,-0.003928000000000001,-0.030200000000000005,0.03692243815670917,2,1.7633333333333334,83
4.068,0.708384076613855,0.04666666666666689,0.015275252316519461,0.19705333333333422,0.0918876734571762,5901.666666666657,30.379999999999995,64.17333333333333,-0.009102,-0.06939999999999999,0.03338378134176664,2,0.823,83
3.5973333333333333,0.5497684361014188,0.03666666666666689,0.011547005383792504,0.13613333333333422,0.06535704195703151,4526.933333333323,29.966666666666658,64.82,-0.005678000000000001,-0.04820000000000002,0.03006522475301488,2,0.8169999999999998,83
3.28,0.01200000000281394,0.03,0.0,0.09840000000000088,0.00036000005579539177,3590.5333333333238,29.55666666666666,65.30333333333333,-1.799999999999996e-05,-0.0006000000000000005,0.0273977688266853,2,0.8199999999999998,83
3.2853333333333334,0.020526405759432154,0.03,0.0,0.09856000000000087,0.0006157922053511957,3562.4666666666576,29.25666666666666,65.62666666666667,6.0000000000000334e-05,0.0020000000000000018,0.02765845992666349,2,0.827,83
3.292,0.014422205104195847,0.03,0.0,0.09876000000000089,0.0004326661994766118,3646.9333333333234,29.02666666666666,66.02666666666666,1.2000000000000205e-05,0.00040000000000000034,0.02707286317366943,2,0.822,83
3.2853333333333334,0.02411085509476676,0.02666666666666689,0.005773502691896256,0.08769333333333422,0.019482108032079077,3262.4999999999905,28.89666666666666,66.82999999999998,-0.001702,-0.002400000000000002,0.02687094632551999,2,0.5433333333333332,83
3.266666666666667,0.018903262506797063,0.020000000000000222,0.009999999999999997,0.06545333333333421,0.03306072796194596,2509.4666666666567,28.796666666666663,68.66999999999999,-0.003305999999999999,-0.0018000000000000017,0.026072177815546035,2,0.271,83
3.2466666666666666,0.016653327997757827,0.013333333333333556,0.0057735026918962476,0.04333333333333422,0.018937469032951328,1671.966666666657,28.66666666666666,69.75666666666666,-0.0016459999999999995,-0.0015999999999999793,0.025902090099424863,2,0.269,83
3.201333333333333,0.06803920438542002,0.01,0.0,0.03201333333333422,0.0006803920738004458,988.8999999999904,28.399999999999995,70.79666666666667,-6.4e-05,-0.006399999999999984,0.03233996700003488,2,0.26033333333333336,83
2.9546666666666668,0.38687121026693294,0.006666666666666887,0.005773502691896258,0.02117333333333422,0.018344016282542546,504.9999999999903,28.033333333333328,71.48,-0.0016140000000000002,-0.03580000000000001,0.04184453227931745,2,0.0,83
2.3960000000000004,0.7923938414703061,0.0033333333333335556,0.005773502691896257,0.010413333333334222,0.018036422410619042,181.36666666665698,27.66666666666666,74.26333333333334,-0.001562,-0.0786,0.057101078413460654,2,0.0,83
1.5093333333333334,1.024666449793982,0.0,0.0,0.0,2.025812588143649e-07,26.0999999999903,27.35666666666666,76.89333333333333,0.0,-0.1024,0.0,2,0.0,83
0.7533333333333334,0.7003580036905436,0.0,0.0,0.0,2.025812588143649e-07,5238.033333333323,28.83333333333333,73.85,0.0,-0.0654,0.0,2,0.0,83
3.142666666666667,4.831364748529488,0.07000000000000021,0.12124355652982141,0.6104000000000009,1.0572438129400596,11457.766666666657,30.74666666666666,67.96999999999998,0.09156,0.4128,0.05326925818078165,2,15.260000000000002,83
5.937333333333334,4.930986649072719,0.15000000000000022,0.13076696830622023,1.318240000000001,1.150947552584404,19569.433333333323,33.166666666666664,60.28666666666666,0.106176,0.4302,0.06735875376631083,2,17.696,83
8.694666666666668,0.16744352281709157,0.21000000000000021,0.030000000000000103,1.8292000000000008,0.29532507919244577,19175.566666666655,34.126666666666665,57.72666666666667,-0.014916000000000007,-0.010200000000000032,0.09538725214975927,2,12.774,83
8.662666666666668,0.16934383169574785,0.2066666666666669,0.030550504633039034,1.7937333333333345,0.3012934711097438,23581.666666666657,35.13333333333333,55.00666666666666,-0.019936,-0.01120000000000001,0.07606151410640591,2,14.373333333333335,83
8.732,0.28574114159508784,0.22000000000000022,0.05291502622129189,1.931120000000001,0.5322855594509618,28215.566666666655,35.94333333333333,52.97,0.050140000000000004,0.026999999999999958,0.06843922660092128,2,21.130666666666666,83
8.616,0.44405405076416593,0.2000000000000002,0.08000000000000004,1.7468800000000009,0.7779950272334812,28746.09999999999,36.09333333333333,52.24333333333333,-0.03723200000000001,-0.022800000000000063,0.060767173036584604,2,8.168,83
8.945333333333332,0.7283332570557237,0.27000000000000024,0.14525839046333952,2.4855866666666677,1.4810155134006366,31784.99999999999,36.36333333333333,51.419999999999995,0.07026199999999998,0.027800000000000047,0.07819752931059801,2,32.841,83
9.264000000000001,0.9700061855473225,0.33333333333333354,0.18717193521821948,3.2089066666666675,1.9676592560027624,33641.93333333333,36.75,50.556666666666665,0.186274,0.09220000000000006,0.09538129849953636,2,39.21366666666666,83
9.872000000000002,0.22538855339184113,0.45333333333333353,0.037859388972002285,4.480906666666667,0.4698272743608373,44482.49999999999,37.98999999999999,46.843333333333334,0.042762000000000036,0.019000000000000038,0.10073188185881658,2,39.968,83
10.054666666666668,0.09176782297407131,0.48666666666666686,0.02081665999466235,4.894466666666667,0.25275013537747043,47932.76666666666,39.04333333333333,43.67666666666667,0.02379800000000003,0.007399999999999985,0.10210895172714017,2,43.18,83
10.096,0.09086253353317454,0.5066666666666669,0.025166114784236776,5.116613333333334,0.2934082680043749,51534.43333333333,40.07666666666666,41.43333333333333,0.028795999999999954,0.007199999999999917,0.09928340565681998,2,44.76733333333333,83
10.012,0.23586436780503003,0.4900000000000002,0.05291502622129223,4.91396,0.6357014557164362,51958.33333333332,40.946666666666665,39.703333333333326,-0.04967000000000001,-0.020999999999999998,0.09457319185516881,2,34.90166666666667,83
10.04,0.26536013265007724,0.5066666666666669,0.06806859285554084,5.098973333333334,0.8095412570915257,53046.39999999999,41.54,39.05,0.018228000000000043,0.005400000000000027,0.09612107913551533,2,47.80533333333334,83
10.092,0.30578423765797147,0.5200000000000001,0.07810249675906687,5.26376,0.9337205123590208,53046.39999999999,42.35999999999999,36.63999999999999,0.08391199999999994,0.02759999999999998,0.09922748334508387,2,48.88699999999999,83
10.302666666666667,0.06466323014976294,0.5700000000000002,0.01000000000000332,5.872946666666667,0.13967371310779994,54612.5,43.063333333333325,35.29666666666666,0.013955999999999946,0.0064000000000000055,0.10753653705890792,2,50.13133333333333,83
10.358666666666666,0.061101009266636114,0.5833333333333335,0.01527525231652188,6.0431333333333335,0.19185025132461717,54612.5,44.18666666666667,32.489999999999995,0.019038000000000065,0.0060000000000000496,0.11065273848651586,2,52.06000000000001,83
10.432,0.07211102550975716,0.6000000000000002,0.02000000000000202,6.260133333333333,0.2510899419198559,54612.5,45.01999999999999,31.98999999999999,0.02508400000000006,0.007000000000000029,0.11462611503260794,2,54.312000000000005,83
10.472000000000001,0.05291502622194561,0.6166666666666668,0.015275252316522242,6.458200000000001,0.1884959882861731,54612.5,45.75,30.28666666666666,0.018138000000000033,0.0040000000000000036,0.11825281294917925,2,55.083000000000006,83
10.517333333333335,0.028378395539617535,0.6300000000000002,0.01000000000000439,6.626040000000001,0.11746835488751495,54612.5,46.31333333333333,28.929999999999996,0.011663999999999985,0.0017999999999999794,0.12132604575791701,2,56.25600000000001,83
10.549333333333333,0.058011493114756035,0.6366666666666668,0.005773502691904092,6.716600000000001,0.09432765872202138,54612.5,46.636666666666656,27.206666666666663,0.008957999999999976,0.005799999999999983,0.12298424382249812,2,56.57600000000001,83
10.604,0.05411099703452899,0.6500000000000002,0.01732050807569165,6.893120000000001,0.21425069428120036,54612.5,47.096666666666664,26.509999999999994,0.019440000000000034,0.005400000000000027,0.12621641169307957,2,59.496,83
10.598666666666666,0.06252466180159717,0.6500000000000002,0.01732050807569165,6.889706666666668,0.21770734607107273,54612.5,47.379999999999995,26.039999999999996,-0.002432000000000034,-0.0038000000000000256,0.12615391188381386,2,56.17066666666667,83
10.581333333333333,0.06576726642794214,0.6533333333333335,0.015275252316522794,6.913800000000001,0.20461561621727772,54612.5,47.71666666666666,24.969999999999995,-0.013906000000000062,-0.005000000000000071,0.12659507264687306,2,57.17833333333333,83
10.554666666666668,0.022030282190738604,0.646666666666667,0.005773502691904554,6.825426666666668,0.07385257025527486,54612.5,48.15333333333333,23.709999999999994,0.006696000000000035,0.002200000000000024,0.1249769135226028,2,57.286666666666676,83
10.56,0.014422205104293309,0.6466666666666668,0.005773502691904554,6.8288400000000005,0.06796543827547129,54612.5,48.556666666666665,23.30666666666666,-0.005533999999999972,-0.00039999999999995595,0.12503941333186852,2,56.25600000000001,83
10.541333333333334,0.03843609414864361,0.6433333333333335,0.005773502691904306,6.781706666666667,0.08173108425385577,54612.5,49.18666666666666,23.06333333333333,-0.007720000000000038,-0.0038000000000000256,0.12417637885626573,2,55.99999999999999,83
10.514666666666667,0.028936712553485268,0.6366666666666669,0.005773502691903922,6.694400000000001,0.07258852801909219,54612.5,49.379999999999995,23.379999999999995,-0.006911999999999985,-0.00259999999999998,0.12257775092239101,2,55.104000000000006,83
10.486666666666666,0.019731531451022754,0.6333333333333336,0.005773502691903786,6.6416,0.06864055943812798,54612.5,49.12333333333333,23.269999999999996,-0.0063839999999999895,-0.0017999999999999794,0.12161095699781191,2,54.93599999999999,83
10.485333333333335,0.018475208615944996,0.63,9.240546377071625e-09,6.605760000000001,0.011639381425988745,54612.5,48.98,24.126666666666665,0.0,0.0,0.12095470900052188,2,55.104000000000006,83
10.454666666666666,0.046704746369103704,0.6266666666666669,0.005773502691903593,6.551760000000001,0.08828836389910265,54612.5,49.02333333333333,24.163333333333327,-0.00709200000000001,-0.0030000000000000248,0.1199659424867478,2,53.754000000000005,82
10.405333333333333,0.09000740710298037,0.6166666666666669,0.015275252316522178,6.417520000000001,0.21335802023824166,54612.5,49.54999999999999,24.02666666666666,-0.021144000000000007,-0.008999999999999985,0.11750794217546946,2,51.580000000000005,82
10.346666666666666,0.049692387076904355,0.6033333333333335,0.015275252316522093,6.24296,0.18665093838495386,54612.5,49.46666666666666,23.643333333333327,-0.01808399999999999,-0.0041999999999999815,0.1143116628672398,2,50.739999999999995,82
10.299999999999999,0.031240998704699107,0.5900000000000002,0.010000000000003978,6.077173333333334,0.1186679490566819,54612.5,49.46666666666666,23.70333333333333,-0.011824000000000057,-0.002600000000000069,0.11127602760001346,2,49.609333333333325,82
10.254666666666665,0.0704651213963312,0.5766666666666669,0.015275252316522018,5.91424,0.19690033214798736,54612.5,49.37333333333333,24.193333333333328,-0.019399999999999994,-0.007000000000000029,0.10829263826709515,2,47.50666666666667,82
10.174666666666665,0.09211586906390481,0.5566666666666669,0.025166114784237432,5.665440000000001,0.30689163690135063,54612.5,49.25333333333333,24.463333333333328,-0.03053599999999994,-0.009199999999999963,0.10373698810733613,2,44.52,82
10.091999999999999,0.08265591327947393,0.5333333333333335,0.025166114784237588,5.383786666666668,0.2984797891538515,54612.5,48.59333333333333,25.50333333333333,-0.029632000000000012,-0.008199999999999985,0.09857977728339457,2,42.568,82
10.011999999999999,0.07008566187218927,0.5100000000000002,0.020000000000002342,5.107053333333334,0.23590194686210486,54612.5,47.279999999999994,26.969999999999995,-0.023590000000000045,-0.007000000000000029,0.09351265407515237,2,40.58833333333333,82
9.926666666666668,0.09669195071667021,0.4900000000000002,0.020000000000002557,4.865346666666667,0.24548216174161033,54612.5,46.06666666666666,28.529999999999998,-0.02454399999999999,-0.009600000000000008,0.08908688633152367,2,38.477333333333334,82
9.277333333333333,1.04891817284924,0.36000000000000015,0.2080865204668485,3.485346666666667,2.1836241186919856,54612.5,44.44666666666666,31.049999999999994,-0.19512199999999996,-0.09359999999999999,0.06381840875729751,2,8.068,82
8.622666666666666,1.041401619613385,0.2300000000000002,0.20808652046684867,2.1276800000000007,2.157742755381196,41383.06666666666,42.563333333333325,34.283333333333324,-0.190984,-0.0924,0.05141302369188789,2,6.646666666666667,82
7.985333333333332,0.07841768508044478,0.10333333333333355,0.015275252316529448,0.8259466666666673,0.13037212790081373,27851.966666666656,40.10333333333333,38.849999999999994,-0.012804,-0.007799999999999985,0.02965381305881244,2,5.933999999999999,82
7.888000000000001,0.10213716267863272,0.09333333333333356,0.005773502691923151,0.7365066666666672,0.05326115782995408,14003.633333333324,38.10333333333333,42.41,-0.004888000000000009,-0.010000000000000009,0.05259021419101781,2,5.831999999999999,82
7.8066666666666675,0.09383673765308488,0.08666666666666689,0.0057735026919234645,0.6768266666666672,0.05083018525825002,13147.79999999999,36.89666666666666,44.673333333333325,-0.004675999999999997,-0.008999999999999985,0.051474405775939085,2,5.1546666666666665,82
7.6626666666666665,0.1597164153535014,0.08333333333333355,0.005773502691923621,0.6389333333333339,0.05370123772678325,12433.899999999989,36.173333333333325,46.23333333333333,-0.005071999999999993,-0.01479999999999997,0.05138226550541898,2,4.986666666666667,82
7.434666666666668,0.32239933829549017,0.0766666666666669,0.005773502691923923,0.5711333333333339,0.06546699117409731,11885.566666666657,35.77333333333333,46.97333333333333,-0.006105999999999998,-0.03200000000000003,0.04804863753761258,2,4.1370000000000005,82
7.104,0.37014591717325857,0.07333333333333357,0.0057735026919240725,0.522213333333334,0.06711995629758667,11375.266666666657,35.379999999999995,48.49666666666666,-0.00633,-0.03700000000000001,0.04590375284217445,2,3.9316666666666675,82
6.581333333333333,0.6057898425471994,0.07,1.7971373755399883e-08,0.460693333333334,0.042405288978978904,10727.766666666657,35.29333333333333,48.886666666666656,-0.00413,-0.05899999999999998,0.04294000863721532,2,3.4486666666666674,82
6.045333333333333,0.63852747265357,0.06666666666666689,0.005773502691924395,0.404893333333334,0.07179927947682624,10030.266666666657,35.206666666666656,49.96333333333333,-0.007138000000000003,-0.06280000000000001,0.04036313127620982,2,2.742,82
5.394666666666667,0.5673000381926205,0.06333333333333356,0.0057735026919245565,0.34338666666666723,0.06448820460667333,9218.59999999999,35.04333333333333,50.41666666666666,-0.006328000000000003,-0.056199999999999986,0.037245289021938875,2,2.394,82
4.897333333333333,0.5403603735779887,0.056666666666666886,0.00577350269192487,0.2791066666666673,0.05448176698119245,8503.333333333323,34.75666666666666,51.28999999999999,-0.005402,-0.053200000000000004,0.03281934699956896,2,1.8416666666666668,82
4.451999999999999,0.3211977583981634,0.05333333333333356,0.005773502691925029,0.23856000000000063,0.04273720627345823,7753.89999999999,34.32999999999999,52.309999999999995,-0.003993999999999999,-0.03200000000000003,0.030762485654231637,2,1.7283333333333335,82
4.1773333333333325,0.22941083961603595,0.05,1.8278317741285938e-08,0.20886666666666728,0.011470541983438153,7095.033333333323,33.97333333333333,53.09666666666666,-0.0011399999999999993,-0.022799999999999997,0.029434284882164343,2,1.6516666666666668,82
3.9613333333333327,0.18801418386210095,0.04666666666666689,0.005773502691925354,0.18549333333333395,0.030326920934940074,6389.19999999999,33.56999999999999,54.07999999999999,-0.002826000000000001,-0.018799999999999994,0.02902778212471194,2,1.2573333333333332,82
3.7479999999999998,0.22894540834005847,0.04333333333333356,0.005773502691925515,0.16313333333333394,0.03082420693861211,5710.033333333323,33.313333333333325,54.44666666666666,-0.0028940000000000007,-0.022799999999999997,0.028564591346574915,2,1.1693333333333333,82
3.5866666666666664,0.1611127969260283,0.04,1.8431343465889805e-08,0.14346666666666727,0.00644451188179721,5088.366666666657,33.04333333333332,55.19666666666666,-0.0005839999999999998,-0.014599999999999991,0.02818949312619138,2,1.16,82
3.485333333333333,0.020526405757622223,0.04,1.8431343465889805e-08,0.13941333333333392,0.0008210562676671,4677.79999999999,32.86666666666667,55.47666666666666,-7.999999999999952e-05,-0.0020000000000000018,0.029796813997891386,2,1.1560000000000001,82
3.501333333333333,0.0477214137817262,0.04,1.8431343465889805e-08,0.14005333333333392,0.001908856567337513,4464.733333333324,32.673333333333325,56.026666666666664,0.00015200000000000074,0.0038000000000000035,0.03136177708774988,2,1.1853333333333333,82
3.472,0.08207313811469044,0.03666666666666688,0.005773502691925842,0.12757333333333393,0.02242417742961425,4242.49999999999,32.62,55.96999999999999,-0.0018480000000000011,-0.0038000000000000035,0.0300632339656732,2,0.848,82
3.3959999999999995,0.15803797012108226,0.033333333333333555,0.005773502691926004,0.11373333333333392,0.02479255802443529,3687.4999999999905,32.49,56.893333333333324,-0.0022519999999999997,-0.01579999999999999,0.030834575934210174,2,0.8100000000000002,82
3.2880000000000003,0.09015542135662563,0.02666666666666689,0.005773502691926327,0.08786666666666726,0.020243688729954995,2861.3999999999905,32.309999999999995,57.88999999999999,-0.0018559999999999994,-0.007999999999999985,0.03069685112725949,2,0.5386666666666667,82
3.234666666666667,0.004618802152438938,0.023333333333333556,0.005773502691926487,0.07549333333333393,0.018798524766466613,2008.0666666666568,31.95,59.21666666666666,-0.0016280000000000003,-0.00040000000000000034,0.037576320679586356,2,0.5386666666666667,82
3.2306666666666666,0.002309401076758569,0.01666666666666689,0.005773502691926808,0.053853333333333926,0.018683054712646,1220.2999999999904,31.603333333333328,60.05333333333332,-0.001618,-0.00020000000000000017,0.0440950899314946,2,0.269,82
3.034666666666667,0.33833316912968114,0.010000000000000222,0.010000000000017821,0.03230666666666726,0.03232000825179332,582.7999999999903,31.28666666666666,60.48999999999999,-0.003232,-0.029400000000000003,0.05533858627384001,2,0.0,82
2.376,1.0129481724155485,0.0033333333333335556,0.0057735026919274405,0.010760000000000594,0.01863686669112915,142.23333333332363,31.019999999999996,61.309999999999995,-0.0016140000000000002,-0.09860000000000001,0.07512217826391428,2,0.0,82
1.4693333333333334,1.0838622298674923,0.0,1.9023132763069003e-08,0.0,2.5109961847715696e-07,4.999999999990298,30.75666666666666,61.68,0.0,-0.1068,0.0,2,0.0,82
0.6866666666666666,0.5043226480471921,0.0,1.9023132763069003e-08,0.0,2.5109961847715696e-07,0.2666666666569654,30.55999999999999,62.676666666666655,0.0,-0.048,0.0,2,0.0,82
0.3586666666666667,0.129881997726135,0.0,1.9023132763069003e-08,0.0,2.5109961847715696e-07,0.0,30.433333333333326,63.18666666666666,0.0,-0.0118,0.0,2,0.0,82
3.1293333333333333,4.928276507394176,0.0766666666666669,0.13279056191361513,0.6762000000000006,1.171212756078098,17246.09999999999,30.186666666666664,67.67333333333333,0.10142999999999999,0.4262,0.039206591253022297,2,16.905,82
5.822666666666667,4.812141865462129,0.1266666666666669,0.11676186592091455,1.0950000000000006,1.0238857162789456,23526.366666666658,31.41666666666666,66.14666666666666,0.06282,0.40519999999999995,0.04654154523597347,2,10.47,82
8.473333333333333,0.3096923204300362,0.17000000000000023,0.05291502622129435,1.4513733333333338,0.5085876700563812,28982.466666666656,32.74333333333333,64.38999999999999,-0.047973999999999996,-0.029800000000000004,0.05007590534373623,2,8.909333333333334,82
6.7426666666666675,2.6984509136416275,0.1066666666666669,0.05859465277082572,0.8235466666666672,0.5949500030535219,13073.033333333324,33.97333333333333,59.596666666666664,-0.055564,-0.23739999999999997,0.06299101781903578,2,1.2093333333333334,82
5.276,2.558965415944498,0.07333333333333356,0.04932882862316572,0.47101333333333395,0.5186704870468242,8861.09999999999,33.38666666666666,61.15666666666666,-0.043516000000000006,-0.2124,0.05314917833621089,2,1.6566666666666667,82
4.921333333333333,1.9465346987231769,0.05333333333333356,0.015275252316530322,0.28170666666666727,0.1919723368962098,7039.166666666657,32.65333333333333,63.21999999999999,0.017804000000000004,0.1766,0.040014204209180795,2,4.176666666666668,82
6.3919999999999995,2.1380813829225493,0.07333333333333356,0.025166114784242192,0.501333333333334,0.30260002203137615,10620.566666666657,32.25999999999999,64.21333333333332,0.03026,0.20319999999999996,0.0471995656635714,2,6.699999999999999,82
8.484,1.5931001224028611,0.24000000000000024,0.2688865931949755,2.314600000000001,2.8826470404820705,26756.39999999999,33.97999999999999,59.413333333333334,0.25687000000000004,0.15460000000000002,0.08650317295402399,2,46.988333333333344,82
8.770666666666665,1.282911272587994,0.2533333333333336,0.25696951829610754,2.441600000000001,2.7689592918640096,27194.733333333323,36.07666666666666,53.676666666666655,0.003910000000000002,-0.0009999999999999788,0.08977878882962041,2,7.351666666666666,82
8.897333333333334,1.1901013962403986,0.2733333333333336,0.24090108620206246,2.622666666666668,2.6222026339193105,29558.066666666655,37.48666666666666,49.583333333333336,-0.21457000000000007,-0.09160000000000004,0.08872630168746878,2,11.226666666666667,82
8.953333333333333,1.2858201014657316,0.2866666666666669,0.26388128644019737,2.7924000000000007,2.9151480442680824,29558.066666666655,37.49333333333333,49.82999999999999,0.26327999999999996,0.12000000000000002,0.09446847667720683,2,51.23166666666666,82
9.776000000000002,1.1748225397905891,0.4500000000000002,0.25119713374160957,4.595933333333334,2.8144195588670393,43689.73333333332,38.01333333333333,49.46333333333333,0.24728,0.10339999999999998,0.10519240540709629,2,52.44,82
9.884,0.9878542402601768,0.47333333333333355,0.21079215671683182,4.81724,2.4312524222712883,46513.899999999994,39.78666666666666,45.666666666666664,-0.20683399999999996,-0.08380000000000001,0.10356337431661684,2,16.759333333333334,82
9.877333333333333,0.982481212712663,0.47666666666666685,0.21361959960016166,4.847973333333334,2.456928893178095,46513.89999999999,41.93,41.18666666666666,-0.0026399999999999757,-0.0043999999999999595,0.10422409450161853,2,52.0,82
9.750666666666666,0.8839396661160451,0.4533333333333336,0.19655363983740776,4.536120000000001,2.2308148857312236,46513.89999999999,43.51333333333333,37.26999999999999,0.16730600000000004,0.06820000000000004,0.0975197194877341,2,44.643666666666675,82
10.344000000000001,0.21357902518743263,0.5866666666666669,0.05131601439446908,6.0757866666666684,0.6521352526380735,54612.5,45.03999999999999,34.406666666666666,0.019505999999999978,0.006199999999999939,0.11125063705249927,2,55.251,82
9.905333333333333,0.7410838908877613,0.48666666666666686,0.16921386861996093,4.904186666666667,1.9914926672557296,49973.33333333332,45.99666666666667,32.706666666666656,-0.13160200000000005,-0.051200000000000044,0.0981341088425392,2,22.709999999999997,82
10.066666666666666,0.8516932155027097,0.5266666666666668,0.1965536398374077,5.413373333333333,2.3315064610962017,49973.33333333332,46.673333333333325,31.566666666666663,0.012734000000000023,0.0034000000000000696,0.10832307251055545,2,57.373333333333335,82
10.113333333333335,0.8921554423604363,0.5400000000000001,0.20808652046684825,5.58496,2.480036460377145,49973.33333333332,46.68333333333333,31.139999999999997,0.22098400000000007,0.079,0.1117565683717642,2,59.540666666666674,82
10.677333333333332,0.09272180613723686,0.6733333333333335,0.025166114784235607,7.1909600000000005,0.3316099588371462,54612.5,46.833333333333336,30.729999999999993,0.03291999999999997,0.009199999999999963,0.13167000833127343,2,62.85999999999999,82
10.694666666666668,0.07114304838388323,0.6766666666666669,0.020816659994661018,7.237706666666668,0.27126562431186596,54612.5,47.38999999999999,30.133333333333326,-0.005991999999999997,-0.0009999999999999788,0.13252596275035786,2,58.542,82
10.709333333333333,0.06601010023740088,0.6800000000000003,0.01999999999999966,7.283226666666668,0.2590846204106022,54612.5,48.63666666666666,28.346666666666664,-0.013087999999999943,-0.0033999999999999807,0.1333594563004874,2,60.67866666666667,82
10.652000000000001,0.0524595081945858,0.6633333333333336,0.015275252316519342,7.06636,0.19768571824989217,54612.5,49.393333333333324,27.576666666666664,-0.006622000000000039,-0.002000000000000046,0.12938852115319474,2,57.43833333333333,82
10.638666666666666,0.06004442799586821,0.6600000000000003,0.0173205080756887,7.022213333333334,0.22449687867164148,54612.5,50.15666666666666,26.55666666666666,-0.01944200000000005,-0.005200000000000049,0.12858017401069946,2,57.43833333333333,82
10.554666666666668,0.08544783984016037,0.6366666666666668,0.023094010767585067,6.72112,0.29701207248191147,54612.5,50.21666666666666,26.42333333333333,-0.025722000000000023,-0.007399999999999985,0.1230670072417992,2,53.151333333333326,82
10.512,0.08029943959963584,0.6266666666666669,0.020816659994661403,6.588626666666667,0.2696659988454856,54612.5,50.583333333333336,25.399999999999995,-0.019873999999999947,-0.006399999999999917,0.12064098925479355,2,54.126000000000005,82
10.452,0.02622975409748424,0.6100000000000002,0.010000000000000158,6.375893333333334,0.1203760064686207,54612.5,50.76333333333333,25.42333333333333,-0.006187999999999994,-0.0016000000000000014,0.11674573747028362,2,52.12,82
10.452,0.02622975409748424,0.6133333333333336,0.011547005383792663,6.410746666666667,0.13554206038471375,54612.5,50.76333333333332,25.446666666666662,-0.0006200000000000649,-0.0010000000000000675,0.11738391911645779,2,54.022666666666666,82
10.398666666666665,0.07335757175197793,0.6000000000000002,0.020000000000000014,6.2401333333333335,0.2500254621700218,54612.5,50.22666666666667,25.843333333333323,-0.01355599999999999,-0.005399999999999938,0.11425990521269162,2,49.86066666666667,82
10.262666666666666,0.2247962040011888,0.5666666666666669,0.06110100926607778,5.824666666666666,0.7500456064355899,54612.5,49.93666666666667,25.329999999999995,-0.07373599999999998,-0.021999999999999974,0.10665250655362991,2,41.733333333333334,82
9.933333333333334,0.43000155038480825,0.4900000000000002,0.09539392014169436,4.8946000000000005,1.1495825391854189,54612.5,49.89666666666667,25.58333333333333,-0.11453799999999999,-0.042400000000000035,0.08962252922812126,2,30.770999999999997,82
9.877333333333334,0.36058471034326683,0.4733333333333336,0.07371114795831968,4.692986666666667,0.8860059885425877,54612.5,50.406666666666666,25.31333333333333,0.018522000000000018,0.0065999999999999835,0.08593089010348481,2,44.82033333333334,82
9.895999999999999,0.37260166397911393,0.47666666666666685,0.07571877794400339,4.735893333333334,0.9116348359586353,54612.5,50.28333333333333,25.763333333333332,0.07220999999999997,0.03019999999999996,0.0867165322371453,2,42.806,82
10.038666666666666,0.1292645865399353,0.5033333333333335,0.030550504633038485,5.0554266666666665,0.37041200052553375,54612.5,50.04666666666666,26.649999999999995,-0.03636600000000003,-0.012599999999999945,0.09256734446000837,2,38.75933333333333,82
9.904,0.16414627622948025,0.47333333333333355,0.03511884584284186,4.6917333333333335,0.42613399833072185,54612.5,49.57333333333333,27.389999999999997,-0.04246799999999999,-0.01639999999999997,0.08590794095477004,2,35.728,82
9.746666666666668,0.14801801692137415,0.4400000000000002,0.029999999999999017,4.291493333333334,0.35757791728982286,54612.5,49.199999999999996,28.00666666666666,-0.03575600000000001,-0.014800000000000058,0.07857935003860464,2,32.8,82
9.634666666666666,0.09677465232866811,0.4166666666666669,0.020816659994659658,4.015786666666667,0.241764464992949,54612.5,48.60999999999999,28.41666666666666,-0.023167999999999966,-0.009199999999999963,0.07353102560111817,2,31.86666666666667,82
9.190666666666667,0.6746416332641569,0.3233333333333336,0.14153915830374725,3.035306666666667,1.4641231103064132,53414.16666666666,46.886666666666656,31.30666666666666,-0.12950399999999998,-0.05939999999999994,0.056824809433026216,2,11.216000000000003,82
8.684,0.7765874065422331,0.22333333333333358,0.15502687938977933,2.019573333333334,1.5793056607678342,40888.59999999999,44.29333333333333,35.72,-0.14676,-0.07400000000000002,0.049390880158605974,2,7.406666666666667,82
8.152000000000001,0.23251666606930857,0.12333333333333356,0.03214550253664015,1.010373333333334,0.2942415914403058,27571.366666666658,41.55333333333332,40.459999999999994,-0.027476000000000007,-0.02240000000000002,0.036644418143286006,2,6.636666666666667,82
7.986666666666667,0.08431686268664111,0.10000000000000021,0.009999999999989738,0.7992133333333339,0.08821365276034988,15210.266666666657,39.68333333333333,43.76999999999999,-0.008818000000000003,-0.008199999999999985,0.052540879786474134,2,5.937,82
7.970666666666666,0.05828664798491803,0.10000000000000024,0.009999999999989738,0.7974533333333339,0.08554486386290869,14596.099999999991,38.599999999999994,45.96666666666666,0.0043559999999999936,0.0033999999999999807,0.05463094267582838,2,7.362666666666666,82
8.076,0.18594622878667177,0.11333333333333355,0.025166114784231877,0.9183866666666672,0.22541159627074153,15595.566666666657,37.82999999999999,47.91,0.022338000000000004,0.01819999999999995,0.05888389966167776,2,9.66,82
8.089333333333334,0.16943828768409686,0.1166666666666669,0.020816659994656577,0.9461066666666672,0.18970782306832734,15566.399999999992,37.5,49.00333333333333,-0.0043959999999999945,-0.0037999999999999813,0.06077486713688013,2,6.630000000000001,82
7.876,0.4493728963789239,0.1066666666666669,0.030550504633035623,0.8487200000000006,0.2876227863017642,14135.29999999999,37.04333333333333,50.06999999999999,-0.028392,-0.04439999999999995,0.06003834100860913,2,4.928,82
7.281333333333333,0.7362644452459398,0.08333333333333355,0.015275252316512482,0.613893333333334,0.17155351040804517,11593.333333333323,36.71333333333333,50.453333333333326,-0.017044,-0.073,0.052947704338326296,2,3.7893333333333343,82
6.818666666666668,0.49782460097237785,0.07333333333333357,0.0057735026918774,0.5019466666666673,0.07747521237998051,10344.99999999999,36.283333333333324,50.27,-0.00658,-0.041200000000000035,0.048516012629679854,2,3.8313333333333333,82
6.3693333333333335,0.2840375562021731,0.07,0.0,0.44585333333333393,0.019882628933896234,9800.833333333323,35.956666666666656,50.62666666666666,-0.001582000000000003,-0.022600000000000044,0.04548672867320751,2,3.5256666666666665,82
5.768,0.9679752062940261,0.06666666666666689,0.005773502691896261,0.38812000000000063,0.09412239690950072,8901.666666666657,35.54666666666666,51.73,-0.008912,-0.09379999999999997,0.04359592631421309,2,2.3459999999999996,82
5.044,0.8785806735866409,0.06000000000000022,0.01,0.3081333333333339,0.10422039979448751,7893.866666666657,35.063333333333325,53.75333333333333,-0.010164000000000001,-0.08239999999999999,0.03902958040245572,2,1.8316666666666666,82
4.104,0.7763401316433066,0.04333333333333356,0.020816659994661334,0.18860000000000057,0.11183322583199196,5569.69999999999,34.103333333333325,56.46666666666666,-0.010851999999999999,-0.07339999999999999,0.03385570933634928,2,0.5373333333333334,82
3.614666666666667,0.6766545154901982,0.03000000000000022,0.01732050807568879,0.11625333333333393,0.08967404381047253,3703.599999999991,33.163333333333334,58.339999999999996,-0.0077659999999999995,-0.058599999999999985,0.03138080584498575,2,0.5373333333333334,82
2.4466666666666668,1.3463808277502074,0.013333333333333556,0.011547005383792516,0.04298666666666726,0.037227545357347076,1347.2333333333236,27.879999999999995,71.66333333333333,-0.0032240000000000003,-0.11660000000000001,0.03188369965634107,2,0.0,82
1.664,1.351023315860981,0.006666666666666889,0.011547005383792514,0.02149333333333393,0.037227545357347076,589.9999999999903,27.389999999999997,75.61666666666666,-0.0032240000000000003,-0.11740000000000002,0.03636773829667391,2,0.0,82
1.3719999999999999,0.8452786522798263,0.0,0.0,0.0,0.0,18.8999999999903,27.03333333333333,79.70666666666666,0.0,0.0728,0.0,2,0.0,82
2.2213333333333334,1.2866846285447466,0.010000000000000222,0.01732050807568877,0.03440000000000059,0.05958254778036938,1402.766666666657,30.149999999999995,79.59333333333332,0.00516,0.1282,0.024505497114905725,2,0.86,82
5.419999999999999,4.4090978669110985,0.22000000000000022,0.35538711287833724,2.233520000000001,3.779548547009285,19599.166666666657,32.01,72.78666666666665,0.329868,0.40619999999999995,0.11395413304308645,2,54.978,82
5.998666666666668,3.88737923713822,0.2366666666666669,0.3407834111768549,2.3015866666666676,3.720591572389172,21473.333333333325,32.61666666666665,80.76333333333334,0.00505,0.032199999999999986,0.10717849215342354,2,1.7016666666666667,82
7.530666666666666,3.223842014325971,0.2633333333333336,0.31895663237081834,2.5618400000000006,3.5113508322581493,24479.733333333323,36.38999999999999,63.89000000000001,-0.28567,-0.12179999999999999,0.10464719194141794,2,7.366333333333333,82
7.009333333333333,2.570656984767383,0.14333333333333356,0.11372481406154668,1.1644400000000006,1.1269685014231756,16760.299999999992,36.68666666666666,63.593333333333334,0.11004799999999999,0.2412,0.06947193833413881,2,20.043,82
8.845333333333334,0.7798905906172597,0.27000000000000024,0.16000000000000014,2.471226666666667,1.6213098696218835,32830.83333333332,39.953333333333326,44.69666666666666,0.16202999999999998,0.07780000000000005,0.0752692254976116,2,34.37133333333333,82
9.441333333333333,0.4762240369126051,0.39333333333333353,0.10969655114602912,3.7484133333333336,1.2002314645656178,46641.66666666666,40.92666666666667,44.15,0.11551799999999998,0.04580000000000002,0.08036447315762395,2,39.296,82
9.962666666666665,0.45609355765384274,0.5166666666666669,0.10969655114602919,5.18072,1.3502631660531932,54361.099999999984,43.73999999999999,39.07,0.128876,0.04399999999999995,0.09530021835065242,2,55.85066666666666,82
10.312,0.43088745630385616,0.6033333333333336,0.10969655114602923,6.253066666666666,1.3694100086290175,54612.5,45.50999999999999,36.23333333333333,0.131304,0.04080000000000004,0.1144967208962375,2,61.18,82
10.468,0.1740344793424793,0.6433333333333335,0.04509249752822982,6.739626666666666,0.5841057730696783,54612.5,47.29333333333333,31.92666666666666,-0.026344000000000013,-0.008999999999999985,0.12340587339516176,2,51.459999999999994,82
10.520000000000001,0.19754493159787143,0.6633333333333336,0.05507570547286172,6.985466666666667,0.7034202537127618,54612.5,48.10333333333333,30.019999999999996,0.004899999999999993,-0.0006000000000000227,0.1279073245015732,2,61.99666666666667,82
10.526666666666667,0.20385615843859373,0.6666666666666669,0.05773502691896325,7.025600000000001,0.7365531616930261,54612.5,48.583333333333336,29.00333333333333,0.06434000000000002,0.018400000000000017,0.1286421855402053,2,62.18333333333334,82
10.632,0.026229754097348026,0.6966666666666668,0.005773502691896279,7.407039999999999,0.07661757500725545,54612.5,49.18666666666667,28.793333333333333,-0.006003999999999987,-0.0009999999999999788,0.13562653922564935,2,60.995999999999995,82
10.6,0.06437390775778241,0.6900000000000003,0.010000000000000031,7.314426666666667,0.1501847892874834,54612.5,49.65,27.84333333333333,-0.01501199999999998,-0.0064000000000000055,0.13393074361955684,2,59.68133333333333,82
10.588000000000001,0.04915282290985489,0.6900000000000001,0.010000000000000031,7.306026666666668,0.13801558945758927,54612.5,49.98999999999999,27.269999999999996,0.005864000000000003,0.0008000000000000007,0.133776935495192,2,61.973333333333336,82
10.557333333333334,0.058286647985117054,0.6866666666666669,0.01154700538379257,7.249813333333335,0.16202655255644302,54612.5,50.44,26.25666666666666,-0.0005439999999999667,-0.0008000000000000007,0.1327476417613472,2,59.59066666666667,82
10.502666666666668,0.12851977798510572,0.6766666666666669,0.02516611478423591,7.108960000000001,0.3506841952526413,54612.5,50.97333333333333,25.176666666666662,-0.03487999999999998,-0.012800000000000011,0.1301685480696165,2,56.16,82
10.5,0.12477179168388733,0.6800000000000003,0.03000000000000006,7.142480000000002,0.399146296988952,54612.5,51.16333333333333,25.209999999999994,0.019323999999999942,0.004999999999999982,0.13078231572779628,2,62.81133333333333,82
10.534666666666666,0.14435142303884854,0.6900000000000001,0.03464101615137757,7.272253333333334,0.4616399121970778,54612.5,51.15,25.22333333333333,0.04004999999999992,0.012599999999999945,0.1331585291792933,2,62.83499999999999,82
10.591999999999999,0.045077710678421444,0.7033333333333335,0.011547005383792509,7.450053333333333,0.15368565493671305,54612.5,51.126666666666665,24.979999999999993,-0.013238000000000038,-0.0038000000000000256,0.13641413447834938,2,60.60499999999999,82
10.54,0.0800000000000452,0.6900000000000003,0.019999999999999934,7.273666666666667,0.26600160400517386,54612.5,51.06666666666666,24.516666666666662,-0.026599999999999867,-0.007999999999999919,0.1331844080065674,2,58.40166666666667,82
10.469333333333333,0.06649310741227715,0.6733333333333335,0.015275252316519335,7.0500266666666676,0.20488742795331572,54612.5,51.23999999999999,24.619999999999994,-0.02016599999999995,-0.0065999999999999835,0.1290894498002631,2,57.24399999999999,82
10.432,0.026229754097348977,0.6633333333333336,0.005773502691896032,6.919986666666667,0.07667955485867899,54612.5,50.73,26.193333333333328,-0.006286000000000014,-0.0016000000000000014,0.12670835355116716,2,57.354000000000006,82
10.478666666666667,0.10555251457611418,0.6733333333333337,0.023094010767584987,7.0572533333333345,0.3142171512399111,54612.5,50.51333333333333,26.906666666666663,0.02753599999999996,0.009600000000000008,0.12922177361519285,2,61.83333333333333,82
10.474666666666666,0.10971478174494396,0.6733333333333335,0.023094010767584987,7.054613333333335,0.3166102899991169,54612.5,50.46666666666666,26.62333333333333,-0.0010559999999999903,-0.0016000000000000014,0.1291734339189639,2,57.178000000000004,82
9.74,1.3168507888139809,0.5000000000000001,0.31240998703626616,5.144240000000001,3.469198420845943,43110.56666666666,50.49333333333333,26.143333333333327,-0.31343199999999993,-0.11879999999999998,0.11932389374236,2,9.594666666666669,82
9.64,1.227231029594674,0.4700000000000002,0.286879765755621,4.765240000000001,3.1430433600572525,43110.56666666666,49.23333333333333,27.369999999999994,-0.028918000000000044,-0.004800000000000004,0.11053274952506952,2,52.35833333333334,82
8.904000000000002,1.2091054544579636,0.29333333333333356,0.27428695436227607,2.8329333333333344,2.988161437227465,31073.33333333333,47.46333333333333,29.913333333333327,-0.004346000000000005,-0.0017999999999999794,0.09116634306984332,2,8.870333333333335,82
9.588000000000001,1.2124949484430867,0.4500000000000002,0.2771281292110203,4.538600000000001,3.00871972134328,42575.266666666656,46.30333333333332,31.793333333333326,-0.0007320000000000437,-0.0012000000000000454,0.10659929475576382,2,52.23633333333333,82
8.941333333333333,1.159050185856217,0.3000000000000002,0.268886593194975,2.8901333333333334,2.928816425611771,31448.033333333326,45.89666666666667,32.919999999999995,0.013657999999999993,0.008599999999999941,0.09189895608874044,2,11.146666666666667,82
9.516,1.0175342746070046,0.4266666666666669,0.23629078131263037,4.22036,2.569186006812271,43485.266666666656,45.81999999999999,33.09333333333333,-0.06066199999999995,-0.01819999999999995,0.09705040978454504,2,42.126000000000005,82
8.753333333333332,1.0205279679329384,0.26000000000000023,0.21794494717703367,2.423800000000001,2.2903134279831607,35955.533333333326,44.94666666666666,34.26666666666666,-0.022945999999999994,-0.01859999999999995,0.06740916810667699,2,7.322333333333334,82
8.522666666666666,1.2137896577798526,0.23333333333333353,0.2400694344004112,2.182413333333334,2.4913692538307743,32649.433333333323,43.306666666666665,36.589999999999996,-0.22208400000000003,-0.11220000000000004,0.06684178770470638,2,5.112,82
7.72,0.24615442307623675,0.09000000000000023,0.017320508075689682,0.6974800000000005,0.1570608595416686,18002.19999999999,40.82666666666666,39.949999999999996,-0.013918000000000003,-0.024200000000000044,0.03874200142196947,2,5.002666666666666,82
7.468,0.2202180737359992,0.08,0.0,0.5974400000000005,0.01761744589795346,10748.866666666656,38.44666666666666,43.849999999999994,-0.0017439999999999956,-0.021799999999999996,0.05557650327445933,2,4.8213333333333335,82
7.205333333333333,0.3128535333559883,0.0766666666666669,0.005773502691896256,0.553493333333334,0.06320492807764651,10292.19999999999,37.04333333333333,46.776666666666664,-0.005935999999999997,-0.031199999999999985,0.053772717263177096,2,4.013333333333334,82
6.782666666666667,0.5050834914480233,0.07333333333333357,0.0057735026918962614,0.498893333333334,0.07258191877665014,9927.766666666657,36.269999999999996,49.17666666666667,-0.007102000000000002,-0.049800000000000025,0.050247261324837374,2,3.637666666666667,82
6.197333333333333,0.7027982166549109,0.06666666666666689,0.005773502691896261,0.4155600000000006,0.07864350958576645,9424.99999999999,35.97333333333333,50.18666666666666,-0.007652000000000003,-0.0702,0.04408656906429037,2,2.738,82
5.5360000000000005,0.6720119046564483,0.06333333333333356,0.005773502691896261,0.35294666666666724,0.07443881066553652,8759.433333333323,35.77333333333333,51.18666666666666,-0.007138000000000003,-0.06699999999999999,0.040288722399577,2,2.448,82
5.204,0.291671047586123,0.06,0.0,0.3122400000000006,0.017500262854199592,8209.99999999999,35.526666666666664,52.29,-0.0007079999999999975,-0.011799999999999988,0.038027036901717326,2,2.62,82
5.857333333333333,1.3779424274378527,0.06666666666666689,0.011547005383792518,0.4010133333333339,0.1682103318268524,8541.933333333323,35.336666666666666,53.53999999999999,0.015056,0.127,0.04694094144087913,2,4.957333333333333,82
6.716,1.2783802251286553,0.07333333333333356,0.011547005383792516,0.5023466666666673,0.16277295762288113,9138.59999999999,35.13333333333333,53.93,0.014168000000000004,0.1116,0.05496374750171428,2,4.9813333333333345,82
7.650666666666667,0.341111907346149,0.09000000000000023,0.017320508075688773,0.692493333333334,0.166583323695084,10822.466666666656,35.126666666666665,53.843333333333334,0.014498000000000006,0.030400000000000028,0.06398073322164198,2,7.373666666666667,82
7.852,0.329095730753218,0.10000000000000021,0.017320508075688773,0.7890000000000006,0.16561884433834276,11815.799999999988,35.23666666666666,52.90333333333333,0.014331999999999994,0.028399999999999936,0.06676934533883973,2,7.37,82
7.994666666666667,0.08200812967827284,0.1066666666666669,0.005773502691896256,0.8530800000000006,0.054629325457747485,12422.19999999999,35.51999999999999,52.14333333333334,-0.004742000000000001,-0.007200000000000007,0.06866829802305376,2,6.583333333333334,82
8.341333333333333,0.6469662536279074,0.20000000000000026,0.1646207763315433,1.7390533333333338,1.5627687431393378,24751.366666666658,35.01999999999999,59.94999999999999,0.132918,0.052200000000000024,0.07025806286536913,2,29.523,82
8.201333333333332,0.7771263303564796,0.19000000000000025,0.17349351572897473,1.6474533333333339,1.6438602618633082,23613.033333333326,35.07333333333333,59.82333333333332,-0.00902,-0.014000000000000012,0.06976585956655722,2,5.08,82
8.413333333333334,0.7396683941695291,0.23333333333333353,0.15502687938977983,2.038546666666667,1.468027826620908,30168.29999999999,38.269999999999996,76.01666666666665,-0.078974,-0.0274,0.06757023420055049,2,16.360666666666663,82
7.7813333333333325,0.6883293785197063,0.13000000000000023,0.08660254037844388,1.0493066666666673,0.7917127250040265,16457.19999999999,38.776666666666664,67.81666666666666,-0.0017280000000000017,-0.02160000000000002,0.06375585827530762,2,4.792,82
8.358666666666666,1.0928446062150508,0.2566666666666669,0.19139836293274123,2.2800800000000003,1.8835286866941992,31556.09999999999,42.03333333333333,69.52333333333333,0.116932,0.04080000000000004,0.07225252003511098,2,35.849333333333334,82
6.873333333333332,2.650048553014325,0.1966666666666669,0.22854612955229267,1.693653333333334,2.2664308777752975,22999.166666666657,38.553333333333335,54.12333333333333,-0.018552,-0.15539999999999998,0.07363656785095765,2,1.7000000000000002,82
7.610666666666667,3.0577412142516778,0.31666666666666693,0.23115651263447742,2.880640000000001,2.319522284609479,38258.33333333332,42.03999999999999,55.73666666666666,-0.008295999999999993,0.002400000000000002,0.07529247765251186,2,34.46666666666667,81
5.697333333333333,3.2151300647615035,0.1766666666666669,0.2281081614790083,1.4948266666666674,2.2875167955958933,21518.59999999999,38.313333333333325,55.50333333333333,-0.0029760000000000008,-0.023399999999999997,0.06946349684318798,2,1.204,81
7.172,3.11542998637427,0.23333333333333353,0.20033305601755624,2.050453333333334,2.001809909590145,33503.59999999999,38.51333333333333,59.913333333333334,-0.11325600000000002,-0.04480000000000004,0.061199158722483916,2,15.590666666666667,81
6.884,2.8336802924818425,0.16333333333333355,0.1069267662156363,1.3262133333333341,1.0244533631812143,27101.666666666657,34.99999999999999,63.41,0.09094,0.24619999999999997,0.04893294632754469,2,16.360666666666663,81
6.754666666666665,3.0576888875968584,0.1566666666666669,0.1184623709594458,1.2995466666666673,1.0705964194472632,26565.833333333325,34.703333333333326,64.12333333333333,-0.09031999999999998,-0.26399999999999996,0.048916129760792,2,0.5373333333333334,81
6.561333333333334,2.906369097918107,0.12000000000000022,0.10535653752852749,0.9664666666666676,0.9529451361612056,17380.833333333325,34.32666666666666,65.45,-0.054582,-0.03059999999999996,0.055602113317544256,2,7.2636666666666665,81
5.72,2.363566796179024,0.06666666666666689,0.045092497528229275,0.4523200000000009,0.4044997641531599,8456.09999999999,33.913333333333334,67.28666666666668,0.017818,0.13939999999999997,0.053484054817845544,2,3.5069999999999997,81
5.717333333333333,2.3677916575014177,0.06333333333333356,0.05033222956847197,0.4415466666666676,0.4201228893232256,8103.0666666666575,33.846666666666664,66.63,-0.041974000000000004,-0.2354,0.054484579758310815,2,0.268,81
4.5200000000000005,1.4074487557278859,0.04333333333333356,0.030550504633039505,0.22320000000000087,0.19442403555106164,6083.633333333324,32.956666666666656,69.01666666666667,-0.010211999999999999,-0.08399999999999999,0.03668257194353007,2,1.805,81
3.5973333333333333,0.6363940079332199,0.02666666666666689,0.020816659994662253,0.10454666666666756,0.09841042492181938,4108.8999999999905,32.03666666666666,71.56,0.0016360000000000003,0.0014000000000000013,0.02543776409807241,2,0.5406666666666667,81
3.6053333333333337,0.6293149714835228,0.026666666666666894,0.020816659994662253,0.10462666666666755,0.09832221586850577,4123.066666666657,31.20333333333333,80.02333333333333,-0.00921,-0.05459999999999998,0.025369780637235363,2,0.2700000000000001,81
4.754666666666666,2.620016284936662,0.04000000000000022,0.043588989435407136,0.2658266666666676,0.376528726836737,5496.3999999999905,30.14333333333333,81.75666666666666,0.031766,0.22679999999999997,0.048354979929906505,2,5.835000000000001,81
4.737333333333333,2.6351359231230007,0.03666666666666688,0.046188021535170445,0.2548400000000009,0.3856931485001525,4910.866666666658,30.75,74.03,-2.400000000000006e-05,-0.002400000000000002,0.051882515812047295,2,0.26600000000000007,81
6.347999999999999,2.7370728890550162,0.07333333333333354,0.05686240703077351,0.5669200000000009,0.48237304899834804,9765.29999999999,29.946666666666662,75.54666666666667,0.01342199999999999,0.014599999999999946,0.05804859568106667,2,8.072,81
6.557333333333332,2.9193021997274116,0.11000000000000021,0.09539392014169468,0.8940533333333341,0.8273653387309007,15005.833333333323,29.866666666666664,78.57333333333332,0.082484,0.2608,0.059576415188636385,2,14.013333333333334,81
8.251999999999999,0.16928083175590602,0.16333333333333355,0.04041451884327392,1.3523866666666675,0.35959477712183335,22295.533333333326,28.583333333333332,87.74333333333334,0.021914000000000017,0.010200000000000032,0.06065457111419419,2,11.724333333333336,81
6.450666666666666,3.276550218344488,0.12333333333333356,0.10785793124908966,1.0295066666666675,0.9020949274512626,16956.633333333324,29.946666666666662,78.23,-0.08408,-0.287,0.060710515814903485,2,0.0,81
6.425333333333332,3.254066584035016,0.12000000000000022,0.10440306508910559,0.9966666666666676,0.8676211268366503,16456.63333333332,30.336666666666662,76.62,0.008808000000000005,0.002800000000000047,0.060559537722110805,2,13.192333333333336,81
6.418666666666667,3.248394885683284,0.12000000000000022,0.10440306508910559,0.9955333333333343,0.8668191343834646,16564.433333333323,30.636666666666667,76.02333333333333,0.070176,0.2794,0.06009702935631032,2,11.696000000000002,81
8.298666666666668,0.038850139424445804,0.1766666666666669,0.011547005383792743,1.4663200000000012,0.10121368286930572,24326.099999999988,29.856666666666666,85.20666666666666,-0.00853600000000001,-0.0012000000000000454,0.0602751663782367,2,11.769666666666668,81
6.3613333333333335,3.3267938519441373,0.11333333333333355,0.09814954576223639,0.9386266666666675,0.8128865547745875,15618.333333333323,30.7,75.67,-0.070176,-0.28680000000000005,0.060093900721328364,2,0.0,81
6.3293333333333335,3.2998092874184883,0.10333333333333355,0.09073771725877466,0.8515866666666675,0.7497462827739113,14321.366666666656,31.05333333333333,74.49000000000001,-0.013498,-0.007399999999999985,0.05945851593428471,2,9.520000000000001,81
4.713333333333332,3.0216772384444575,0.06000000000000022,0.07211102550927978,0.4269333333333343,0.623464556597482,8017.19999999999,31.33,73.13666666666667,0.00692,0.047,0.053245533078912326,2,1.1533333333333333,81
4.621333333333333,3.1243055761774206,0.06000000000000022,0.07211102550927978,0.4269333333333343,0.623464556597482,7985.266666666656,31.236666666666665,74.17,-0.057120000000000004,-0.2958,0.053458436983488504,2,0.0,81
3.401333333333333,1.1291436283012588,0.03000000000000021,0.026457513110645908,0.12113333333333422,0.11348944150577496,4111.933333333323,30.659999999999997,76.80666666666667,0.0043300000000000005,0.052000000000000005,0.0294518105488381,2,1.875,81
5.002666666666666,3.041316381656686,0.07333333333333354,0.08736894948054105,0.5432933333333342,0.7545892512707131,10099.433333333323,29.456666666666663,81.91666666666667,0.070244,0.301,0.0537891113582587,2,11.707333333333333,81
6.936,2.112503727807355,0.11333333333333355,0.06027713773341708,0.8650533333333342,0.5962912393564888,15507.766666666657,28.00333333333333,93.50333333333333,0.037014000000000005,0.17720000000000002,0.0557783447211578,2,8.044,81
5.793333333333333,4.0902739924525,0.09666666666666689,0.08736894948054104,0.7900533333333342,0.7186447259482929,12963.59999999999,28.723333333333333,84.16333333333334,-0.070244,-0.3596,0.060939275668615685,2,0.0,81
5.684,3.994474183168541,0.07333333333333354,0.06429100507328635,0.5862933333333342,0.514949910314873,10093.066666666657,28.853333333333328,84.69333333333334,-0.008583999999999998,-0.005400000000000027,0.05808296623098733,2,6.613333333333333,81
5.674666666666667,3.9862269545691094,0.07000000000000021,0.06082762530298217,0.5584533333333342,0.48563941410607886,9828.066666666657,29.00333333333333,84.65,0.044088,0.3472,0.056816516997205725,2,7.348000000000001,81
5.448,4.378807143503809,0.07000000000000021,0.06082762530298216,0.5584533333333342,0.4856394141060789,9827.79999999999,28.929999999999996,85.64333333333333,-0.03968000000000001,-0.3772,0.05681805849476384,2,0.0,81
3.917333333333334,3.8442004803773346,0.050000000000000204,0.05567764362830017,0.33850666666666757,0.4752010864184702,6849.466666666657,27.603333333333328,86.59333333333332,-0.0374,-0.23360000000000003,0.049413665249082986,2,1.1146666666666665,81
1.3426666666666665,1.733926565150135,0.013333333333333537,0.023094010767584845,0.04458666666666755,0.07722637200654164,1701.3999999999903,28.716666666666665,75.77999999999999,0.0,-0.005000000000000002,0.02619047619047686,2,0.0,81
1.308,1.7632288563881922,0.013333333333333537,0.023094010767584845,0.04458666666666755,0.07722637200654162,1701.3999999999903,28.689999999999998,76.23333333333333,-0.0066879999999999995,-0.1528,0.02619047619047686,2,0.0,81
2.2653333333333334,3.421378279777514,0.02333333333333354,0.04041451884327381,0.14504000000000092,0.25121664912978997,3062.766666666657,28.87333333333333,76.23333333333333,0.021756000000000005,0.2962,0.04734041974475908,2,3.626000000000001,81
3.876,3.1549047529204426,0.043333333333333536,0.03785938897200183,0.24752000000000093,0.22366304656782268,5666.933333333323,26.59,88.13333333333333,0.015372,0.24179999999999996,0.04367023841729519,2,2.562,81
3.873333333333333,3.1594539612618715,0.043333333333333536,0.03785938897200183,0.24752000000000093,0.22366304656782268,5666.933333333323,26.566666666666663,88.69666666666667,-0.021756000000000005,-0.2968,0.04367023841729519,2,0.0,81
1.897333333333333,2.7943781657702207,0.0200000000000002,0.034641016151377546,0.10248000000000089,0.17750056675965853,2604.166666666657,28.819999999999997,77.54333333333334,-0.015372,-0.24179999999999996,0.03933721450962879,2,0.0,81
2.6213333333333333,4.048382063656214,0.02333333333333354,0.04041451884327381,0.17024000000000092,0.29486432948052566,3364.166666666657,29.153333333333332,77.54333333333334,0.025536000000000003,0.3508,0.05058887623198497,2,4.256000000000001,81
4.458666666666667,3.689356222070909,0.043333333333333536,0.03785938897200183,0.28608000000000094,0.26084456061033745,6261.09999999999,27.279999999999998,88.84666666666668,0.017376,0.2752,0.04568435508854879,2,2.896,81
4.458666666666667,3.6893562220709093,0.043333333333333536,0.03785938897200183,0.28608000000000094,0.26084456061033745,6261.09999999999,27.289999999999996,88.66000000000001,-0.025536000000000003,-0.3504,0.04568435508854879,2,0.0,81
3.1493333333333333,2.7585078091847666,0.03333333333333354,0.030550504633038933,0.16074666666666756,0.17521580446219262,4773.59999999999,27.23333333333333,88.66000000000001,-0.01064,-0.1212,0.033667043661598436,2,1.1226666666666667,81
1.3173333333333332,1.7759339327050867,0.013333333333333537,0.023094010767585032,0.04490666666666756,0.07778062826522626,1876.666666666657,28.99,77.10000000000001,0.0,0.00040000000000000034,0.0239162080596491,2,0.0,81
2.341333333333333,1.7713151422977635,0.02666666666666687,0.023094010767585032,0.08970666666666756,0.07768841698305685,3544.166666666657,26.919999999999998,88.44,-1.6000000000000735e-05,-0.00040000000000000034,0.025303934934888195,2,1.1199999999999999,81
2.341333333333333,1.7713151422977635,0.02666666666666687,0.023094010767585032,0.08970666666666756,0.07768841698305685,3437.766666666657,26.899999999999995,88.44,0.006736000000000001,0.15360000000000001,0.02608687223132358,2,1.1226666666666667,81
3.3653333333333335,0.00461880215390205,0.04,0.0,0.13461333333333422,0.00018475208610798318,5196.666666666657,25.086666666666662,100.0,1.6000000000000735e-05,0.00040000000000000034,0.025898800743923776,2,1.1226666666666667,81
3.352,0.027712812921168437,0.03666666666666687,0.005773502691896259,0.12301333333333424,0.020276541453939662,4906.666666666657,25.316666666666663,100.0,-0.0017560000000000006,-0.002400000000000002,0.025065543707125135,2,0.83,81
3.330666666666666,0.033306655991516484,0.03333333333333354,0.00577350269189626,0.11114666666666755,0.02041651618992167,4380.833333333324,25.52,100.0,-0.001780000000000001,-0.0032000000000000028,0.025365334144764624,2,0.8259999999999998,81
3.298666666666666,0.024440403706517053,0.023333333333333536,0.011547005383792514,0.07714666666666754,0.03847537047688212,3118.59999999999,25.650000000000002,100.0,-0.0033439999999999998,-0.002400000000000002,0.024729666196521283,2,0.27266666666666667,81
3.282666666666666,0.018475208614185886,0.01666666666666687,0.011547005383792516,0.05485333333333422,0.03833605787419113,2328.8666666666572,25.686666666666667,100.0,-0.003319999999999999,-0.0016000000000000014,0.02354355041776401,2,0.27266666666666667,81
3.277333333333333,0.00923760430727247,0.01666666666666687,0.011547005383792514,0.054693333333334225,0.038058929744980124,1781.666666666657,27.02,92.0,0.0032959999999999995,0.0008000000000000007,0.03068062827225198,2,0.822,81
5.236,3.3879008249947318,0.10666666666666687,0.1504437879519568,0.897600000000001,1.4413046245676173,13413.899999999989,29.30666666666666,81.08,0.12643600000000002,0.29379999999999995,0.06691067395209817,2,21.345333333333336,81
7.144000000000001,3.34025867261803,0.1900000000000002,0.13892443989449804,1.6663466666666675,1.3622233598545188,21084.733333333323,32.669999999999995,67.13666666666667,0.112016,0.2854,0.07902720955084963,2,19.491333333333337,81
8.910666666666666,0.28958821338803875,0.2466666666666669,0.04163331998932256,2.206000000000001,0.4373502687777842,28265.566666666655,35.336666666666666,59.626666666666665,-0.04219200000000001,-0.028000000000000025,0.07804272892474862,2,14.313333333333333,81
8.649333333333333,0.32043304032711695,0.2066666666666669,0.050332229568471575,1.7982666666666678,0.5052132845970433,22320.833333333325,36.68666666666667,56.06666666666666,-0.050036000000000004,-0.03159999999999998,0.08056088582927037,2,11.152000000000001,81
8.628,0.2861048758758699,0.2066666666666669,0.050332229568471575,1.792720000000001,0.49632209541788463,29881.13333333332,36.79333333333333,55.47666666666667,0.03023600000000002,0.01720000000000006,0.059993039318924184,2,19.35266666666667,81
8.694666666666668,0.2952783997065809,0.2166666666666669,0.051316014394468756,1.8939333333333346,0.504240619281443,31390.29999999999,36.839999999999996,55.00666666666667,0.03415,0.021199999999999976,0.060333064681403294,2,16.843666666666667,81
8.735999999999999,0.22652152215616442,0.22333333333333352,0.0404145188432737,1.9571333333333343,0.40110081791655994,32314.466666666656,37.90666666666666,52.51,-0.03972400000000002,-0.022200000000000043,0.060563362847924275,2,12.732,81
8.588,0.17320508075673546,0.2000000000000002,0.026457513110645724,1.720600000000001,0.26379814404199264,24045.29999999999,39.57,49.416666666666664,-0.02042600000000001,-0.015000000000000036,0.07155362779304932,2,13.439333333333334,81
9.109333333333334,1.0761809017694626,0.33333333333333354,0.25696951829610715,3.220773333333334,2.8590533194981402,32862.23333333333,41.519999999999996,45.916666666666664,0.24969600000000006,0.09320000000000003,0.09800536972929226,2,54.348000000000006,81
9.100000000000001,1.0843541856791996,0.3366666666666669,0.2540341184434353,3.2472933333333347,2.8357725647402217,33283.633333333324,43.06333333333333,41.87,-0.00026599999999998847,-0.0013999999999999347,0.09756133711352293,2,13.395000000000001,81
9.061333333333335,1.1186158113192097,0.33000000000000024,0.26,3.184133333333334,2.8919357791855154,32680.299999999992,42.61666666666667,42.553333333333335,-0.25492600000000004,-0.09900000000000002,0.09742982480297095,2,11.860333333333333,81
8.986666666666666,0.9894025133045362,0.3066666666666669,0.21962088546705513,2.9007733333333348,2.401441555177501,32680.29999999999,40.86,45.13999999999999,0.203214,0.08339999999999996,0.08875942307476557,2,47.264,81
9.673333333333332,1.1439044249120325,0.46333333333333354,0.2589079630550851,4.679373333333334,2.8906736223471055,43354.73333333333,40.29666666666666,46.09,0.275998,0.10739999999999998,0.10792974708458401,2,57.86,81
10.398666666666665,0.2348219183409475,0.6333333333333336,0.06429100507328626,6.595840000000002,0.8085261019905303,54612.5,42.32333333333333,41.29666666666667,0.075048,0.020999999999999998,0.1207730689298434,2,59.772000000000006,81
9.729333333333331,1.3937938632858615,0.48666666666666697,0.3177000681985029,5.030080000000001,3.5141949113843984,41378.89999999999,44.21333333333333,36.89666666666667,-0.29844,-0.12000000000000002,0.12155853445755072,2,8.119999999999997,81
8.972,1.366355736987992,0.3133333333333336,0.31770006819850294,3.100586666666668,3.527653977891445,29372.799999999992,42.96,39.833333333333336,-0.300896,-0.11500000000000003,0.10555619860782972,2,9.622666666666667,81
8.509333333333332,0.5671166840548195,0.1966666666666669,0.11590225767142533,1.7173066666666674,1.134179641032818,24751.699999999993,40.173333333333325,44.56,0.10242000000000002,0.052000000000000046,0.06937855937601425,2,25.19,81
9.068,0.7780899690909782,0.32000000000000023,0.17521415467935259,2.9925200000000003,1.822848631784877,37985.29999999999,39.71,46.03,0.18226599999999996,0.0774,0.07877892819253261,2,40.00033333333333,81
9.828000000000001,0.6845611733073969,0.5000000000000003,0.17521415467935247,4.993960000000001,2.0749274828774147,49991.39999999999,41.96,41.67333333333333,0.20681200000000005,0.06840000000000002,0.09989438394635991,2,59.65866666666667,81
10.284,0.4226203970468073,0.6166666666666669,0.10969655114602897,6.3727066666666685,1.3619692850183298,54612.5,45.18333333333333,36.71666666666667,0.11795000000000008,0.036600000000000056,0.11668738803897698,2,59.65866666666667,81
10.516,0.020784609690826034,0.68,0.0,7.150880000000002,0.014133534589761687,54612.5,46.82999999999999,34.296666666666674,-0.0012239999999999807,-0.0017999999999999794,0.13093612385216113,2,59.454666666666675,81
10.500000000000002,0.02497999199359276,0.6766666666666671,0.005773502691896279,7.105066666666668,0.07331323845891256,54612.5,47.19333333333333,33.190000000000005,-0.0068720000000000335,-0.002400000000000002,0.13009725922467283,2,58.51333333333334,81
10.493333333333334,0.014047538337134216,0.6733333333333337,0.005773502691896279,7.065506666666668,0.06053310278957613,54612.5,47.25,32.21666666666667,-0.0047100000000000804,0.0007999999999999119,0.12937289620087833,2,58.669666666666664,81
10.491999999999999,0.01442220510185326,0.6733333333333337,0.005773502691896279,7.064600000000001,0.058982180359834144,54612.5,47.26333333333333,32.083333333333336,0.005512000000000006,0.00039999999999995595,0.1293562946890421,2,59.43200000000001,81
10.494666666666665,0.011547005383789962,0.6733333333333337,0.005773502691896279,7.066386666666667,0.05707884138043945,49976.399999999994,47.66,31.336666666666662,-0.0006699999999999929,-0.0009999999999999788,0.14139164235567814,2,58.558,81
10.485333333333333,0.004618802153516497,0.6733333333333337,0.005773502691896279,7.060133333333334,0.06215759755117098,49976.399999999994,47.589999999999996,31.2,-0.005512000000000006,-0.00039999999999995595,0.14126651913331498,2,58.51333333333334,81
10.484,0.0039999999999995595,0.666666666666667,0.005773502691896279,6.9893333333333345,0.06058870301742008,49976.399999999994,47.453333333333326,30.96666666666667,-0.005375999999999959,-0.00019999999999997797,0.1398498788118897,2,57.662,81
10.5,0.031240998703626476,0.666666666666667,0.005773502691896279,7.000053333333335,0.07228983146565746,54612.5,47.48666666666667,31.69666666666667,0.0018759999999999888,0.002799999999999958,0.12817441353023218,2,58.826,81
10.52,0.031240998703626476,0.6700000000000004,0.010000000000000023,7.048586666666668,0.12421540859866491,54612.5,48.38666666666666,30.213333333333335,0.012387999999999977,0.002799999999999958,0.1290630826932291,2,59.726666666666674,81
10.486666666666666,0.0889344327768119,0.6633333333333337,0.020816659994661337,6.957360000000001,0.27521126721120964,54612.5,49.413333333333334,28.71666666666667,-0.020668,-0.007599999999999963,0.1273926776346508,2,55.38133333333334,81
10.42,0.10665833300778661,0.6500000000000002,0.02645751311064586,6.7748800000000005,0.34630997444485995,54612.5,49.99,27.900000000000002,-0.032776000000000007,-0.010199999999999942,0.12405137923773428,2,54.264,81
10.346666666666666,0.033306655991457476,0.6300000000000002,0.009999999999999436,6.5186133333333345,0.12382566669851681,54612.5,50.04,28.436666666666667,-0.01236799999999998,-0.0032000000000000028,0.1193590107452065,2,53.32,81
10.304,0.04233202097703212,0.616666666666667,0.015275252316518906,6.354560000000002,0.18302125778170805,54612.5,49.73,28.813333333333333,-0.01790400000000001,-0.0040000000000000036,0.1163551136623729,2,51.28,81
10.245333333333335,0.08053156730955378,0.6033333333333336,0.015275252316518615,6.182133333333334,0.2035058066329594,54612.5,49.800000000000004,27.34,-0.02020000000000004,-0.008000000000000007,0.1131978967349343,2,49.95333333333333,81
10.165333333333335,0.08812112875657563,0.5833333333333336,0.020816659994660234,5.930933333333335,0.26026980872419786,54612.5,49.96333333333333,27.080000000000002,-0.025439999999999952,-0.008800000000000007,0.10859830139678532,2,47.040000000000006,81
10.076,0.08606973916539708,0.5600000000000003,0.029999999999998875,5.644280000000001,0.3503802893999559,54612.5,50.129999999999995,26.766666666666666,-0.03503799999999999,-0.00860000000000003,0.10334953811786465,2,44.11366666666667,81
9.974666666666666,0.1125936647122411,0.5300000000000002,0.029999999999998472,5.2888133333333345,0.35842437491516904,54612.5,50.18333333333333,27.426666666666666,-0.03584000000000005,-0.01120000000000001,0.09684076891855191,2,41.06666666666667,81
9.474666666666666,0.7776100136529438,0.41333333333333355,0.1767295485574869,4.007813333333334,1.919191046387338,54612.5,49.379999999999995,28.41,-0.174592,-0.07039999999999998,0.07338502995291153,2,15.014999999999997,81
8.729333333333333,1.0599194937981522,0.2633333333333336,0.21501937897160092,2.4499866666666676,2.2258663105706322,39856.39999999999,47.25333333333333,30.8,-0.21539199999999997,-0.1052,0.06146880294918054,2,5.168,81
7.88,0.6455881039796182,0.12333333333333359,0.07505553499464772,1.0022000000000009,0.6927016223454229,24796.666666666657,43.78333333333333,35.59,-0.06085799999999999,-0.06360000000000002,0.0404150928178727,2,4.872000000000001,81
7.244,0.5428369921072052,0.07666666666666692,0.005773502691896256,0.5572800000000009,0.08014275263540373,9484.733333333324,40.22333333333333,40.99333333333333,-0.007656000000000001,-0.054000000000000006,0.058749279619920595,2,3.8920000000000003,81
6.689333333333334,0.6101846714998105,0.0733333333333336,0.0057735026918962614,0.49261333333333424,0.08227681406880448,8735.566666666657,37.736666666666665,46.61666666666667,-0.007924,-0.060999999999999985,0.05638523142195464,2,3.5513333333333335,81
6.092,0.5780103805296227,0.06666666666666693,0.005773502691896261,0.4080533333333342,0.06982356431257529,8150.5666666666575,36.346666666666664,49.79333333333333,-0.006804000000000002,-0.05779999999999998,0.050058271007209415,2,2.7579999999999996,81
5.501333333333334,0.5941357869488539,0.06333333333333359,0.005773502691896261,0.35037333333333426,0.06818522225022182,7699.733333333324,35.6,51.776666666666664,-0.006608000000000003,-0.05939999999999999,0.04549869709378345,2,2.4499999999999997,81
4.906666666666666,0.6060275021262111,0.05666666666666692,0.005773502691896254,0.2800533333333342,0.05912678355290352,7293.066666666656,35.126666666666665,52.696666666666665,-0.005787999999999997,-0.06059999999999999,0.03839467695204339,2,1.7933333333333337,81
4.4493333333333345,0.3984034805738213,0.053333333333333593,0.00577350269189625,0.2388000000000009,0.04797165829923363,6926.3999999999905,34.53333333333333,54.153333333333336,-0.004339999999999998,-0.037800000000000014,0.03447180760458487,2,1.726666666666667,81
4.1306666666666665,0.18036999011292085,0.05,0.0,0.20653333333333423,0.009018499504444147,6598.333333333324,34.056666666666665,56.01666666666667,-0.0009000000000000008,-0.018000000000000016,0.031296090514193534,2,1.6433333333333335,81
3.9640000000000004,0.17088007490635548,0.04666666666666693,0.005773502691896259,0.18552000000000088,0.029320081854903743,6314.99999999999,33.586666666666666,57.39666666666667,-0.002752000000000002,-0.017000000000000015,0.02937302089930354,2,1.2679999999999998,81
3.7520000000000002,0.2226027852476273,0.04333333333333359,0.005773502691896258,0.16322666666666755,0.030011446704741065,5879.733333333324,33.28666666666667,58.830000000000005,-0.0028440000000000006,-0.021799999999999996,0.027756175533663798,2,1.1693333333333333,81
3.605333333333333,0.1720620043279,0.04,0.0,0.14421333333333422,0.006882480171526017,5468.8999999999905,32.97666666666667,59.85,-0.0005999999999999992,-0.01499999999999999,0.026364893934685177,2,1.1680000000000001,81
3.4746666666666663,0.05430776494511565,0.036666666666666924,0.005773502691896259,0.12761333333333422,0.02187017451488199,5050.266666666656,32.669999999999995,60.82333333333333,-0.0018980000000000004,-0.004800000000000004,0.025263630244559344,2,0.853,81
3.3973333333333335,0.11470541980801825,0.0333333333333336,0.00577350269189626,0.11360000000000088,0.023091920664553085,4767.199999999991,32.443333333333335,61.35666666666666,-0.002094000000000001,-0.01140000000000001,0.023824504005704687,2,0.819,81
3.3173333333333335,0.08220300075625867,0.03,0.0,0.09952000000000089,0.002466090018220416,4421.933333333323,32.160000000000004,61.870000000000005,-0.00022199999999999998,-0.007400000000000006,0.022500904377185826,2,0.8159999999999998,81
3.264,0.01199999999999804,0.03,0.0,0.09792000000000088,0.00035999996939034746,4073.599999999991,31.97333333333333,62.63333333333333,-3.599999999999992e-05,-0.001200000000000001,0.024031806803122047,2,0.8130000000000001,81
3.2546666666666666,0.008326663997859904,0.026666666666666925,0.005773502691896256,0.08681333333333423,0.018926397790156927,3736.666666666657,31.686666666666667,63.94,-0.0016479999999999995,-0.0007999999999999785,0.02322661196825144,2,0.5413333333333333,81
3.2466666666666666,0.00611010092659972,0.023333333333333595,0.0057735026918962545,0.07577333333333422,0.018867976396826983,3394.166666666657,31.496666666666666,65.40666666666667,-0.0016379999999999993,-0.0005999999999999784,0.022318001079966947,2,0.5400000000000001,81
3.24,0.007999999999992843,0.02,0.0,0.0648000000000009,0.00015999993078219998,3003.6333333333237,31.259999999999994,66.96999999999998,-1.6000000000000043e-05,-0.0008000000000000007,0.021566691443215845,2,0.5386666666666667,81
3.2360000000000007,0.003999999999984344,0.016666666666666923,0.005773502691896258,0.05393333333333422,0.018683225987798452,2490.866666666657,31.066666666666663,68.42666666666666,-0.0016220000000000006,-0.00020000000000000017,0.021643747659051225,2,0.26966666666666667,81
3.2320000000000007,0.003999999999983122,0.013333333333333593,0.005773502691896257,0.043093333333334226,0.018660003572108744,1876.1333333333234,30.846666666666664,69.27666666666666,-0.001618,-0.00020000000000000017,0.022956991156728942,2,0.269,81
3.1839999999999997,0.08323460818673774,0.006666666666666926,0.005773502691896258,0.021546666666667557,0.018660003572106815,1202.2333333333236,30.579999999999995,69.16333333333334,-0.001618,-0.007400000000000006,0.017907305316232153,2,0.0,81
2.956,0.35680807165757766,0.0033333333333335925,0.005773502691896257,0.010760000000000889,0.018636866688842034,628.0666666666569,30.319999999999997,69.67333333333333,-0.0016140000000000002,-0.03380000000000001,0.017104705383638813,2,0.0,81
2.6826666666666665,0.3583368992070613,0.0,0.0,0.0,0.0,236.96666666665695,30.046666666666663,70.53000000000002,0.0,-0.03400000000000001,0.0,2,0.0,81
2.0586666666666664,0.7333139391374813,0.0,0.0,0.0,0.0,59.73333333332363,29.836666666666662,71.66333333333334,0.0,-0.0668,0.0,2,0.0,81
1.36,0.9839349571999126,0.0,0.0,0.0,0.0,9.166666666656965,29.676666666666666,72.03333333333335,0.0,-0.09759999999999999,0.0,2,0.0,81
0.656,0.4915282290977716,0.0,0.0,0.0,0.0,0.2666666666569654,29.56,72.71999999999998,0.0,-0.046,0.0,2,0.0,81
1.1693333333333333,1.3764204783907155,0.0,0.0,0.0,0.0,1.0999999999902987,29.67333333333333,72.35333333333334,0.0,0.11499999999999999,0.0,2,0.0,81
3.933333333333333,4.347259059836823,0.07000000000000026,0.12124355652982141,0.6123600000000008,1.0606386325228776,2611.0999999999904,31.353333333333335,66.82666666666667,0.09185399999999999,0.4226,0.23443206615367065,2,15.308999999999997,81
6.723999999999999,3.436621596859336,0.13666666666666694,0.11846237095944576,1.1902266666666674,1.0320642742258515,18103.333333333325,33.916666666666664,59.300000000000004,0.08668000000000001,0.2956,0.0657426398836375,2,14.446666666666665,81
8.633333333333333,0.1353710948960645,0.19333333333333358,0.020816659994661455,1.6709866666666675,0.20471219341635172,35008.06666666666,36.90333333333333,50.826666666666675,-0.01973999999999999,-0.013199999999999967,0.047730111818652735,2,12.019,81
8.553333333333333,0.1000266631121869,0.1833333333333336,0.015275252316519645,1.5691066666666675,0.14926794342166633,49828.06666666665,39.00666666666666,45.42666666666667,-0.010108000000000016,-0.008000000000000007,0.03148978641649589,2,12.761999999999999,81
8.870666666666665,0.6490526429599991,0.2500000000000003,0.13000000000000003,2.2739066666666674,1.3639335551753737,51452.233333333315,40.629999999999995,41.14,0.12028599999999998,0.05679999999999996,0.04419365935538878,2,32.06666666666666,81
9.398666666666665,0.8032069056808238,0.36333333333333356,0.16802777548171416,3.5047066666666673,1.825985311806569,51482.49999999999,41.91,38.526666666666664,0.180162,0.07800000000000003,0.06807436686834943,2,42.788999999999994,81
9.975999999999999,0.3200749912130505,0.48666666666666697,0.07767453465154037,4.8715600000000014,0.9206454805189672,52256.66666666666,42.776666666666664,38.03333333333333,0.08920000000000003,0.03100000000000005,0.09322191959074591,2,46.93333333333334,81
10.193333333333333,0.10971478174507282,0.5433333333333336,0.03055050463303909,5.5405733333333345,0.36878009563062414,52673.6,43.51666666666667,36.626666666666665,0.036018000000000015,0.010200000000000032,0.10518491518366223,2,48.791999999999994,81
9.526666666666666,1.2633437114789325,0.4100000000000002,0.26000000000000006,4.124840000000002,2.8058530855338804,40641.39999999999,42.32666666666666,39.096666666666664,-0.23722600000000002,-0.10860000000000003,0.10149105367793247,2,7.395666666666665,81
9.554666666666666,1.2877535996196496,0.42333333333333356,0.2715388247255507,4.277893333333334,2.938556634086423,40641.39999999999,41.12333333333333,39.96666666666667,0.011805999999999983,0.00259999999999998,0.10525690740048164,2,50.75966666666666,81
9.258666666666667,1.1332101893882534,0.35333333333333355,0.24006943440041123,3.4522933333333348,2.6026302671976533,38609.16666666666,39.849999999999994,42.23,0.124538,0.06580000000000004,0.08941410077656582,2,28.152,81
9.895999999999999,0.4755964676067657,0.48333333333333356,0.11590225767142483,4.819800000000001,1.364444854730303,51172.76666666666,40.74,40.24666666666667,-0.05505799999999996,-0.017199999999999972,0.09418497628667817,2,41.583333333333336,81
10.057333333333334,0.7151428761676705,0.526666666666667,0.18147543451754936,5.3833333333333355,2.2279543152706993,51172.76666666666,42.059999999999995,38.14666666666667,0.22017599999999998,0.07119999999999997,0.10519712899773523,2,64.848,81
10.424,0.4172481276171751,0.6200000000000002,0.11135528725660038,6.493840000000001,1.4083490544605761,53875.83333333332,44.376666666666665,35.00666666666667,0.085988,0.02519999999999998,0.12053121162156902,2,55.91466666666667,81
9.812,1.453585910773777,0.49666666666666687,0.32005207909547057,5.183413333333335,3.612079362435622,41915.266666666656,44.51666666666666,35.1,-0.33615199999999995,-0.13319999999999999,0.12366114030511632,2,8.822666666666667,81
9.74,1.3832310002309922,0.48000000000000026,0.30347981810987046,4.955040000000001,3.379852243871024,41915.266666666656,43.75999999999999,36.336666666666666,0.019344000000000028,0.005400000000000027,0.11821281793543961,2,59.13866666666667,81
9.130666666666666,1.2911844691341956,0.34333333333333366,0.2872861523522034,3.382080000000002,3.250491895329074,34244.99999999999,43.36333333333332,36.49333333333333,0.046608000000000004,0.025600000000000022,0.09875839514103846,2,16.590666666666667,81
9.881333333333334,1.0656853819647556,0.5100000000000002,0.24331050121192885,5.212333333333335,2.8032422657582297,46942.233333333315,45.46,33.18,-0.027357999999999993,-0.009799999999999986,0.11103481722960436,2,54.57900000000001,81
9.863999999999999,1.0486333963783685,0.5100000000000002,0.24331050121192885,5.200720000000001,2.7915806570471857,46942.233333333315,48.43333333333334,29.61,0.25354599999999994,0.09419999999999992,0.11078742623182476,2,58.848333333333336,81
10.553333333333333,0.16440600151264584,0.6700000000000003,0.03999999999999964,7.0751066666666675,0.5324047322604664,54612.5,50.25333333333333,27.063333333333333,0.05322799999999996,0.01639999999999997,0.12954867691443817,2,63.45033333333333,81
10.586666666666666,0.12095178102606262,0.6800000000000003,0.02645751311064533,7.2010666666666685,0.3639076241758891,54612.5,51.65,25.28,-0.006721999999999983,-0.0021999999999999355,0.13185506636027117,2,57.728,81
10.618666666666668,0.11498405686605828,0.6866666666666669,0.02516611478423522,7.2934133333333335,0.3455865190272046,54612.5,51.92666666666667,24.47666666666667,-0.013760000000000083,-0.004400000000000048,0.13354597916876476,2,61.15699999999998,81
10.596,0.08717797887106175,0.6866666666666669,0.02516611478423522,7.2773200000000005,0.32361577959056187,54612.5,52.083333333333336,24.346666666666664,0.03191999999999999,0.008000000000000007,0.1332513023336721,2,63.048,81
10.650666666666668,0.012858201016367473,0.7033333333333335,0.011547005383791279,7.491066666666668,0.13183980784778931,54612.5,52.129999999999995,24.209999999999997,0.011488000000000076,0.0012000000000000454,0.1371651087490578,2,63.07166666666667,81
9.742666666666667,1.5854051007024568,0.5066666666666669,0.3521836642056717,5.3085200000000015,3.9121141347358455,42373.59999999999,49.89333333333334,26.659999999999997,-0.33872800000000003,-0.13720000000000004,0.125275990805813,2,6.593333333333333,81
8.842666666666666,1.574010588697978,0.3033333333333336,0.35218366420567165,3.0518000000000005,3.9116641624761166,28615.26666666666,46.096666666666664,31.60666666666667,-0.33865,-0.1352,0.10664563744630098,2,6.630000000000001,81
5.717333333333333,3.8394423206154977,0.06666666666666693,0.05773502691896258,0.5289333333333346,0.4580749865833027,10411.666666666657,38.35,48.79333333333333,-0.03956,-0.33140000000000003,0.05079710608873825,2,0.0,81
6.130666666666667,4.23972137449306,0.12333333333333359,0.13650396819628846,1.0888800000000012,1.2613562300951955,13694.166666666657,33.666666666666664,61.56666666666667,0.08377199999999999,0.059799999999999943,0.07950834235922663,2,20.592,80
6.182666666666667,4.274119948402633,0.12333333333333359,0.13650396819628846,1.0940800000000013,1.259573535447599,13673.333333333323,30.626666666666665,71.29666666666667,0.04056,0.34140000000000004,0.08000975062769682,2,6.760000000000001,80
8.569333333333335,0.5312074296669389,0.1733333333333336,0.08736894948054105,1.5162800000000012,0.8576259576295292,19699.99999999999,31.173333333333332,68.55333333333334,-0.060221999999999984,-0.03539999999999992,0.0769646210852242,2,10.555000000000001,80
8.450666666666667,0.34204872947192,0.15666666666666693,0.060277137733417085,1.3376400000000015,0.5653176565436161,19122.49999999999,31.793333333333333,66.49666666666667,0.056196,0.03419999999999997,0.06994744685857726,2,16.125999999999998,80
8.692,0.21570350020346024,0.19333333333333358,0.03785938897200183,1.6857600000000013,0.3651763650621006,23668.89999999999,32.51333333333333,64.06666666666668,0.029447999999999995,0.01959999999999997,0.07121956577763328,2,15.463000000000001,80
8.754666666666667,0.10809872031323241,0.2033333333333336,0.020816659994661334,1.7814800000000013,0.20118336710565665,25463.59999999999,33.38,62.49666666666667,-0.01906800000000001,-0.008199999999999985,0.06995908044893702,2,12.947999999999999,80
8.688,0.12942951749900206,0.19000000000000025,0.017320508075688787,1.6522000000000012,0.17614472685825255,24311.09999999999,33.76666666666667,61.800000000000004,-0.015414000000000006,-0.01200000000000001,0.06795793041325109,2,12.894,80
8.532000000000002,0.14316424134546615,0.16666666666666693,0.023094010767585015,1.424186666666668,0.2188397380123178,21664.433333333323,33.60333333333333,62.38333333333333,-0.019111999999999983,-0.013199999999999967,0.06573543417086827,2,9.762666666666668,80
8.48,0.11405261943516433,0.16000000000000025,0.019999999999999976,1.3583200000000015,0.1878893120961543,20612.76666666666,33.45,63.36666666666667,-0.009555999999999986,-0.005999999999999961,0.06589382823452945,2,11.301333333333336,80
8.44,0.062353829072656394,0.15000000000000027,0.009999999999999929,1.2663600000000015,0.0924231226477736,19863.333333333325,33.416666666666664,63.28,0.0049939999999999984,0.005400000000000027,0.06375044048797687,2,10.595,80
8.525333333333334,0.08544783984019837,0.16333333333333358,0.015275252316519466,1.3932933333333348,0.14409432651322446,21576.366666666658,33.53,63.21,0.009807999999999994,0.007399999999999985,0.06457198206145029,2,12.936,80
8.686666666666667,0.24801075245512635,0.1866666666666669,0.04041451884327383,1.6281733333333348,0.4001292117970166,24393.033333333326,33.916666666666664,61.169999999999995,0.03947000000000002,0.0242,0.06674473675939889,2,17.17333333333334,80
8.726666666666668,0.20255698786602863,0.2033333333333336,0.025166114784235895,1.7774400000000015,0.25919471599546473,26148.29999999999,34.446666666666665,59.38999999999999,0.008343999999999996,-0.0014000000000000234,0.06797275644089908,2,14.326666666666668,80
9.122666666666667,0.6241068284623729,0.2933333333333336,0.1365039681962885,2.7318000000000016,1.4680103405630278,36314.69999999999,35.57,55.830000000000005,0.11772999999999997,0.04259999999999993,0.07522366359453357,2,36.795,80
9.413333333333334,0.70790206478959,0.3733333333333336,0.1504437879519568,3.5852133333333343,1.6192826413363781,44931.93333333332,37.29666666666666,51.44,0.145092,0.061800000000000035,0.0797903245429485,2,38.50866666666666,80
9.914666666666667,0.1608145930361087,0.4933333333333336,0.05859465277082321,4.897480000000002,0.664895777697524,54612.5,39.949999999999996,45.69,0.06203000000000003,0.014400000000000013,0.08967526344218923,2,47.13333333333334,80
9.754666666666667,0.3897965281186678,0.4633333333333336,0.10016652800877816,4.5455200000000024,1.1501011044251686,51858.33333333332,42.21333333333333,40.72333333333333,-0.06307599999999998,-0.025,0.08765095321960696,2,27.996000000000006,80
9.936,0.5409768941461695,0.5133333333333336,0.13613718571108097,5.1495466666666685,1.5981631562932892,51858.33333333332,43.03666666666667,39.34666666666667,0.03885599999999996,0.01379999999999999,0.09929835837971956,2,53.60933333333333,80
10.102666666666666,0.6767490918600262,0.5600000000000002,0.1777638883463118,5.737546666666668,2.1177207450779076,51858.33333333332,44.14000000000001,37.65,0.20302399999999993,0.06339999999999994,0.11063672241576578,2,61.83333333333333,80
10.377333333333333,0.22200300298278114,0.6300000000000002,0.06557438524302017,6.547346666666667,0.8215176748757957,54612.5,45.13,36.376666666666665,-0.03220999999999998,-0.010999999999999944,0.11988513218648626,2,48.241,80
10.185333333333334,0.4008058549140356,0.5833333333333336,0.11060440015358039,5.970973333333334,1.3671216339936,54612.5,45.879999999999995,34.68333333333334,-0.13579999999999998,-0.039999999999999945,0.10933145345625779,2,39.199999999999996,80
10.324,0.6251655780671538,0.6233333333333335,0.1761628034896509,6.508680000000002,2.252523215596235,54612.5,45.43666666666667,34.11666666666667,0.16221000000000002,0.04299999999999997,0.11917712653464807,2,75.276,80
10.085333333333333,0.8258361419394109,0.566666666666667,0.22300971578236972,5.837706666666668,2.8059393753488924,54058.899999999994,44.9,33.916666666666664,-0.0464,-0.01800000000000006,0.10798589465882603,2,31.466666666666665,80
10.147999999999998,0.8000899949380934,0.5833333333333336,0.21501937897160184,6.034253333333335,2.705680830351824,54058.899999999994,44.376666666666665,33.51333333333333,-0.18697400000000003,-0.05140000000000002,0.11162161478902728,2,44.11366666666667,80
9.686666666666666,0.2780599455753538,0.46000000000000024,0.06557438524301962,4.468013333333334,0.7675918085371431,54058.899999999994,44.47666666666667,33.696666666666665,0.02791999999999999,0.009600000000000008,0.08264930814399092,2,36.12,80
9.664,0.309244240043424,0.4533333333333336,0.075055534994651,4.396466666666668,0.8678062588696401,52799.99999999999,44.26666666666667,33.913333333333334,-0.086614,-0.030799999999999984,0.08326483715586198,2,29.677999999999997,80
9.344,0.3029719458960381,0.3766666666666669,0.07505553499465079,3.5347200000000014,0.8133272817261077,47540.56666666665,43.99666666666667,34.336666666666666,-0.08129999999999997,-0.03019999999999996,0.07435009503963906,2,22.57,80
9.235999999999999,0.1829535460165534,0.35000000000000026,0.04358898943540564,3.237906666666668,0.4623079845009281,45486.133333333324,42.98666666666667,35.419999999999995,-0.005870000000000019,-0.0032000000000000028,0.07118291326338443,2,28.699666666666662,80
9.216,0.16282505949647574,0.34333333333333355,0.03785938897200051,3.1682266666666674,0.4008489677338706,44881.69999999998,42.52666666666667,35.973333333333336,0.03219599999999998,0.014199999999999945,0.07058903913237548,2,27.936,80
8.952,0.6200774145217898,0.29000000000000026,0.12999999999999953,2.6497733333333344,1.297018687503501,38082.23333333332,42.85,35.94,-0.11454599999999997,-0.05359999999999996,0.06957847591722346,2,9.60866666666667,80
8.952,0.6200774145217898,0.29000000000000026,0.12999999999999953,2.6497733333333344,1.297018687503501,38072.23333333332,42.26333333333333,37.53,0.0045819999999999975,-0.00019999999999997797,0.0695967508231943,2,28.699666666666662,80
9.476,1.3319699696314602,0.4300000000000003,0.3241913015489465,4.362173333333335,3.7534412865706748,40489.16666666666,42.68000000000001,37.67666666666667,0.366824,0.1324,0.10773414121124066,2,70.74600000000001,80
10.421333333333333,0.9687462688100397,0.6600000000000003,0.2523885892824794,7.041080000000001,3.1348107176032194,52548.06666666665,43.03666666666666,37.82333333333334,0.28729,0.08819999999999997,0.13399058150097184,2,76.58133333333333,80
10.422666666666666,0.9664477913127921,0.6566666666666668,0.2581343319539914,7.010533333333335,3.187393544658918,52493.33333333332,44.78,34.90333333333333,-0.25686000000000003,-0.07860000000000004,0.1335483830000699,2,27.936,80
10.122666666666666,0.8881561424284425,0.576666666666667,0.2371356854910989,5.9778133333333345,2.962578618793657,52493.33333333332,44.26666666666667,35.57333333333333,-0.18991999999999995,-0.05439999999999996,0.11387540242438872,2,44.928000000000004,80
9.502666666666666,0.4198348881803036,0.41666666666666696,0.1069267662156363,3.9892933333333347,1.215914012968566,49506.39999999999,44.48666666666667,34.93666666666667,-0.006406,-0.004999999999999982,0.08057973824788488,2,26.868333333333332,80
9.44,0.473168046258445,0.4000000000000003,0.12288205727444508,3.814666666666668,1.3797202234269528,46893.633333333324,43.84,35.78333333333333,-0.12814600000000004,-0.04299999999999997,0.08134548445131252,2,23.570333333333334,80
9.065333333333333,0.1831866079531043,0.3100000000000003,0.03999999999999962,2.8149466666666676,0.4161640932772945,40360.56666666666,43.77,36.203333333333326,-0.04159999999999999,-0.017600000000000015,0.069743245843612,2,19.935,80
8.878666666666666,0.23655302435894215,0.2700000000000003,0.03999999999999946,2.403533333333334,0.41935487469839955,34550.56666666666,43.03666666666667,36.94,-0.041924,-0.023600000000000065,0.06956365702664717,2,16.583000000000002,80
8.668000000000001,0.18452100151480252,0.22666666666666693,0.04509249752822833,1.970240000000001,0.4321575768165758,28961.399999999994,41.666666666666664,39.67666666666667,-0.043181999999999984,-0.018399999999999927,0.06802751153219351,2,12.738000000000001,80
8.526666666666666,0.11209519763735389,0.19333333333333358,0.032145502536642154,1.6508800000000015,0.29742421421258386,24456.39999999999,40.07666666666666,42.626666666666665,-0.027791999999999994,-0.010799999999999966,0.06750022488081325,2,11.951,80
8.422666666666666,0.076872188295613,0.16666666666666693,0.015275252316517067,1.4045600000000011,0.14112134353091962,21696.39999999999,37.97333333333333,47.54,-0.013878000000000012,-0.007600000000000051,0.06473402343137895,2,10.424999999999999,80
8.296,0.1664211525017817,0.14666666666666692,0.025166114784234275,1.2195200000000013,0.23194774928843548,18941.09999999999,36.28333333333333,51.77,-0.023034000000000006,-0.016199999999999992,0.06438145717739858,2,8.112,80
7.581333333333333,1.1223998099310895,0.11333333333333358,0.04041451884327271,0.8882933333333346,0.4119336652099493,14651.09999999999,34.93666666666666,55.343333333333334,-0.040527999999999995,-0.1024,0.0606256668554907,2,3.6703333333333337,80
6.913333333333334,1.0383088814670403,0.08666666666666693,0.02886751345947964,0.6191333333333345,0.3068424386119061,11030.533333333324,33.849999999999994,58.17333333333334,-0.026496,-0.08879999999999999,0.05612395980008839,2,3.6960000000000006,80
6.865333333333333,0.9551907313899856,0.08000000000000027,0.017320508075688773,0.5602533333333346,0.20486121090460516,10239.69999999999,33.306666666666665,59.81666666666666,0.017818,0.08380000000000001,0.054708499744483795,2,6.64,80
7.38,0.9065362651322942,0.08333333333333359,0.015275252316519472,0.6224000000000012,0.17668260355781512,11084.166666666657,32.95333333333333,60.80666666666667,0.009167999999999996,0.075,0.05614710348664146,2,5.224,80
6.832000000000001,1.8544691962931068,0.08000000000000025,0.020000000000000007,0.5684000000000012,0.26257056651492344,10499.433333333323,32.70666666666666,61.75333333333333,-0.025764000000000002,-0.1638,0.054131099351455506,2,2.3459999999999996,80
6.226666666666667,1.5733293785261009,0.07000000000000027,0.010000000000000016,0.4463466666666678,0.1732149154469689,9304.166666666657,32.25,63.02333333333334,-0.009811999999999998,-0.08420000000000001,0.04796761655711002,2,3.588666666666667,80
4.777333333333334,1.3340484748813695,0.05666666666666692,0.015275252316519479,0.2838933333333345,0.14557451058925058,7135.833333333324,31.790000000000003,65.5,-0.0070999999999999995,-0.06020000000000001,0.039778613297214195,2,1.1626666666666667,80
4.46,1.4707222715387056,0.050000000000000266,0.017320508075688787,0.23992000000000116,0.1652452431992107,6394.466666666657,31.153333333333336,68.11333333333334,-0.014052,-0.1206,0.0375140724679984,2,1.2466666666666668,80
3.488,0.2519999999999196,0.03000000000000026,0.01732050807568877,0.10716000000000114,0.06497446883173155,3901.6999999999903,30.543333333333333,70.47,-0.005358,-0.01259999999999999,0.027457913752018198,2,0.26966666666666667,80
3.1840000000000006,0.5837396680027461,0.016666666666666927,0.020816659994661323,0.06065333333333448,0.07871101913518061,2461.39999999999,29.69666666666667,71.14333333333333,-0.0074800000000000005,-0.05820000000000001,0.024631795538228855,2,0.0,80
2.806666666666667,0.372157672678242,0.0033333333333335925,0.005773502691896224,0.010786666666667813,0.018683054710044885,877.766666666657,28.416666666666668,79.0,-0.001618,-0.031400000000000004,0.012274779046392214,2,0.0,80
2.7119999999999997,0.2084610275326087,0.0,0.0,0.0,0.0,407.76666666665704,26.900000000000002,88.39,0.0,0.018799999999999994,0.0,2,0.0,80
2.893333333333333,0.26099297563974116,0.0,0.0,0.0,0.0,519.7333333333237,25.77,98.23333333333333,0.0,0.0256,0.0,2,0.0,80
2.92,0.21777052142095246,0.0,0.0,0.0,0.0,550.2999999999903,25.433333333333334,100.0,0.0,-0.01319999999999999,0.0,2,0.0,80
2.876,0.22137750563224134,0.0,0.0,0.0,0.0,521.966666666657,25.62,100.0,0.0,-0.015000000000000013,0.0,2,0.0,80
2.7093333333333334,0.1016923464833241,0.0,0.0,0.0,0.0,414.16666666665697,25.73,100.0,0.0,-0.003400000000000003,0.0,2,0.0,80
2.688,0.11433284742343669,0.0,0.0,0.0,0.0,379.16666666665697,25.656666666666666,100.0,0.0,-0.009799999999999986,0.0,2,0.0,80
2.616,0.010583005241899677,0.0,0.0,0.0,0.0,309.9999999999903,25.52,100.0,0.0,-0.0008000000000000007,0.0,2,0.0,80
2.574666666666667,0.06885734044590272,0.0,0.0,0.0,0.0,237.23333333332366,25.346666666666664,100.0,0.0,-0.0064000000000000055,0.0,2,0.0,80
2.485333333333333,0.12434360994149225,0.0,0.0,0.0,0.0,141.66666666665697,25.046666666666667,100.0,0.0,-0.012400000000000012,0.0,2,0.0,80
2.2706666666666666,0.27800239807109506,0.0,0.0,0.0,0.0,62.4999999999903,24.726666666666663,100.0,0.0,-0.0268,0.0,2,0.0,80
1.6546666666666665,0.8940007457118102,0.0,0.0,0.0,0.0,19.166666666656965,24.363333333333333,100.0,0.0,-0.08539999999999999,0.0,2,0.0,80
1.2613333333333332,0.6601494780224162,0.0,0.0,0.0,0.0,3.633333333323632,25.74,95.72000000000001,0.0,-0.0392,0.0,2,0.0,80
1.7026666666666666,1.3946889736902894,0.0033333333333335925,0.005773502691896258,0.010946666666667814,0.01896018284018731,644.166666666657,26.569999999999997,92.92666666666668,0.001642,0.13179999999999997,0.0169671919400692,2,0.27366666666666667,80
2.5853333333333333,1.2205332168086551,0.010000000000000259,0.01,0.03292000000000114,0.032960072815453545,1479.9999999999902,27.13333333333333,89.96,0.0032959999999999995,0.10600000000000001,0.022228224172857098,2,0.5493333333333332,80
3.2946666666666666,0.010066445911641957,0.016666666666666927,0.005773502691896258,0.05494666666666781,0.019145102071635275,2311.0999999999904,25.98,93.87666666666667,0.0016619999999999998,0.0010000000000000009,0.02376483139425978,2,0.5506666666666666,80
3.3173333333333335,0.030287511176923607,0.023333333333333595,0.005773502691896256,0.07752000000000114,0.01995338567762373,2918.59999999999,25.273333333333337,96.67,0.0017320000000000002,0.0028000000000000026,0.0265515824085496,2,0.8380000000000001,80
3.3213333333333335,0.026633312473147555,0.023333333333333595,0.005773502691896256,0.07760000000000115,0.019883983504318234,2834.4333333333234,24.863333333333333,99.63666666666667,3.999999999999837e-06,0.00020000000000000017,0.027367950812927394,2,0.5513333333333332,80
3.3333333333333335,0.022744962811410575,0.026666666666666925,0.0057735026918962545,0.08897333333333447,0.019757746160261623,3086.9333333333234,24.706666666666667,100.0,-1.799999999999996e-05,-0.0006000000000000005,0.02881322999201238,2,0.835,80
3.336,0.02622975409642918,0.026666666666666925,0.0057735026918962545,0.08905333333333448,0.019828477837023517,3196.3999999999905,24.659999999999997,100.0,0.0017319999999999996,0.0026000000000000025,0.027851796251121146,2,0.84,80
3.356,0.014422205100447023,0.03,0.0,0.10068000000000114,0.0004326661530548654,3778.3333333333235,24.673333333333332,100.0,4.199999999999968e-05,0.0014000000000000013,0.0266396189804202,2,0.8419999999999999,80
3.388,0.04176122603515974,0.0333333333333336,0.005773502691896259,0.11309333333333449,0.021085173305745736,4480.833333333324,24.683333333333334,100.0,0.001832000000000001,0.0038000000000000035,0.02523372131940085,2,1.1453333333333335,80
3.8826666666666667,0.8332330606338773,0.050000000000000266,0.026457513110645904,0.2086666666666678,0.15595712915199914,6311.366666666657,24.74,100.0,0.014324000000000003,0.07380000000000002,0.03305680384008134,2,3.2293333333333334,80
5.521333333333334,2.4939649823791266,0.08000000000000025,0.039999999999999994,0.5063466666666678,0.44050863207584634,10055.533333333324,25.066666666666663,100.0,0.042832,0.24240000000000003,0.05035002121340704,2,8.284,80
7.210666666666666,2.052543137995724,0.11666666666666692,0.03511884584284245,0.8857333333333344,0.4538455373068388,14569.133333333322,25.673333333333336,100.0,0.044403999999999985,0.18299999999999997,0.0607910245616605,2,10.629999999999999,80
8.408,0.11264102272269455,0.1333333333333336,0.01527525231651943,1.1221200000000013,0.14247376179493498,16675.266666666656,26.19666666666667,99.51333333333332,0.005130000000000001,0.007599999999999963,0.06728844185749021,2,9.139000000000001,80
8.461333333333334,0.037166292972916674,0.14000000000000026,0.009999999999999936,1.1848133333333346,0.08948950627494388,17079.733333333323,26.516666666666666,99.29333333333334,-0.0046719999999999765,-0.002999999999999936,0.06936548391755244,2,9.851333333333336,80
8.480000000000002,0.06939740629170203,0.14333333333333362,0.015275252316519428,1.216146666666668,0.13959817954877934,16005.033333333326,26.37,98.47333333333334,0.013646000000000002,0.0062000000000000275,0.07598051568054558,2,11.413333333333336,80
8.417333333333334,0.15770013739165994,0.14000000000000026,0.01999999999999998,1.180506666666668,0.1899253972836,14775.86666666666,26.406666666666666,98.51333333333334,-0.009620000000000023,-0.009800000000000076,0.07988883525149683,2,8.247999999999998,80
8.350666666666667,0.1812990163606735,0.1333333333333336,0.023094010767585018,1.1162133333333344,0.21943942155714252,13873.633333333324,26.28333333333333,98.11333333333334,-0.019016000000000012,-0.015800000000000036,0.08044993381206483,2,8.244,80
8.406666666666666,0.2782900165894355,0.14000000000000026,0.034641016151377546,1.183360000000001,0.33574081431961755,15742.233333333323,26.373333333333335,97.76333333333332,0.029064000000000006,0.02400000000000002,0.07516626190723223,2,13.092,80
8.543999999999999,0.26202289976262877,0.15666666666666693,0.0321455025366432,1.3441733333333346,0.31129454690587377,18406.933333333323,26.47,96.44,0.02414600000000001,0.02080000000000002,0.0730214146799026,2,12.268333333333334,80
8.729333333333335,0.07000952316187271,0.1833333333333336,0.015275252316519534,1.6010800000000014,0.1462327295785722,21845.26666666666,26.903333333333332,93.74666666666667,0.009448000000000012,0.0036000000000000476,0.07328849475425253,2,14.66666666666667,80
8.825333333333333,0.17934696354651344,0.2033333333333336,0.035118845842842486,1.7986800000000012,0.34743859774066504,24188.59999999999,27.72666666666667,91.22333333333331,0.03458199999999999,0.017799999999999993,0.07435757515626558,2,18.032,80
9.137333333333334,0.4116373808746726,0.28000000000000025,0.10583005244258364,2.5874133333333345,1.1020423841819027,34164.73333333332,28.833333333333332,87.25999999999999,0.10391999999999998,0.03979999999999997,0.07573123948751777,2,31.986666666666668,80
9.241333333333335,0.3108783256088505,0.3100000000000003,0.0818535277187245,2.881573333333334,0.8625033419838631,37786.39999999999,30.393333333333334,81.16666666666667,0.023932,0.004800000000000004,0.07625751793807818,2,22.020666666666667,80
9.217333333333334,0.33852227893206893,0.31333333333333363,0.0776745346515403,2.905626666666668,0.8329802315381395,38503.06666666666,31.69666666666667,74.73,-0.08012,-0.03259999999999996,0.07546285154295396,2,18.633333333333336,80
8.934666666666667,0.1821793987621946,0.2533333333333336,0.03511884584284266,2.2676800000000013,0.36000694215528534,30919.166666666657,32.43333333333334,69.00999999999999,-0.035896000000000004,-0.01820000000000004,0.07333983753860755,2,16.038,80
8.796,0.13078226179424163,0.22666666666666693,0.020816659994661833,1.9955733333333345,0.21394947191646066,27895.26666666666,32.45333333333334,68.47333333333334,-0.02049200000000002,-0.012400000000000055,0.07153549817896784,2,15.217999999999998,80
8.666666666666666,0.09930424630068498,0.2033333333333336,0.020816659994661955,1.763600000000001,0.19972864792011957,24963.59999999999,32.166666666666664,68.30666666666667,-0.019223999999999998,-0.009600000000000008,0.07064403194924018,2,12.833999999999998,80
8.542666666666667,0.1604161255402463,0.18000000000000027,0.030000000000000505,1.5408800000000011,0.28488084245873607,22200.533333333326,31.830000000000002,70.59333333333335,-0.028487999999999992,-0.016000000000000014,0.06940421532446715,2,10.47,80
8.504,0.11149887891817507,0.1733333333333336,0.020816659994662087,1.4755600000000013,0.19507365993388054,21740.533333333322,31.40666666666667,69.70333333333333,0.00450600000000001,0.0012000000000000454,0.0678682582951832,2,13.584999999999999,80
8.456000000000001,0.10888526071056932,0.16666666666666696,0.02081665999466212,1.4108400000000012,0.1951731661883859,21381.63333333332,31.323333333333338,69.14999999999999,0.004476000000000013,0.0018000000000000683,0.06598064784661706,2,11.216000000000003,80
8.410666666666666,0.17000392152341892,0.1633333333333336,0.02516611478423649,1.3765733333333348,0.23977408144612422,20685.26666666666,31.260000000000005,69.31666666666666,-0.023829999999999997,-0.016999999999999994,0.06654527641527076,2,9.613333333333335,80
8.293333333333335,0.10294335011713004,0.14333333333333362,0.01527525231652072,1.1897200000000012,0.141637390543597,18116.39999999999,31.220000000000002,71.48666666666666,-0.013814000000000016,-0.009200000000000052,0.06566725909898781,2,8.913666666666666,80
8.206666666666665,0.04772141378182186,0.13000000000000028,0.010000000000002082,1.067160000000001,0.0877063007998825,16244.466666666658,30.87666666666667,74.09,-0.008768000000000015,-0.004400000000000048,0.06568971036022367,2,8.152,80
8.173333333333332,0.047721413781812556,0.12000000000000027,0.010000000000002193,0.9810933333333344,0.08715503733768226,15210.29999999999,30.69333333333334,75.33333333333333,-0.008711999999999992,-0.0043999999999999595,0.06449766511299725,2,7.461666666666668,80
8.122666666666667,0.04085747585612264,0.11666666666666693,0.005773502691900118,0.9475866666666679,0.04542443982409473,14452.233333333323,30.41666666666667,76.14666666666668,-0.0004559999999999953,-0.0037999999999999367,0.0655622617315158,2,8.076,80
8.130666666666666,0.05064911976859858,0.11666666666666693,0.005773502691900118,0.9485466666666679,0.04641579616178963,14608.066666666657,30.30666666666667,75.85000000000001,0.0042859999999999955,0.0017999999999999794,0.0649286287967291,2,8.176,80
8.153333333333334,0.06885734044627617,0.12333333333333361,0.005773502691899998,1.005760000000001,0.053408134211929435,15410.266666666657,30.113333333333333,75.19333333333333,0.004896,0.0065999999999999835,0.06526134559564659,2,8.892,80
8.214666666666668,0.0423949682549226,0.13000000000000028,0.010000000000002089,1.068186666666668,0.08764562586537215,16539.99999999999,30.073333333333334,74.48,0.008764000000000004,0.0041999999999999815,0.06457811901739124,2,9.636666666666667,80
8.184,0.09042123644366885,0.12666666666666695,0.015275252316520861,1.0375600000000011,0.13599786468911737,15879.99999999999,29.96666666666667,74.84333333333333,-0.008890000000000004,-0.0062000000000000275,0.06533341729110269,2,7.410333333333333,80
8.12,0.12592060990957893,0.11666666666666696,0.020816659994662416,0.9490800000000013,0.18481444532286828,14759.733333333323,29.850000000000005,75.69999999999999,-0.01774,-0.012199999999999989,0.0642976184561744,2,6.6800000000000015,80
8.034666666666666,0.04314317249961735,0.10333333333333361,0.0057735026919004916,0.8304133333333344,0.05094892082598799,12865.833333333323,29.69333333333334,76.93666666666665,-0.004441999999999996,-0.0040000000000000036,0.06453906037486574,2,6.67,80
7.941333333333333,0.11908540352759325,0.09333333333333362,0.011547005383794759,0.7421066666666678,0.10200801014299224,11880.266666666657,29.433333333333337,77.97333333333333,-0.008864000000000006,-0.010599999999999988,0.062460231512914036,2,5.2026666666666666,80
7.7026666666666666,0.36277449377447235,0.08666666666666695,0.011547005383794842,0.6695733333333345,0.11507883442811195,10721.666666666657,29.223333333333333,78.82666666666665,-0.010820000000000001,-0.03519999999999999,0.06244466550609318,2,4.866666666666666,80
7.321333333333333,0.47236144352954595,0.07666666666666695,0.005773502691901166,0.5628400000000012,0.07435356615522534,9740.833333333323,29.08666666666667,79.06333333333333,-0.007205999999999995,-0.0472,0.057775572701921456,2,4.001666666666667,80
6.958666666666667,0.30424551489431784,0.07333333333333363,0.0057735026919012505,0.5114400000000012,0.06304059644387473,9351.133333333324,29.100000000000005,79.18333333333334,-0.005693999999999996,-0.029199999999999983,0.054686987639184115,2,3.9176666666666673,80
6.669333333333333,0.2177827663827018,0.07,7.656022462741184e-09,0.4668533333333346,0.0152447936467769,9269.733333333324,29.123333333333335,79.21666666666668,-0.0014979999999999993,-0.021399999999999995,0.050357756667937285,2,3.7520000000000007,80
6.541333333333334,0.1528572318645724,0.07,7.656022462741184e-09,0.4578933333333346,0.010700006230503274,9259.466666666658,29.083333333333332,79.18666666666667,-0.0008399999999999991,-0.01200000000000001,0.04944603223739643,2,3.777666666666667,80
6.366666666666667,0.15285723186455957,0.07,7.656022462741184e-09,0.44566666666666793,0.010700006230503292,9142.79999999999,29.03,79.82666666666667,-0.0008400000000000019,-0.01200000000000001,0.048739765378362214,2,3.6120000000000005,80
6.212000000000001,0.2545898662554324,0.06666666666666694,0.005773502691901419,0.4149466666666679,0.050241088098615154,8931.966666666658,28.980000000000004,79.67,-0.004762000000000002,-0.0254,0.04645116030881883,2,2.984,80
6.0360000000000005,0.13546955377484332,0.06333333333333362,0.005773502691901499,0.3828000000000012,0.04385963064139361,8660.833333333323,28.92,79.45666666666666,-0.0038280000000000007,-0.012199999999999989,0.04419387735467876,2,2.974,80
5.910666666666667,0.08259136355143859,0.06,7.831472508078501e-09,0.3546400000000012,0.004955481813050267,8379.166666666657,28.82666666666667,79.45333333333333,-0.00045600000000000084,-0.007600000000000007,0.04231896740319424,2,2.908,80
5.746666666666667,0.24351865089409938,0.06,7.831472508078501e-09,0.34480000000000116,0.014611119053634214,8080.266666666656,28.743333333333336,78.93666666666667,-0.0014160000000000034,-0.02360000000000002,0.042666578671660585,2,2.738,80
5.210666666666667,0.7729458799510285,0.05666666666666694,0.005773502691901648,0.29817333333333446,0.07103430532730506,7439.99999999999,28.71666666666667,78.95333333333333,-0.006598,-0.0738,0.04007167495408344,2,1.8083333333333333,80
4.444,0.9841300727037651,0.05000000000000027,0.01000000000000321,0.22873333333333448,0.09450785646353847,6271.366666666657,28.600000000000005,78.03333333333332,-0.009395999999999998,-0.098,0.036466830701861845,2,1.1720000000000002,80
3.7146666666666666,0.553423285861043,0.04000000000000028,0.010000000000003362,0.15209333333333452,0.06000547086168716,4733.033333333324,28.333333333333332,80.43666666666667,-0.0059180000000000005,-0.0526,0.03212764309503556,2,0.822,80
3.356,0.1390827092053204,0.030000000000000276,0.010000000000003504,0.10152000000000118,0.03776245754713866,3184.1333333333237,27.890000000000004,86.2,-0.0037680000000000014,-0.01260000000000001,0.031873077003579595,2,0.5439999999999999,80
3.2520000000000002,0.043266615304286986,0.020000000000000278,0.010000000000003647,0.06532000000000117,0.033300018018004814,1908.2999999999902,27.40666666666667,90.00666666666667,-0.0033299999999999996,-0.0041999999999999815,0.03421149112240167,2,0.267,80
3.128,0.18603225526742964,0.010000000000000278,0.010000000000003789,0.03244000000000118,0.032641838183525174,1031.6333333333237,26.960000000000004,91.97000000000001,-0.0032639999999999995,-0.017399999999999992,0.031414829400563116,2,0.0,80
2.8866666666666667,0.33297046916087536,0.003333333333333611,0.005773502691902985,0.010680000000001183,0.01849830262482048,474.4333333333236,26.543333333333337,93.52333333333333,-0.001602,-0.03320000000000001,0.022463717310526682,2,0.0,80
2.5719999999999996,0.3291686497828616,0.0,8.867455247110707e-09,0.0,0.0,214.9999999999903,26.12666666666667,94.00666666666666,0.0,-0.03280000000000001,0.0,2,0.0,80
1.96,0.7748548251123283,0.0,8.867455247110707e-09,0.0,0.0,68.06666666665696,25.74666666666667,94.92,0.0,-0.073,0.0,2,0.0,80
1.2293333333333332,0.9647079005238695,0.0,8.867455247110707e-09,0.0,0.0,11.666666666656965,25.47666666666667,93.69,0.0,-0.09559999999999999,0.0,2,0.0,80
0.572,0.44096258344651246,0.0,8.867455247110707e-09,0.0,0.0,0.833333333323632,25.293333333333337,95.53000000000002,0.0,-0.0396,0.0,2,0.0,80
0.3053333333333333,0.037166292970232814,0.0,8.867455247110707e-09,0.0,0.0,0.0,25.136666666666667,95.95666666666666,0.0,-0.0033999999999999976,0.0,2,0.0,80
0.2826666666666667,0.004618802133520798,0.0,8.867455247110707e-09,0.0,0.0,0.0,24.990000000000006,97.18666666666667,0.0,-0.0003999999999999976,0.0,2,0.0,80
0.28,0.0,0.0,8.867455247110707e-09,0.0,0.0,0.0,24.87666666666667,97.29666666666667,0.0,0.0,0.0,2,0.0,80
0.28,0.0,0.0,8.867455247110707e-09,0.0,0.0,0.0,24.826666666666668,98.27,0.0,0.0,0.0,2,0.0,80
0.2813333333333333,0.002309401076758481,0.0,8.867455247110707e-09,0.0,0.0,0.0,24.810000000000002,97.7,0.0,0.0001999999999999974,0.0,2,0.0,80
0.2826666666666667,0.002309401076758501,0.0,8.867455247110707e-09,0.0,0.0,0.0,24.783333333333335,98.00666666666666,0.0,0.0001999999999999974,0.0,2,0.0,80
0.284,0.0,0.0,8.867455247110707e-09,0.0,0.0,0.0,24.763333333333335,98.17333333333333,0.0,0.0,0.0,2,0.0,80
0.9573333333333333,1.166247543763044,0.0,8.867455247110707e-09,0.0,0.0,14.733333333323634,25.680000000000003,93.01666666666665,0.0,0.101,0.0,2,0.0,80
3.489333333333333,3.934280789843721,0.030000000000000276,0.05196152422706699,0.23640000000000116,0.40945681090928254,3044.9999999999905,26.580000000000002,87.12333333333333,0.03546,0.3798,0.07760998030203609,2,5.909999999999999,80
5.855999999999999,3.0861030442938873,0.05666666666666694,0.04932882862316311,0.43330666666666784,0.3799018006450263,5542.766666666656,27.533333333333335,81.29666666666667,0.029536,0.254,0.07816105776457678,2,4.922666666666667,80
7.714666666666667,0.28636573351805333,0.08666666666666695,0.005773502691900933,0.6697066666666678,0.06840445989358686,8423.59999999999,27.643333333333334,80.37666666666667,0.0,0.0,0.07949417974344997,2,5.909999999999999,80
7.844000000000001,0.4430981832506196,0.09666666666666694,0.020816659994662545,0.7640266666666679,0.20625952325488714,9395.566666666657,28.08666666666667,79.24666666666667,0.020072,0.04420000000000002,0.0813091306399148,2,8.268,80
8.172,0.257775095771488,0.11666666666666693,0.025166114784236714,0.957626666666668,0.2330865910629209,11447.79999999999,28.803333333333338,77.45333333333333,0.023116000000000008,0.024400000000000022,0.08364428295250759,2,9.762666666666668,80
8.318666666666667,0.0500133315560238,0.1333333333333336,0.011547005383794192,1.1094933333333346,0.10166918379397599,11688.899999999989,29.956666666666667,73.42,0.008632,0.00259999999999998,0.09491042124683152,2,9.706666666666667,80
8.544000000000002,0.3472405506273705,0.1800000000000003,0.06928203230275524,1.5539200000000013,0.6681643678018158,12104.433333333325,31.60666666666667,68.83,0.05769600000000001,0.028800000000000027,0.128365499789351,2,19.378666666666668,80
8.802666666666667,0.4297968512371076,0.2300000000000003,0.07937253933193773,2.0473333333333343,0.7815177534345162,19158.333333333325,33.440000000000005,62.91666666666666,0.074348,0.041199999999999994,0.10685827621002827,2,22.098,79
8.636000000000001,0.7137170307621917,0.2133333333333336,0.10785793124908963,1.893666666666668,1.0432920008000315,25878.066666666655,34.949999999999996,58.54,-0.08108200000000002,-0.05620000000000003,0.07317368477997668,2,5.865,79
8.354666666666667,0.6977716914101152,0.1633333333333336,0.11015141094572219,1.415520000000001,1.0746990105141065,33472.53333333332,35.77,56.46666666666667,-0.08803799999999999,-0.052200000000000024,0.042287737774918746,2,7.425,79
8.377333333333334,0.7362753108269576,0.16666666666666696,0.11590225767142485,1.452800000000001,1.1390383839010867,36873.06666666666,36.49666666666666,54.873333333333335,0.10299,0.06959999999999997,0.03939896331839363,2,23.029999999999998,79
8.566666666666668,0.5771285241030232,0.1933333333333336,0.09712534856222318,1.6935200000000012,0.9645459839738069,33913.33333333332,36.71,54.346666666666664,0.026748000000000004,0.014400000000000013,0.0499352289592405,2,11.883000000000001,79
7.209333333333333,2.7857504075802155,0.1733333333333336,0.1250333288900738,1.4636533333333344,1.281515821413584,23785.26666666666,36.20333333333334,55.39333333333334,-0.12811,-0.2592,0.06153354596770131,2,1.6783333333333335,79
5.502666666666667,2.4989768573024715,0.09000000000000029,0.06928203230275556,0.6106533333333347,0.7060780980410969,11002.766666666657,34.516666666666666,59.73666666666666,-0.06106800000000001,-0.21480000000000002,0.055494936582321984,2,1.7049999999999998,79
4.114666666666667,0.09994665243687298,0.05,0.0,0.20573333333333466,0.004997332621769091,6603.033333333323,32.846666666666664,65.33666666666666,0.0004900000000000015,0.009800000000000031,0.03115267942318103,2,1.76,79
3.869333333333334,0.504322648047197,0.04333333333333361,0.011547005383792518,0.17152000000000134,0.06309836130993622,6220.266666666656,29.653333333333332,77.54666666666667,-0.005292000000000001,-0.039999999999999994,0.027569948242051716,2,0.823,79
3.6120000000000005,0.5301924179012782,0.036666666666666944,0.011547005383792518,0.13652000000000133,0.06467614088672301,5488.333333333324,26.993333333333336,88.82666666666667,-0.005580000000000002,-0.04520000000000002,0.02487005100801583,2,0.83,79
3.329333333333334,0.04277070648629624,0.03333333333333361,0.005773502691896259,0.11113333333333465,0.02070804030642607,4815.29999999999,24.679999999999996,98.81,0.0018140000000000003,0.004200000000000004,0.02307442089017189,2,1.1253333333333333,79
3.362666666666667,0.03780652501006771,0.036666666666666944,0.005773502691896258,0.12344000000000133,0.020648525371058286,5215.833333333324,24.540000000000003,99.89333333333333,0.001804,0.0036000000000000034,0.023661863838216328,2,1.1306666666666667,79
3.9320000000000004,0.9491975558333485,0.053333333333333614,0.023094010767585032,0.22432000000000132,0.1540835721288914,7210.266666666656,24.713333333333335,99.2,0.01336,0.08259999999999998,0.0311068790503751,2,3.3520000000000003,79
5.442666666666668,2.286378213098904,0.07000000000000027,0.0264575131106459,0.41654666666666795,0.2882863696627586,9108.033333333324,24.94333333333333,92.75333333333333,0.028802,0.2258,0.045728965020071836,2,5.931,79
7.062666666666668,1.770447777635177,0.10000000000000027,0.026457513110645894,0.7289066666666679,0.33559023188009046,13079.433333333325,25.133333333333336,92.81,0.033526000000000014,0.16120000000000007,0.05572496324025976,2,8.939666666666668,79
8.22,0.29729446681699667,0.12666666666666695,0.035118845842842444,1.0481600000000013,0.32483935968413624,16500.566666666655,25.603333333333335,92.02666666666666,0.032414000000000005,0.02959999999999998,0.0635188174052162,2,11.333333333333334,79
8.412,0.1387948125831872,0.15333333333333363,0.020816659994661278,1.2916800000000013,0.19400251132395077,20452.49999999999,26.403333333333336,96.16333333333334,0.018475999999999992,0.011599999999999966,0.06315202777030834,2,12.019,79
8.598666666666666,0.18492521010758686,0.1833333333333336,0.032145502536643125,1.5803066666666679,0.31304086463804226,25210.833333333325,27.5,93.75333333333333,0.028931999999999992,0.01559999999999997,0.06268114840253591,2,16.15533333333333,79
8.668,0.16761861471806133,0.2000000000000003,0.026457513110645828,1.7365333333333346,0.2606943968199799,28003.033333333326,28.613333333333333,91.54,0.019319999999999993,0.01120000000000001,0.062010115209594874,2,15.238999999999999,79
8.706666666666665,0.1060062891216145,0.2033333333333336,0.02081665999466124,1.7717733333333345,0.20144150250961992,27899.99999999999,29.30666666666667,88.33333333333333,-0.019532000000000004,-0.010599999999999988,0.06350214448705549,2,12.899999999999997,79
8.641333333333334,0.05828664798506734,0.1933333333333336,0.015275252316519349,1.6712400000000012,0.14343132712207554,25405.26666666666,29.766666666666666,85.59666666666665,-0.00958199999999999,-0.004600000000000026,0.06578062105412319,2,13.642000000000001,79
8.582666666666666,0.044601943156490576,0.1800000000000003,0.009999999999999815,1.5451600000000012,0.09333241237640773,23270.566666666655,29.836666666666662,84.40666666666665,-0.004877999999999982,-0.0033999999999999807,0.06639690494981725,2,12.087000000000002,79
8.548,0.061579217273373184,0.17666666666666694,0.01154700538379235,1.5106000000000013,0.1095429997763427,22742.49999999999,30.029999999999998,82.94333333333333,-0.009635999999999988,-0.005999999999999961,0.0664189768505288,2,12.036000000000001,79
8.493333333333334,0.04006661120352473,0.16666666666666696,0.005773502691896267,1.4156933333333346,0.05496815562972074,21119.166666666657,30.33,80.01333333333334,-0.00490600000000001,-0.0040000000000000036,0.06703040537874552,2,11.269333333333332,79
8.494666666666667,0.042015870017582634,0.16666666666666696,0.005773502691896267,1.4159200000000014,0.055184055668280295,20417.49999999999,30.683333333333334,76.95666666666666,0.00033999999999998474,0.0019999999999999575,0.06934495677939134,2,12.092666666666666,79
8.491999999999999,0.04214261501142351,0.1633333333333336,0.0057735026918962805,1.3871733333333343,0.055454274256662925,20176.666666666657,30.973333333333333,75.79333333333334,0.00028799999999999936,0.0017999999999999794,0.06874795566054888,2,11.317333333333334,79
8.526666666666666,0.03494757979223249,0.16666666666666696,0.0057735026918962675,1.4212400000000012,0.054724575832068814,20844.733333333323,31.036666666666665,75.75666666666666,0.00017000000000000348,0.0009999999999999788,0.0681789398949746,2,12.121,79
8.519999999999998,0.03417601498128634,0.16666666666666696,0.0057735026918962675,1.420106666666668,0.053824163099236266,20991.09999999999,31.13,75.43333333333332,0.0044820000000000085,0.0014000000000000234,0.06764957611037811,2,12.064333333333334,79
8.524,0.02884441020373075,0.17,0.0,1.4490800000000013,0.004903549734613713,21114.433333333323,31.166666666666668,75.06666666666668,-0.00047599999999999867,-0.002799999999999958,0.06862658118943026,2,12.041666666666668,79
8.444,0.11113955191560214,0.16000000000000028,0.01732050807568877,1.3523200000000015,0.16288773557269406,19716.666666666657,31.349999999999998,74.52666666666666,-0.014173999999999997,-0.009999999999999964,0.06858418000777655,2,9.702000000000002,79
8.422666666666666,0.09544282756359486,0.15333333333333363,0.015275252316519458,1.292346666666668,0.14198045123654623,19028.89999999999,31.436666666666667,74.26,-0.008860000000000002,-0.002400000000000002,0.067911374556181,2,10.565000000000001,79
8.388,0.0683520299625443,0.14666666666666694,0.005773502691896181,1.2304800000000016,0.057519068142660244,18159.99999999999,31.473333333333333,74.58,0.004757999999999996,0.0040000000000000036,0.06775397830515953,2,10.495000000000001,79
8.377333333333334,0.08554141297251149,0.14333333333333362,0.011547005383792512,1.2013733333333347,0.10786155076454886,17835.26666666666,31.403333333333336,75.09666666666668,-0.009543999999999997,-0.008399999999999963,0.06735564991179031,2,8.974333333333334,79
8.297333333333333,0.09272180613713901,0.13666666666666694,0.011547005383792523,1.1346266666666682,0.1081581755270187,16655.533333333322,31.223333333333333,74.68,-0.009592,-0.009200000000000052,0.06811901636194821,2,8.896333333333335,79
8.236,0.04156921938164423,0.12666666666666693,0.005773502691896267,1.043306666666668,0.05033205472989785,15728.866666666656,31.123333333333335,74.81333333333333,-0.004574000000000006,-0.0036000000000000476,0.06632647871564934,2,8.212,79
8.213333333333333,0.0023094010767582486,0.12333333333333359,0.005773502691896269,1.0129733333333346,0.04727404925890572,15210.266666666657,31.036666666666665,74.86,-0.0040820000000000075,0.00019999999999997797,0.06659362139466812,2,8.216,79
8.174666666666667,0.06815668223536987,0.11666666666666693,0.005773502691896256,0.9539733333333346,0.05491808202526254,14510.266666666657,31.05666666666667,74.68333333333332,-0.004743999999999998,-0.005799999999999983,0.0657401834896105,2,7.421333333333334,79
8.130666666666666,0.07433258594541892,0.11000000000000028,0.01,0.8948266666666679,0.08903670553953286,13500.566666666657,30.956666666666667,74.32333333333334,-0.008895999999999992,-0.0067999999999999615,0.06627576552844498,2,6.733333333333334,79
8.081333333333333,0.01404753833713247,0.10333333333333361,0.005773502691896269,0.8351200000000013,0.04801619726717418,12779.166666666657,30.786666666666665,75.77333333333333,-0.0041880000000000025,-0.0014000000000000234,0.06534500071725736,2,6.723333333333333,79
8.066666666666665,0.01404753833713247,0.1,0.0,0.8066666666666679,0.001404753833785482,12664.733333333323,30.573333333333334,76.86666666666667,-0.00014000000000000123,-0.0014000000000000234,0.06368890339288173,2,6.710000000000001,79
8.069333333333333,0.01803699901128774,0.10333333333333361,0.005773502691896256,0.8338933333333346,0.04831929359307227,13043.899999999989,30.373333333333335,77.70666666666666,0.0041439999999999975,0.0009999999999999788,0.06392485441309136,2,7.414,79
8.070666666666666,0.018036999011287705,0.10333333333333361,0.005773502691896256,0.8340266666666679,0.04820757340225202,12858.899999999989,30.45,77.26333333333334,9.999999999999454e-05,0.0009999999999999788,0.0648548329821125,2,6.726666666666666,79
8.095999999999998,0.028844410203711028,0.10666666666666695,0.0057735026918962614,0.8636533333333345,0.048939494616653985,12889.466666666658,30.433333333333334,78.21,0.00022000000000000353,0.002000000000000046,0.06699938455809733,2,7.450666666666667,79
8.066666666666666,0.0641664502160835,0.10333333333333361,0.005773502691896249,0.8337600000000013,0.052362551503915354,12405.833333333323,30.446666666666662,77.90666666666667,-0.0003599999999999937,-0.0035999999999999587,0.0672016764954798,2,6.666666666666667,79
7.952000000000001,0.20427432535685683,0.09666666666666694,0.015275252316519453,0.7707733333333348,0.14022330381692463,11834.733333333323,30.34,77.27666666666666,-0.013791999999999999,-0.020000000000000018,0.06512256669069953,2,5.152,79
7.697333333333333,0.31910708756361095,0.08666666666666695,0.01154700538379247,0.6691200000000013,0.1142767447908816,10656.39999999999,30.296666666666667,77.05,-0.010544000000000003,-0.03180000000000001,0.0627845440726633,2,4.909333333333333,79
7.078666666666667,0.829653743035807,0.07666666666666694,0.005773502691896256,0.5458133333333347,0.10128004212742832,9433.633333333324,30.263333333333335,77.11999999999999,-0.009407999999999996,-0.07919999999999998,0.057852098120753884,2,3.5840000000000005,79
6.214666666666666,1.115679762894944,0.07000000000000028,0.010000000000000007,0.44245333333333464,0.14088809365355792,8417.79999999999,30.063333333333333,78.43333333333332,-0.014048,-0.11139999999999999,0.05255539190066698,2,2.5679999999999996,79
5.1866666666666665,0.9330323324158235,0.060000000000000275,0.010000000000000009,0.3174133333333346,0.1083367884577247,7354.733333333324,29.88,79.16666666666667,-0.010804000000000003,-0.09319999999999999,0.043151827146171925,2,1.7833333333333337,79
4.249333333333333,0.9023908982992379,0.046666666666666946,0.015275252316519477,0.2073733333333346,0.10425806699404057,5809.166666666657,29.56,80.17,-0.010409999999999999,-0.09020000000000002,0.035691460371188706,2,0.8329999999999999,79
3.6306666666666665,0.5629399020617571,0.03333333333333361,0.015275252316519484,0.12652000000000127,0.0776834293784754,4327.19999999999,29.076666666666668,81.49666666666667,-0.007420000000000001,-0.050000000000000024,0.029231551222217447,2,0.5466666666666665,79
3.293333333333333,0.03401960219193551,0.023333333333333612,0.005773502691896314,0.07697333333333459,0.01990739895953101,2954.4333333333234,28.516666666666666,83.21333333333332,-0.0017299999999999996,-0.0032000000000000028,0.026044686058446537,2,0.5446666666666666,79
3.2706666666666666,0.00832666399570379,0.02,0.0,0.06541333333333459,0.00016653328179036384,2374.433333333324,28.03333333333333,85.61333333333334,-1.6000000000000043e-05,-0.0008000000000000007,0.027537431766836165,2,0.5439999999999999,79
3.265333333333333,0.002309401068957847,0.02,0.0,0.06530666666666791,4.6188028145171814e-05,1974.166666666657,27.766666666666666,86.26333333333334,-4.000000000000531e-06,-0.00020000000000000017,0.0330638764661218,2,0.5439999999999999,79
3.26,0.006928203230275515,0.016666666666666944,0.005773502691896258,0.05436000000000125,0.018913994818668463,1608.5999999999904,27.563333333333333,86.89666666666666,-0.0016379999999999995,-0.0006000000000000005,0.03377236580516997,2,0.271,79
3.2226666666666666,0.06149254697386763,0.013333333333333612,0.005773502691896257,0.043106666666667924,0.019209178361761284,1147.4999999999902,27.316666666666666,87.61333333333333,-0.0016879999999999996,-0.005599999999999983,0.03753301407633287,2,0.26266666666666666,79
3.0,0.3534289178887318,0.006666666666666945,0.005773502691896258,0.021346666666667926,0.018493515980850483,646.3999999999903,27.03,88.92666666666666,-0.001626,-0.03279999999999998,0.03297291731026915,2,0.0,79
2.6839999999999997,0.4307946146367201,0.003333333333333611,0.005773502691896257,0.010506666666667925,0.01819808048487475,284.7333333333236,26.736666666666665,89.83333333333333,-0.001576,-0.042400000000000014,0.036770881941209574,2,0.0,79
2.218666666666667,0.42645202934601395,0.0,0.0,0.0,2.5547792621599888e-08,81.13333333332362,26.523333333333337,90.57333333333334,0.0,-0.042,0.0,2,0.0,79
1.5053333333333334,0.9491582235503906,0.0,0.0,0.0,2.5547792621599888e-08,17.233333333323632,26.323333333333334,91.10333333333334,0.0,-0.0924,0.0,2,0.0,79
1.5,0.9424478765427826,0.0,0.0,0.0,2.5547792621599888e-08,79.9999999999903,26.63,90.11333333333333,0.0,0.02659999999999999,0.0,2,0.0,79
4.082666666666666,4.78353397953159,0.11666666666666693,0.20207259421636903,1.1088000000000011,1.9204979354323708,12162.766666666657,28.123333333333335,85.23666666666666,0.16631999999999997,0.4524,0.09115597416370494,2,27.719999999999995,79
6.748,3.8981246773288305,0.1733333333333336,0.17502380790433436,1.5877466666666677,1.668326663616371,18364.433333333323,30.213333333333335,77.31333333333333,0.071842,0.3082,0.08645299230619852,2,11.973666666666666,79
8.870666666666667,0.557886487856916,0.2400000000000003,0.09643650760992953,2.1648133333333344,1.0166733204591,26022.76666666666,31.94666666666667,71.12,-0.07975999999999997,-0.04239999999999995,0.08318601073633979,2,14.426666666666668,79
8.634666666666668,0.1729894023728804,0.19666666666666696,0.025166114784235864,1.7010533333333349,0.2505042030252844,22274.699999999993,32.52333333333333,68.3,0.02491399999999999,0.017199999999999972,0.07636363092218586,2,16.125999999999998,79
8.792,0.13404476864089906,0.22000000000000028,0.019999999999999955,1.936026666666668,0.20528150168325623,24815.26666666666,32.876666666666665,66.37666666666667,0.02052799999999997,0.013399999999999945,0.07801442064882182,2,17.848,79
8.965333333333334,0.19334252851694228,0.25333333333333363,0.04163331998932255,2.2765600000000012,0.4251804623921466,27698.89999999999,33.343333333333334,64.40333333333334,0.04088400000000001,0.019000000000000038,0.08218657829089643,2,22.94,79
9.021333333333333,0.1354301788130109,0.266666666666667,0.03055050463303874,2.4084000000000017,0.31285369360133747,29166.39999999999,34.1,62.10999999999999,0.00944400000000003,0.002000000000000046,0.08257163819881108,2,19.422000000000004,79
7.146666666666667,3.3329970497036654,0.1933333333333336,0.1514375558880073,1.7164800000000016,1.4448591416466867,21511.933333333323,30.816666666666666,74.58666666666666,-0.13434000000000001,-0.2938,0.0797882823975656,2,0.55,79
5.221333333333333,3.241630042638017,0.10666666666666695,0.13316656236958796,0.8442133333333346,1.2877589745497153,12794.433333333325,27.423333333333332,87.06,-0.10973200000000001,-0.2782,0.06597770558767074,2,1.1333333333333333,79
3.0306666666666664,0.5553569422752948,0.020000000000000278,0.020000000000001166,0.06733333333333452,0.06800980321493232,2993.066666666657,24.663333333333338,98.47666666666667,-0.0033,-0.045399999999999996,0.02248892253568215,2,0.0,79
3.048,0.5686193806053674,0.02666666666666694,0.02309401076758601,0.09002666666666785,0.0779712904429176,3489.4666666666567,25.876666666666665,97.13666666666666,-9.600000000000025e-05,-0.002400000000000002,0.025792157686651673,2,1.1173333333333333,79
4.833333333333333,3.4308723866289985,0.07000000000000028,0.08888194417315609,0.5408666666666678,0.8234254621599539,8266.666666666657,26.796666666666667,96.73,0.074426,0.31820000000000004,0.06541950570495526,2,12.404333333333334,79
7.047999999999999,3.2038901354447247,0.14666666666666694,0.0971253485622232,1.2336266666666678,0.9968482173998875,16068.599999999991,27.33,96.40666666666665,0.09720999999999999,0.28419999999999995,0.07676772705398194,2,17.319,79
8.985333333333333,0.20866560170124923,0.22000000000000028,0.04582575694955842,1.983146666666668,0.45458817289205056,22842.76666666666,27.936666666666664,93.95666666666666,0.04470599999999999,0.020399999999999974,0.08681347063312685,2,19.855333333333334,79
9.329333333333333,0.4023398232009168,0.2966666666666669,0.0907377172587746,2.7920400000000014,0.9845176695214766,27515.26666666666,29.179999999999996,89.61333333333333,0.09184600000000002,0.037600000000000036,0.10146870699513508,2,32.62666666666667,79
9.278666666666666,0.46278000533011865,0.29666666666666697,0.0907377172587746,2.780386666666668,0.9973141389418545,27855.26666666666,30.166666666666668,85.96,-0.01696599999999999,-0.013999999999999967,0.09981189151932308,2,17.027666666666665,79
9.093333333333334,0.6172238923869875,0.2700000000000003,0.11532562594670794,2.5026533333333347,1.2479765333263815,25804.433333333323,30.763333333333335,83.32333333333334,-0.11828800000000002,-0.05899999999999998,0.09698164340067926,2,12.912,79
8.657333333333334,0.2064687224093318,0.1933333333333336,0.032145502536643306,1.6781200000000016,0.3208358558515548,20739.166666666657,30.953333333333333,82.54333333333334,-0.03008599999999999,-0.020199999999999996,0.08091159666026482,2,12.013333333333335,79
8.314666666666668,0.40233982320090994,0.14666666666666694,0.049328828623162645,1.2326933333333348,0.45841131806853735,15848.599999999991,30.25,84.14333333333333,-0.042120000000000005,-0.037600000000000036,0.07777441281378303,2,5.892,79
6.529333333333334,2.855351000023171,0.09000000000000026,0.08000000000000017,0.7270533333333348,0.704753156596928,9909.166666666657,28.88333333333333,89.37,-0.070454,-0.2614,0.07336439010443843,2,0.271,79
6.396,2.7250864206479744,0.06666666666666694,0.04932882862316277,0.5158533333333347,0.4216118638431968,7633.333333333324,27.11,94.90000000000002,0.005048000000000002,0.01120000000000001,0.06757018731170615,2,6.733333333333334,79
6.573333333333333,2.880478663926071,0.08333333333333363,0.06658328118479413,0.6716133333333346,0.5829903962616658,9635.566666666657,26.333333333333332,98.24333333333334,0.057089999999999995,0.25680000000000003,0.06969425486947309,2,9.786,79
8.412,0.3446273349576458,0.15000000000000027,0.05567764362830033,1.2745333333333349,0.5238787299875168,16937.49999999999,26.5,98.69333333333333,0.051664,0.03440000000000003,0.07524475799706795,2,15.344,79
8.533333333333333,0.20514710169374487,0.1700000000000003,0.03605551275464,1.4555466666666683,0.34554325768756267,19020.26666666666,27.24,96.08999999999999,0.00883600000000001,0.002800000000000047,0.07652206828146751,2,11.258666666666668,79
8.684,0.21094074997498918,0.19666666666666696,0.03214550253664323,1.7123733333333349,0.31717570987282917,21908.866666666658,27.646666666666665,94.62666666666667,0.005176000000000003,0.0035999999999999587,0.07815535162240461,2,16.206666666666667,79
8.748,0.2700222213078234,0.20666666666666697,0.04163331998932266,1.8154133333333349,0.41509009206837627,23261.933333333323,28.313333333333333,90.85666666666667,0.039968000000000004,0.0258,0.07803888302994186,2,17.92,79
8.890666666666666,0.06213962772132729,0.2300000000000003,0.009999999999999742,2.045253333333335,0.1028803214095532,25583.89999999999,29.003333333333334,89.0,0.004788000000000003,0.0016000000000000014,0.07993986036034284,2,17.00466666666667,79
8.962666666666665,0.09202898094266278,0.2400000000000003,0.009999999999999593,2.1516533333333347,0.11172527258115282,26674.199999999993,29.76666666666667,85.80666666666667,0.005679999999999974,0.0047999999999999154,0.08066118841970576,2,18.866666666666664,79
8.979999999999999,0.09608329719577517,0.24333333333333362,0.011547005383792119,2.1858533333333345,0.12594786434605743,26829.46666666666,30.22,84.12666666666668,0.010621999999999998,0.007000000000000029,0.08146907619944496,2,18.775,79
9.057333333333332,0.046014490471424474,0.25333333333333363,0.0057735026918962545,2.2946800000000014,0.06290649569002738,28066.13333333332,30.419999999999998,82.32666666666667,0.005152000000000001,0.002400000000000002,0.08175683539703624,2,19.72533333333333,79
9.132,0.1361763562444343,0.2700000000000003,0.02645751311064589,2.4680133333333347,0.27952989202110823,30382.233333333326,31.03,80.15666666666667,0.026549999999999983,0.013399999999999945,0.0812294500146463,2,23.2,79
9.196,0.08827230596291732,0.2833333333333336,0.02081665999466129,2.606733333333335,0.2153757807492111,32424.166666666657,31.47,78.11333333333333,0.015106000000000019,0.005000000000000071,0.08039228788338285,2,22.243000000000002,79
9.224,0.04915282290988631,0.29000000000000026,0.00999999999999992,2.675266666666668,0.10581224377798636,33583.599999999984,32.14333333333333,76.34666666666666,-0.010567999999999977,-0.0045999999999999375,0.0796575414525309,2,21.43866666666667,79
8.954666666666666,0.4180781426161212,0.24333333333333362,0.07234178138070232,2.199106666666668,0.7321597337557788,28095.833333333325,32.41,74.49,-0.065682,-0.036600000000000056,0.07826884405715955,2,11.296000000000001,79
9.164,0.6803175729025468,0.2933333333333336,0.14047538337136983,2.751413333333335,1.4933273609404378,35079.73333333333,32.550000000000004,74.55333333333333,0.087672,0.032200000000000006,0.07843089559131229,2,36.05066666666667,79
9.617333333333333,1.0545166349249042,0.40666666666666695,0.23180451534284946,4.073786666666668,2.601312176370482,42472.23333333333,33.18,71.57666666666667,0.259212,0.10380000000000003,0.09591421106783335,2,54.498000000000005,79
9.509333333333332,1.232106056041177,0.3933333333333337,0.2532455988429677,3.947866666666668,2.800222311555519,41139.16666666666,33.41,72.17999999999999,-0.167416,-0.08420000000000005,0.09596136784407783,2,8.148,79
8.970666666666666,1.3664338012993327,0.28666666666666696,0.2886751345948129,2.834480000000001,3.2088692019463805,27393.899999999994,33.21666666666666,72.94333333333333,-0.277692,-0.11660000000000004,0.10346743371941498,2,8.216,79
8.111999999999998,0.12592060990961382,0.11333333333333362,0.011547005383792507,0.9202933333333346,0.10668000249970744,12476.96666666666,32.14333333333333,76.70666666666666,-0.009027999999999991,-0.008799999999999964,0.07375346944881525,2,6.643333333333334,79
6.642666666666666,2.5167418090327294,0.08666666666666696,0.04163331998932264,0.6442400000000011,0.43864035017312825,9381.699999999993,30.849999999999998,80.11666666666666,-0.041816,-0.22379999999999994,0.06866253850171077,2,1.2466666666666668,79
6.614666666666666,2.4908194100201917,0.08666666666666696,0.04163331998932264,0.6408800000000012,0.43473565669266717,9180.56666666666,29.823333333333334,83.69666666666666,0.00893199999999999,0.007999999999999962,0.06980072391421961,2,8.132,79
6.650666666666666,2.52084536085285,0.0900000000000003,0.04358898943540672,0.6714133333333345,0.4539943353537992,10268.333333333327,29.03,86.72333333333331,0.03696000000000001,0.217,0.06538042066995602,2,7.406666666666667,79
8.157333333333332,0.09263548636101526,0.12333333333333363,0.01527525231651945,1.0070133333333346,0.13649641948907487,14054.699999999992,28.853333333333335,87.02999999999999,0.009028000000000008,0.0064000000000000055,0.07164448112390953,2,9.636666666666667,79
8.170666666666666,0.09000740710264842,0.12333333333333363,0.01527525231651945,1.0086133333333347,0.13597544091981276,14788.86666666666,29.096666666666668,85.76666666666665,0.0045920000000000015,0.004600000000000026,0.06819624247232352,2,8.172,79
7.8279999999999985,0.6734745726454766,0.11000000000000032,0.03605551275463988,0.8768933333333346,0.34334418960183044,13136.099999999991,29.28333333333333,84.31666666666666,-0.033138,-0.06040000000000001,0.06674938405990175,2,4.113666666666667,79
6.5426666666666655,1.9349473722386705,0.08000000000000031,0.036055512754639876,0.5648266666666678,0.38518554559243023,9702.499999999993,29.263333333333332,84.13333333333333,-0.038022,-0.18840000000000004,0.05820855017948866,2,1.8350000000000002,79
4.913333333333331,1.9349473722386688,0.0500000000000003,0.019999999999999976,0.27078666666666784,0.2023591157653604,5706.96666666666,28.663333333333338,85.91000000000001,-0.019756000000000003,-0.18839999999999998,0.04744012754103939,2,0.8210000000000001,79
3.6506666666666656,0.6524824390995717,0.03333333333333364,0.015275252316519434,0.1280000000000012,0.08155890141490002,3625.8333333333253,27.876666666666665,90.02,-0.007746,-0.05700000000000001,0.035292495749276634,2,0.5439999999999999,79
3.269333333333332,0.012858201014336814,0.020000000000000306,0.009999999999999943,0.06546666666666785,0.03296039643782817,2049.1666666666592,26.706666666666667,95.04666666666667,-0.0032960000000000003,-0.001200000000000001,0.03193236322250293,2,0.2716666666666666,79
3.1986666666666657,0.10971478174487179,0.010000000000000306,0.00999999999999994,0.03262666666666785,0.032640008170017984,1204.6999999999928,25.853333333333335,98.37,-0.0032639999999999995,-0.009599999999999987,0.027060352215864683,2,0.0,79
3.2066666666666657,0.11746205060922814,0.010000000000000306,0.00999999999999994,0.032786666666667845,0.03288039740238613,1434.1666666666595,25.22,99.92333333333333,0.0016580000000000002,0.0014000000000000013,0.02284519800255581,2,0.5479999999999999,79
3.2186666666666657,0.12708002727936796,0.013333333333333641,0.011547005383792464,0.043893333333334505,0.03801282590572325,1991.3999999999926,25.073333333333334,100.0,0.0032959999999999995,0.011199999999999988,0.022030382118718467,2,0.5493333333333332,79
3.2933333333333317,0.0046188021526297855,0.02,0.0,0.06586666666666784,9.237607262824683e-05,2761.133333333326,25.036666666666665,100.0,7.999999999999674e-06,0.00040000000000000034,0.023846302374976352,2,0.5493333333333332,79
3.3093333333333317,0.023094010767585115,0.02333333333333364,0.005773502691896256,0.07730666666666784,0.019722285195655644,3233.633333333326,25.03,100.0,0.0017079999999999999,0.0020000000000000018,0.023899669205165352,2,0.8339999999999999,79
3.313333333333332,0.02052640575778765,0.026666666666666967,0.0057735026918962545,0.08841333333333451,0.01948432532418718,3366.6666666666592,25.14,100.0,0.0016660000000000002,0.0006000000000000005,0.026253588043155907,2,0.827,79
3.3466666666666653,0.04495924080023328,0.03333333333333364,0.005773502691896259,0.1117200000000012,0.020892754725152812,4113.333333333326,25.323333333333334,100.0,0.001788,0.0030000000000000027,0.02715385238596809,2,1.132,79
3.470666666666665,0.21019356158867844,0.040000000000000306,0.01,0.14016000000000117,0.04324214610776568,4771.099999999992,25.453333333333333,100.0,0.004308000000000001,0.020000000000000018,0.029370717294273253,2,1.545,79
3.501333333333332,0.17898975762130517,0.04333333333333364,0.005773502691896258,0.1524133333333345,0.028567403335596854,5357.766666666659,25.540000000000003,100.0,8.000000000001062e-06,0.00020000000000000017,0.02844186784272526,2,1.1333333333333333,79
3.511999999999999,0.17031735084835087,0.04666666666666697,0.00577350269189626,0.16426666666666787,0.025460819573192312,5385.5333333333265,25.583333333333332,100.0,-0.0007000000000000006,-0.014000000000000012,0.030495804351593117,2,1.4283333333333335,79
3.393333333333332,0.038436094147734294,0.04333333333333364,0.005773502691896258,0.1471600000000012,0.021014395066366858,4848.599999999992,25.63,100.0,-9.600000000000025e-05,-0.002400000000000002,0.030344770702738666,2,1.1173333333333333,79
3.365333333333332,0.057178084379712175,0.040000000000000306,0.01,0.13498666666666784,0.03596857146647188,4325.833333333326,25.656666666666666,100.0,-0.0035960000000000007,-0.005600000000000005,0.03119756557913826,2,0.8289999999999998,79
3.3199999999999985,0.03019933774108516,0.03333333333333364,0.00577350269189626,0.11077333333333451,0.02018737559314559,3513.633333333326,25.606666666666666,100.0,-0.0017660000000000009,-0.0030000000000000027,0.031517749599294785,2,0.823,79
3.295999999999998,0.018330302779826897,0.026666666666666974,0.005773502691896256,0.08794666666666784,0.019356129089742154,2714.9999999999927,25.560000000000002,100.0,-0.0016939999999999998,-0.0018000000000000017,0.0323809523809529,2,0.5466666666666665,79
3.2826666666666653,0.008326663997872026,0.020000000000000306,0.009999999999999997,0.06570666666666786,0.03300012929275875,2076.399999999993,25.41333333333333,100.0,-0.0032999999999999995,-0.0008000000000000007,0.03162928018998175,2,0.27299999999999996,79
3.273333333333332,0.008326663997871716,0.01333333333333364,0.0057735026918962476,0.04366666666666785,0.01899491861890505,1537.4999999999927,25.246666666666666,100.0,-0.0016479999999999997,-0.0008000000000000007,0.028382623767740048,2,0.27199999999999996,79
3.2386666666666653,0.054601587278516196,0.01,0.0,0.03238666666666786,0.0005460158778295698,1062.233333333326,25.076666666666668,100.0,-4.99999999999997e-05,-0.004999999999999982,0.030460544878830067,2,0.2646666666666667,79
3.0226666666666655,0.34461185895632385,0.006666666666666971,0.005773502691896258,0.02146666666666786,0.018595884849580503,611.0999999999927,24.866666666666664,100.0,-0.0016319999999999998,-0.03179999999999998,0.035070522245822765,2,0.0,79
2.7133333333333325,0.42645202934601345,0.003333333333333639,0.005773502691896257,0.010586666666667861,0.018336644549613583,283.0333333333261,24.75333333333333,100.0,-0.0015880000000000002,-0.042000000000000016,0.037272620584443604,2,0.0,79
2.259999999999999,0.41130037685370424,0.0,0.0,0.0,7.453454046082998e-08,94.9666666666594,24.626666666666665,100.0,0.0,-0.040600000000000004,0.0,2,0.0,79
1.5546666666666653,0.9396623507054711,0.0,0.0,0.0,7.453454046082998e-08,18.866666666659388,24.583333333333332,100.0,0.0,-0.09119999999999999,0.0,2,0.0,79
0.8666666666666655,0.8308581908685329,0.0,0.0,0.0,7.453454046082998e-08,1.9333333333260574,24.55333333333333,100.0,0.0,-0.0772,0.0,2,0.0,79
0.3479999999999988,0.14215484515132687,0.0,0.0,0.0,7.453454046082998e-08,0.0,24.55666666666667,100.0,0.0,-0.0126,0.0,2,0.0,79
0.26399999999999885,0.00692820323010725,0.0,0.0,0.0,7.453454046082998e-08,0.0,24.51,100.0,0.0,-0.0006000000000000005,0.0,2,0.0,79
0.6933333333333321,0.7505553499465135,0.0,0.0,0.0,7.453454046082998e-08,13.333333333326058,25.14333333333333,99.21333333333332,0.0,0.065,0.0,2,0.0,79
3.813333333333332,5.070555525120826,0.12666666666666695,0.21939310229205777,1.2185333333333344,2.1105616440495965,13727.766666666661,27.153333333333332,92.75666666666666,0.18278,0.46799999999999997,0.08875766941920019,2,30.46333333333333,79
6.6546666666666665,4.431867025682667,0.2000000000000003,0.1907878402833891,1.8626933333333344,1.8287989157185476,22699.699999999993,30.10666666666667,84.17,0.09662400000000002,0.3612,0.08205444472343738,2,16.104000000000003,79
9.017333333333333,0.5263357610245903,0.26333333333333364,0.10214368964029705,2.410400000000001,1.0880370317227264,30716.099999999995,32.34666666666667,76.37,-0.100624,-0.04859999999999998,0.0784709494060312,2,13.692666666666668,79
8.616,0.18607525359381447,0.18666666666666698,0.03511884584284246,1.6126666666666678,0.3360764135331967,23453.066666666662,33.303333333333335,73.45666666666666,-0.03350400000000001,-0.018400000000000017,0.06875850954063409,2,10.52,79
8.450666666666665,0.18248652918321454,0.1600000000000003,0.026457513110645946,1.3552800000000014,0.25444838533581476,20134.733333333326,33.123333333333335,73.42333333333333,-0.024139999999999984,-0.01799999999999997,0.06730720841224233,2,9.669333333333336,79
8.601333333333331,0.43657454499012494,0.18666666666666698,0.07234178138070237,1.6265733333333348,0.7209794852375038,23520.566666666662,33.06666666666667,72.98,0.05972999999999999,0.03419999999999997,0.06915242323711437,2,20.474999999999998,79
8.734666666666667,0.4120647198357724,0.21333333333333362,0.06658328118479391,1.881666666666668,0.6605563380464495,25806.666666666657,33.72,70.97333333333334,0.043368,0.026400000000000024,0.07291115043333384,2,16.897333333333332,79
8.891999999999998,0.18229646184169152,0.2400000000000003,0.026457513110645817,2.1372933333333344,0.28139531291998254,29604.46666666666,34.63,68.45,-0.026489999999999993,-0.016999999999999994,0.0721925230025086,2,16.06,79
8.793333333333331,0.02948445918333149,0.226666666666667,0.005773502691895948,1.993266666666668,0.05723205162612495,27475.833333333325,35.589999999999996,64.92333333333333,-0.00013799999999999368,-0.0006000000000000227,0.07254353667635166,2,16.874333333333336,79
8.76533333333333,0.03629508690351591,0.2200000000000003,0.009999999999999861,1.9286133333333346,0.0956078351043243,27558.59999999999,35.800000000000004,64.46,-0.0046740000000000115,-0.0014000000000000234,0.0699797287817434,2,15.280999999999997,78
8.805333333333332,0.07400900846068306,0.22333333333333363,0.01154700538379239,1.9670133333333346,0.11576580727199016,28284.43333333333,35.839999999999996,64.23333333333333,0.000873999999999997,0.0038000000000000256,0.06954156615360325,2,17.020000000000003,78
8.858666666666664,0.11746205060926282,0.23333333333333364,0.025166114784235763,2.068920000000001,0.24951924655224889,30073.599999999995,36.166666666666664,64.46666666666668,0.024846000000000024,0.011600000000000055,0.06879293490187738,2,19.422000000000004,78
9.043999999999999,0.21544372815191948,0.266666666666667,0.04041451884327371,2.4174400000000014,0.42513846403260264,34780.56666666666,36.89333333333334,62.026666666666664,0.04184399999999999,0.020399999999999974,0.06950348220848789,2,23.994,78
9.176,0.18369540005127374,0.3033333333333337,0.04041451884327365,2.787920000000001,0.4191354759501983,39498.6,38.919999999999995,56.93666666666667,0.041159999999999995,0.01559999999999997,0.07058096790853582,2,26.282,78
9.437333333333333,0.2691121203761158,0.35333333333333367,0.05131601439446863,3.343266666666667,0.5822864729094521,46626.66666666666,41.13333333333333,51.49666666666667,0.055869999999999975,0.022999999999999955,0.0717013504142748,2,33.30566666666666,78
9.20133333333333,0.5875690030399237,0.3100000000000003,0.1178982612255159,2.898306666666668,1.2459503452920313,40948.86666666666,42.196666666666665,49.60666666666666,-0.08047200000000002,-0.034799999999999984,0.07077695002669936,2,12.870000000000001,78
7.178666666666666,3.487936543765287,0.20333333333333362,0.19604421270043482,1.868413333333334,1.9861814790530434,28615.26666666666,40.77333333333333,50.78333333333333,-0.19662599999999997,-0.32699999999999996,0.06529200175191736,2,0.5346666666666667,78
6.425333333333332,2.8392853560946176,0.09333333333333364,0.08082903768654767,0.7358666666666677,0.7495457070341613,13379.433333333325,37.586666666666666,56.36333333333334,-0.047268,-0.05459999999999998,0.05499572759228038,2,4.992,78
5.889333333333333,2.336391519701555,0.06000000000000031,0.034641016151377754,0.4069866666666677,0.2976131753356061,8536.666666666659,34.51333333333333,62.04999999999999,0.02468,0.1882,0.04766954281029182,2,4.648,78
7.349333333333333,0.3305833228300182,0.08,0.0,0.5879466666666677,0.026446665826555443,9148.899999999992,32.53333333333334,67.19,0.00040000000000000034,0.004999999999999982,0.06425716856650546,2,5.058666666666667,78
7.399999999999999,0.37156964353940747,0.08,0.0,0.5920000000000011,0.029725571483289363,9324.999999999993,31.266666666666666,71.19666666666666,0.0026719999999999964,0.033399999999999964,0.06347844735149064,2,5.093333333333333,78
7.9306666666666645,0.5490986553738171,0.11333333333333363,0.05773502691896257,0.9199200000000011,0.5383254093947331,12593.899999999994,30.506666666666664,75.10333333333332,0.046724,0.048799999999999996,0.07303908724960115,2,12.845999999999998,78
8.152,0.4700468061799802,0.1300000000000003,0.04999999999999999,1.075160000000001,0.46516464354033443,14226.099999999991,30.040000000000003,77.77,0.023078000000000008,0.03060000000000005,0.07557126891636395,2,8.939666666666668,78
8.249333333333333,0.3160084387058873,0.13666666666666696,0.04041451884327378,1.1358266666666679,0.37812532172989877,15179.99999999999,29.689999999999998,79.53666666666665,-0.03741599999999999,-0.03159999999999998,0.07481896229936556,2,6.61,78
7.983999999999998,0.2461544230762477,0.10666666666666698,0.02081665999466128,0.8550266666666678,0.1943414905092077,12369.999999999993,29.163333333333338,80.95333333333333,-0.01868200000000001,-0.024200000000000044,0.06911540430576901,2,5.826,78
8.051999999999998,0.3593549777031058,0.11333333333333366,0.03214550253664315,0.9202400000000011,0.3051627447772858,13811.666666666659,28.39,83.75666666666666,0.023759999999999993,0.026199999999999956,0.06662290651093211,2,10.57,78
8.374666666666664,0.5703659643889456,0.15333333333333365,0.06506407098647711,1.3085066666666678,0.6303975905199345,19448.899999999994,28.419999999999998,85.53333333333335,0.06294400000000001,0.056600000000000025,0.06727575291732442,2,16.31666666666667,78
8.629333333333333,0.23746438329427572,0.1800000000000003,0.036055512754639876,1.558946666666668,0.35737559028749866,22656.93333333333,29.366666666666664,82.87333333333333,0.00910200000000001,0.0038000000000000256,0.06880356843372011,2,12.087000000000002,78
8.658666666666667,0.20908690378244732,0.18666666666666698,0.028867513459481266,1.620306666666668,0.29245278410939746,23632.76666666666,30.496666666666666,79.72333333333333,-0.025276,-0.017799999999999993,0.06855896859437,2,12.104000000000003,78
8.593333333333334,0.09602777376015131,0.176666666666667,0.011547005383792512,1.5188933333333345,0.11680241321709989,21373.599999999995,30.993333333333336,77.03666666666668,0.010165999999999998,0.00860000000000003,0.07106066702222893,2,13.781333333333334,78
8.573333333333332,0.11874903508378867,0.1700000000000003,0.02,1.4590133333333342,0.19156357621776213,21547.233333333326,30.62,79.51666666666667,-0.009084000000000014,-0.0036000000000000476,0.0677091857491798,2,10.59,78
8.738666666666665,0.2855824457723729,0.196666666666667,0.05033222956847168,1.7281866666666676,0.49878217343178716,25709.199999999993,30.686666666666667,80.10333333333334,0.030311999999999985,0.016799999999999926,0.0672179394429708,2,18.833333333333332,78
8.665333333333331,0.32452632147998456,0.18666666666666698,0.055075705472861024,1.6294133333333345,0.5478195693230917,25815.033333333326,31.53333333333333,79.06,0.0043320000000000025,0.0006000000000000227,0.06311633209852797,2,11.312,78
8.434666666666665,0.631447015459991,0.16666666666666696,0.08020806277010642,1.4392133333333341,0.7831086569138016,22724.733333333326,32.093333333333334,75.71666666666667,-0.07798999999999998,-0.06299999999999994,0.06332967619673445,2,5.835000000000001,78
8.114666666666666,0.35327798308602726,0.12000000000000031,0.03605551275463979,0.9821466666666677,0.33841735258898864,15958.06666666666,31.799999999999997,75.66666666666667,-0.023431999999999998,-0.020199999999999996,0.061541610620504214,2,7.406666666666667,78
7.858666666666665,0.1943330474554766,0.09333333333333364,0.015275252316519146,0.7354266666666677,0.13914548549392688,11590.56666666666,30.74666666666667,77.38333333333333,-0.0041459999999999995,-0.0032000000000000028,0.06344497580137295,2,5.144000000000001,78
7.921333333333332,0.18643318731742037,0.09333333333333364,0.015275252316519146,0.7410666666666677,0.13733484529914686,11690.866666666663,30.066666666666666,79.34666666666668,-0.008584000000000003,-0.005600000000000005,0.06338309252015657,2,5.976,78
6.310666666666666,2.6553382709804287,0.06333333333333364,0.03785938897200165,0.46645333333333444,0.351268670583275,7584.733333333329,29.71666666666667,79.96333333333334,-0.027616,-0.2234,0.06149086882393282,2,0.5413333333333333,78
4.790666666666666,2.752035852479639,0.04000000000000031,0.043588989435406546,0.27121333333333436,0.3865274330928426,4585.266666666662,28.33666666666667,84.29333333333334,-0.034277999999999996,-0.24059999999999998,0.059135971160275885,2,0.263,78
3.226666666666666,0.06278003929063936,0.013333333333333648,0.005773502691894594,0.04309333333333437,0.01894659160225307,1258.8666666666618,26.55666666666667,91.01333333333334,-0.0016100000000000003,0.001399999999999979,0.03420467774367754,2,0.27299999999999996,78
3.2399999999999998,0.07299315036358467,0.013333333333333648,0.005773502691896258,0.04336000000000104,0.019408245670570853,1588.0333333333285,24.87,97.68333333333334,0.0017099999999999997,0.0065999999999999835,0.027287029850433915,2,0.5479999999999999,78
3.279999999999999,0.006928203230342301,0.013333333333333648,0.005773502691896258,0.04376000000000104,0.01905255888349991,1874.4333333333286,24.416666666666668,100.0,0.0,0.0,0.023333274087767,2,0.27299999999999996,78
3.279999999999999,0.006928203230342301,0.013333333333333648,0.005773502691896258,0.04376000000000104,0.01905255888349991,1986.366666666662,24.546666666666667,99.96333333333332,-0.00165,-0.0006000000000000005,0.02201908723436431,2,0.27299999999999996,78
3.276,3.042050643559121e-08,0.01,0.0,0.03276,9.62379491071417e-08,1739.9999999999952,24.63,99.77999999999999,0.0,0.0,0.018816771970132158,2,0.27299999999999996,78
3.2773333333333325,0.0023094010769589258,0.01,0.0,0.03277333333333437,2.309421128852606e-05,1857.7666666666619,24.629999999999995,99.53666666666668,1.9999999999999186e-06,0.00020000000000000017,0.01763176299696992,2,0.27333333333333326,78
3.2773333333333325,0.0023094010769589258,0.01,0.0,0.03277333333333437,2.309421128852606e-05,1786.6666666666617,24.55333333333333,99.44333333333333,0.0,0.0,0.018333022561999514,2,0.27299999999999996,78
3.278666666666666,0.002309401076959086,0.01,0.0,0.0327866666666677,2.3094211287720826e-05,1707.1999999999953,24.423333333333336,99.62666666666667,0.0,0.0,0.019193693166296565,2,0.27333333333333326,78
3.278666666666666,0.002309401076959086,0.01,0.0,0.0327866666666677,2.3094211287720826e-05,1604.1666666666617,24.30666666666667,99.87,1.9999999999999186e-06,0.00020000000000000017,0.020425708649154484,2,0.27333333333333326,78
3.278666666666666,0.002309401076959086,0.01,0.0,0.0327866666666677,2.3094211287720826e-05,1428.599999999995,24.209999999999997,100.0,-1.9999999999999186e-06,-0.00020000000000000017,0.022934154075732942,2,0.27299999999999996,78
3.2666666666666657,0.019731531449288152,0.01,0.0,0.032666666666667704,0.00019731533796270046,1198.3333333333285,24.159999999999997,100.0,-1.7999999999999614e-05,-0.0017999999999999794,0.027237354085604088,2,0.27033333333333337,78
3.2639999999999993,0.017435595774188944,0.01,0.0,0.032640000000001036,0.00017435598430245005,1048.5999999999951,24.063333333333333,100.0,-1.9999999999999186e-06,-0.00020000000000000017,0.03109756097561089,2,0.27266666666666667,78
3.245333333333333,0.026025628394608362,0.01,0.0,0.03245333333333437,0.00026025630174104816,902.2333333333285,23.98,100.0,-1.2000000000000205e-05,-0.001200000000000001,0.03593017677233776,2,0.2683333333333333,78
3.2066666666666657,0.07292004754067448,0.00666666666666698,0.005773502691896258,0.021640000000001037,0.0187425932039644,785.5666666666617,23.936666666666667,100.0,-0.0016359999999999999,-0.007199999999999984,0.027511971860831257,2,0.0,78
2.994666666666666,0.3140021231350741,0.003333333333333648,0.005773502691896257,0.01073333333333437,0.018590678668156686,490.56666666666183,23.906666666666666,100.0,-0.0016099999999999999,-0.029200000000000004,0.02183494948125275,2,0.0,78
2.741333333333333,0.34623306216092975,0.0,0.0,0.0,9.670855587947976e-08,270.2666666666618,23.820000000000004,100.0,0.0,-0.033400000000000006,0.0,2,0.0,78
2.561333333333333,0.09097985124924214,0.0,0.0,0.0,9.670855587947976e-08,107.19999999999516,23.72666666666667,100.0,0.0,-0.002400000000000002,0.0,2,0.0,78
2.0133333333333328,0.8868130205028195,0.0,0.0,0.0,9.670855587947976e-08,36.09999999999515,23.563333333333333,100.0,0.0,-0.07339999999999999,0.0,2,0.0,78
1.306666666666666,1.1565627234756157,0.0,0.0,0.0,9.670855587947976e-08,6.666666666661816,23.426666666666666,100.0,0.0,-0.11240000000000001,0.0,2,0.0,78
0.5319999999999995,0.40017995951821506,0.0,0.0,0.0,9.670855587947976e-08,0.566666666661816,23.346666666666668,100.0,0.0,-0.0364,0.0,2,0.0,78
0.2866666666666661,0.04636090306857165,0.0,0.0,0.0,9.670855587947976e-08,0.0,23.376666666666665,100.0,0.0,-0.004200000000000001,0.0,2,0.0,78
0.2586666666666661,0.0046188021535335695,0.0,0.0,0.0,9.670855587947976e-08,0.0,23.426666666666666,100.0,0.0,-0.00040000000000000034,0.0,2,0.0,78
0.2546666666666661,0.0023094010767912634,0.0,0.0,0.0,9.670855587947976e-08,0.0,23.44666666666667,100.0,0.0,-0.00020000000000000017,0.0,2,0.0,78
0.2546666666666661,0.0023094010767912634,0.0,0.0,0.0,9.670855587947976e-08,0.0,23.44666666666667,100.0,0.0,0.0,0.0,2,0.0,78
0.25333333333333274,0.0023094010767911394,0.0,0.0,0.0,9.670855587947976e-08,0.0,23.44666666666667,100.0,0.0,0.0,0.0,2,0.0,78
0.25333333333333274,0.0023094010767911394,0.0,0.0,0.0,9.670855587947976e-08,0.0,23.37,100.0,0.0,-0.00020000000000000017,0.0,2,0.0,78
0.252,1.225309283269817e-08,0.0,0.0,0.0,9.670855587947976e-08,0.0,23.316666666666666,100.0,0.0,0.0,0.0,2,0.0,78
0.25333333333333274,0.0023094010767911394,0.0,0.0,0.0,9.670855587947976e-08,0.0,23.23333333333333,100.0,0.0,0.00020000000000000017,0.0,2,0.0,78
0.2546666666666661,0.0023094010767912634,0.0,0.0,0.0,9.670855587947976e-08,0.0,23.22,100.0,0.0,0.00020000000000000017,0.0,2,0.0,78
0.256,1.2323126831918107e-08,0.0,0.0,0.0,9.670855587947976e-08,0.0,23.2,100.0,0.0,0.0,0.0,2,0.0,78
0.25733333333333275,0.002309401076791512,0.0,0.0,0.0,9.670855587947976e-08,0.0,23.256666666666664,100.0,0.0,0.00020000000000000017,0.0,2,0.0,78
0.2559999999999994,0.004000000000018979,0.0,0.0,0.0,9.670855587947976e-08,0.0,23.363333333333333,100.0,0.0,-0.00020000000000000017,0.0,2,0.0,78
0.2546666666666661,0.004618802153533383,0.0,0.0,0.0,9.670855587947976e-08,0.0,23.44666666666667,100.0,0.0,-0.00040000000000000034,0.0,2,0.0,78
0.25333333333333274,0.0023094010767911394,0.0,0.0,0.0,9.670855587947976e-08,0.0,23.37,100.0,0.0,0.00020000000000000017,0.0,2,0.0,78
0.25333333333333274,0.0023094010767911394,0.0,0.0,0.0,9.670855587947976e-08,0.0,23.276666666666667,100.0,0.0,0.0,0.0,2,0.0,78
0.25333333333333274,0.0023094010767911394,0.0,0.0,0.0,9.670855587947976e-08,0.0,23.203333333333333,100.0,0.0,-0.00020000000000000017,0.0,2,0.0,78
0.252,1.225309283269817e-08,0.0,0.0,0.0,9.670855587947976e-08,0.0,23.24333333333333,100.0,0.0,0.0,0.0,2,0.0,78
0.25333333333333274,0.0023094010767911394,0.0,0.0,0.0,9.670855587947976e-08,0.0,23.25,100.0,0.0,0.00020000000000000017,0.0,2,0.0,78
0.25333333333333274,0.0023094010767911394,0.0,0.0,0.0,9.670855587947976e-08,0.0,23.24333333333333,100.0,0.0,0.0,0.0,2,0.0,78
0.25333333333333274,0.0023094010767911394,0.0,0.0,0.0,9.670855587947976e-08,0.0,23.243333333333336,100.0,0.0,-0.00020000000000000017,0.0,2,0.0,78
0.25333333333333274,0.0023094010767911394,0.0,0.0,0.0,9.670855587947976e-08,0.0,23.25,100.0,0.0,0.00020000000000000017,0.0,2,0.0,78
0.2546666666666661,0.0023094010767912634,0.0,0.0,0.0,9.670855587947976e-08,0.0,23.273333333333337,100.0,0.0,0.00020000000000000017,0.0,2,0.0,78
0.2546666666666661,0.0023094010767912634,0.0,0.0,0.0,9.670855587947976e-08,0.0,23.256666666666664,100.0,0.0,-0.00020000000000000017,0.0,2,0.0,78
0.25333333333333274,0.0023094010767911394,0.0,0.0,0.0,9.670855587947976e-08,0.0,23.233333333333334,100.0,0.0,-0.00020000000000000017,0.0,2,0.0,78
0.252,1.225309283269817e-08,0.0,0.0,0.0,9.670855587947976e-08,0.0,23.156666666666666,100.0,0.0,0.0,0.0,2,0.0,78
0.252,1.225309283269817e-08,0.0,0.0,0.0,9.670855587947976e-08,0.0,23.143333333333334,100.0,0.0,0.0,0.0,2,0.0,78
0.252,1.225309283269817e-08,0.0,0.0,0.0,9.670855587947976e-08,0.0,23.116666666666664,100.0,0.0,0.0,0.0,2,0.0,78
0.25333333333333274,0.0023094010767911394,0.0,0.0,0.0,9.670855587947976e-08,0.0,23.113333333333333,100.0,0.0,0.00020000000000000017,0.0,2,0.0,78
0.2519999999999994,0.004000000000018764,0.0,0.0,0.0,9.670855587947976e-08,0.0,23.05666666666667,100.0,0.0,-0.00020000000000000017,0.0,2,0.0,78
0.2519999999999994,0.004000000000018764,0.0,0.0,0.0,9.670855587947976e-08,0.0,23.040000000000003,100.0,0.0,-0.00020000000000000017,0.0,2,0.0,78
0.2506666666666661,0.002309401076790859,0.0,0.0,0.0,9.670855587947976e-08,0.0,23.043333333333333,100.0,0.0,0.00020000000000000017,0.0,2,0.0,78
0.252,1.2254578996581287e-08,0.0,0.0,0.0,9.670855587947976e-08,0.0,23.02,100.0,0.0,0.0,0.0,2,0.0,78
0.252,1.2254578996581287e-08,0.0,0.0,0.0,9.670855587947976e-08,0.0,22.97666666666667,100.0,0.0,0.0,0.0,2,0.0,78
0.252,1.2254578996581287e-08,0.0,0.0,0.0,9.670855587947976e-08,0.0,22.923333333333332,100.0,0.0,0.0,0.0,2,0.0,78
0.25333333333333274,0.002309401076791147,0.0,0.0,0.0,9.670855587947976e-08,0.0,22.91,100.0,0.0,0.00020000000000000017,0.0,2,0.0,78
0.25333333333333274,0.002309401076791147,0.0,0.0,0.0,9.670855587947976e-08,0.0,22.900000000000002,100.0,0.0,0.0,0.0,2,0.0,78
0.25333333333333274,0.002309401076791147,0.0,0.0,0.0,9.670855587947976e-08,0.0,22.896666666666665,100.0,0.0,-0.00020000000000000017,0.0,2,0.0,78
0.25333333333333274,0.002309401076791147,0.0,0.0,0.0,9.670855587947976e-08,0.0,22.91,100.0,0.0,0.00020000000000000017,0.0,2,0.0,78
0.2559999999999994,0.004000000000019004,0.0,0.0,0.0,9.670855587947976e-08,0.0,22.94333333333333,100.0,0.0,0.00040000000000000034,0.0,2,0.0,78
0.2599999999999994,0.00400000000001924,0.0,0.0,0.0,9.670855587947976e-08,0.0,22.99,100.0,0.0,0.00040000000000000034,0.0,2,0.0,78
0.26133333333333275,0.0023094010767919643,0.0,0.0,0.0,9.670855587947976e-08,0.0,23.05666666666666,100.0,0.0,0.0,0.0,2,0.0,78
0.26133333333333275,0.0023094010767919643,0.0,0.0,0.0,9.670855587947976e-08,0.0,23.099999999999998,100.0,0.0,-0.00020000000000000017,0.0,2,0.0,78
0.26133333333333275,0.0023094010767919643,0.0,0.0,0.0,9.670855587947976e-08,0.0,23.133333333333336,100.0,0.0,0.00020000000000000017,0.0,2,0.0,78
0.2626666666666661,0.0023094010767920887,0.0,0.0,0.0,9.670855587947976e-08,0.0,23.133333333333336,100.0,0.0,0.00020000000000000017,0.0,2,0.0,78
0.2626666666666661,0.0023094010767920887,0.0,0.0,0.0,9.670855587947976e-08,0.0,23.14,100.0,0.0,-0.00020000000000000017,0.0,2,0.0,78
0.26133333333333275,0.0023094010767919643,0.0,0.0,0.0,9.670855587947976e-08,0.0,23.163333333333338,100.0,0.0,-0.00020000000000000017,0.0,2,0.0,78
0.26,1.2407656194034538e-08,0.0,0.0,0.0,9.670855587947976e-08,0.0,23.206666666666667,100.0,0.0,0.0,0.0,2,0.0,78
0.26,1.2407656194034538e-08,0.0,0.0,0.0,9.670855587947976e-08,0.0,23.24666666666667,100.0,0.0,0.0,0.0,2,0.0,78
0.26,1.2407656194034538e-08,0.0,0.0,0.0,9.670855587947976e-08,0.0,23.243333333333336,100.0,0.0,0.0,0.0,2,0.0,78
0.26,1.2407656194034538e-08,0.0,0.0,0.0,9.670855587947976e-08,0.0,23.22,100.0,0.0,0.0,0.0,2,0.0,78
0.2626666666666661,0.004618802153533796,0.0,0.0,0.0,9.670855587947976e-08,0.0,23.19333333333333,100.0,0.0,0.00040000000000000034,0.0,2,0.0,78
0.26533333333333275,0.00461880215353392,0.0,0.0,0.0,9.670855587947976e-08,0.0,23.173333333333332,100.0,0.0,0.00040000000000000034,0.0,2,0.0,78
0.26933333333333276,0.0023094010767927098,0.0,0.0,0.0,9.670855587947976e-08,0.0,23.133333333333336,100.0,0.0,0.00020000000000000017,0.0,2,0.0,78
0.2706666666666661,0.002309401076792834,0.0,0.0,0.0,9.670855587947976e-08,0.0,23.090000000000003,100.0,0.0,0.00020000000000000017,0.0,2,0.0,78
0.27333333333333276,0.0023094010767930823,0.0,0.0,0.0,9.670855587947976e-08,0.0,23.08666666666667,100.0,0.0,0.00020000000000000017,0.0,2,0.0,78
0.27333333333333276,0.0023094010767930823,0.0,0.0,0.0,9.670855587947976e-08,0.0,23.103333333333335,100.0,0.0,0.0,0.0,2,0.0,78
0.27333333333333276,0.0023094010767930823,0.0,0.0,0.0,9.670855587947976e-08,0.0,23.11,100.0,0.0,-0.00020000000000000017,0.0,2,0.0,78
0.27333333333333276,0.0023094010767930823,0.0,0.0,0.0,9.670855587947976e-08,0.0,23.093333333333334,100.0,0.0,0.00020000000000000017,0.0,2,0.0,78
0.27733333333333277,0.006110100926620969,0.0,0.0,0.0,9.670855587947976e-08,0.0,23.113333333333333,100.0,0.0,0.0005999999999999978,0.0,2,0.0,78
0.2879999999999994,0.014422205101861686,0.0,0.0,0.0,9.670855587947976e-08,0.0,23.159999999999997,100.0,0.0,0.0013999999999999985,0.0,2,0.0,78
0.37599999999999945,0.1423797738444622,0.0,0.0,0.0,9.670855587947976e-08,0.0,23.21666666666667,100.0,0.0,0.012800000000000002,0.0,2,0.0,78
1.0519999999999994,1.097553643335942,0.0,0.0,0.0,9.670855587947976e-08,3.3333333333284827,23.223333333333333,100.0,0.0,0.1004,0.0,2,0.0,78
1.7466666666666661,1.0456946654417505,0.0,0.0,0.0,9.670855587947976e-08,25.566666666661817,23.19666666666667,100.0,0.0,0.0924,0.0,2,0.0,78
2.5413333333333328,0.3335705822361063,0.0,0.0,0.0,9.670855587947976e-08,137.79999999999515,23.153333333333336,100.0,0.0,0.030600000000000006,0.0,2,0.0,78
2.8599999999999994,0.4434771696491282,0.003333333333333648,0.005773502691896258,0.01089333333333437,0.018867806797364016,418.6333333333285,23.16333333333333,100.0,0.001634,0.044,0.02595917070458614,2,0.2723333333333333,78
3.1599999999999997,0.20462648899886235,0.006666666666666981,0.005773502691896258,0.021853333333334373,0.018925806015666156,884.7333333333285,23.236666666666665,100.0,0.001644,0.018199999999999994,0.024672587686287627,2,0.27399999999999997,78
3.282666666666666,0.01285820101471269,0.013333333333333648,0.005773502691896258,0.04380000000000103,0.01908746185351082,1449.7333333333288,23.393333333333334,100.0,0.0016579999999999998,0.001200000000000001,0.030191627223014456,2,0.5486666666666666,78
3.287999999999999,0.00400000000017689,0.013333333333333648,0.005773502691896258,0.04385333333333436,0.019041022381756815,1639.1666666666617,23.58,100.0,-1.9999999999999186e-06,-0.00020000000000000017,0.02673712021136134,2,0.27366666666666667,78
3.2866666666666657,0.004618802153670614,0.013333333333333648,0.005773502691896258,0.04384000000000104,0.01905255888349989,1516.3999999999953,23.73,100.0,-0.0016499999999999998,-0.00040000000000000034,0.028891524976935003,2,0.27366666666666667,78
3.3146666666666658,0.053116224765458096,0.020000000000000313,0.017320508075688773,0.0669066666666677,0.05900519751125743,2378.899999999995,23.833333333333332,100.0,0.005109999999999999,0.004600000000000004,0.02811322604591279,2,1.1253333333333333,78
3.4226666666666663,0.16696506620648036,0.03333333333333365,0.020816659994661327,0.11609333333333437,0.07558254119399775,3761.133333333328,23.98,100.0,0.007378,0.016200000000000013,0.030858378225120817,2,1.5033333333333334,78
3.714666666666666,0.40273730064811897,0.05000000000000032,0.010000000000000004,0.1883466666666677,0.05769194513398009,5703.066666666661,24.236666666666665,100.0,0.005728,0.03920000000000001,0.03301971692710485,2,2.08,78
4.197333333333333,0.6088590422530746,0.06333333333333364,0.015275252316519479,0.27197333333333434,0.10457075180633417,6919.999999999995,24.69,100.0,0.010275999999999999,0.060799999999999986,0.039296826084862665,2,3.216,78
5.614666666666666,1.97265438770539,0.07666666666666698,0.015275252316519496,0.447640000000001,0.2350579264777262,8430.266666666661,25.179999999999996,100.0,0.02289,0.185,0.05309285279396547,2,5.8950000000000005,78
6.943999999999999,1.8416123370568485,0.09333333333333364,0.015275252316519532,0.663200000000001,0.25803500227683746,10132.199999999995,25.74,100.0,0.025517999999999996,0.1662,0.06544822958196832,2,7.468999999999999,78
8.097333333333331,0.21649326394443152,0.11000000000000032,0.020000000000000087,0.8935333333333344,0.18477531148218979,11959.96666666666,26.30333333333333,99.67999999999999,0.018476000000000003,0.021200000000000017,0.07470410697017256,2,8.974333333333334,78
8.281333333333333,0.13202020047444413,0.12666666666666698,0.015275252316519619,1.0502933333333344,0.14257708277749212,13478.866666666661,27.070000000000004,98.17333333333333,0.014070000000000017,0.013200000000000055,0.07791570638680909,2,9.814000000000002,78
8.358666666666666,0.06661331198275407,0.136666666666667,0.005773502691896705,1.1426000000000014,0.05692463789964935,14036.933333333329,27.833333333333332,95.84333333333332,0.0048140000000000075,0.004800000000000004,0.08139374741771119,2,9.776666666666669,78
8.361333333333333,0.062139627721058716,0.14,0.0,1.170586666666668,0.008699547881323245,13674.999999999995,28.560000000000002,93.56,-0.0008400000000000074,-0.0060000000000000496,0.08559422833187105,2,9.674000000000001,78
8.287999999999998,0.09406380813032662,0.13333333333333366,0.011547005383792521,1.105706666666668,0.10641089668515943,11847.233333333328,29.086666666666662,92.08666666666666,-0.009508000000000011,-0.00940000000000003,0.09332249252349874,2,8.192,78
8.346666666666664,0.1880567290295983,0.14333333333333365,0.02516611478423584,1.199480000000001,0.23809833598747807,10090.299999999996,29.97,90.26666666666667,0.014681999999999995,0.013199999999999967,0.11886278279309916,2,12.121,78
6.362666666666665,3.4884823825459286,0.09666666666666697,0.08736894948054105,0.812520000000001,0.7421016846767076,5882.533333333329,28.896666666666665,90.33666666666666,-0.049152,-0.2926,0.138100687795316,2,0.0,78
6.429333333333332,3.5424157482335863,0.10000000000000031,0.0888819441731559,0.8484933333333343,0.7569674173525176,8963.066666666662,27.820000000000004,90.20833333333333,-0.018178000000000007,-0.008199999999999985,0.09465495571206536,2,9.091333333333333,78
6.891999999999999,4.017798402110288,0.17666666666666697,0.20404247923737187,1.689520000000001,2.055244753113362,24356.66666666666,26.349999999999998,90.675,0.19888000000000003,0.38020000000000004,0.06936296580132202,2,33.146666666666675,78
8.957333333333333,0.8575064625606686,0.23000000000000032,0.1479864858694874,2.1447733333333345,1.593210266265359,31773.03333333333,26.790000000000003,88.95,0.013739999999999997,0.007200000000000007,0.06750082090092438,2,11.381333333333332,78
9.527999999999999,0.8628140008136025,0.34666666666666696,0.1665332799572906,3.3977600000000003,1.8130095271674656,43839.43333333333,27.23,87.22500000000001,0.04361599999999992,0.007999999999999919,0.0775028835633468,2,40.41599999999999,78
9.690666666666665,1.0133298245553164,0.39666666666666694,0.20792626898334257,3.9844266666666677,2.3108559623943092,43839.43333333333,27.67,85.5,0.21859200000000004,0.09480000000000004,0.09088474642510382,2,47.81333333333333,78
10.329333333333333,0.1954004435340594,0.5333333333333337,0.04725815626252603,5.515053333333334,0.586435131735236,54612.5,28.11,83.77499999999999,0.055386000000000025,0.017400000000000037,0.10098333440144533,2,49.647,78
10.486666666666666,0.07800854654014766,0.5700000000000003,0.019999999999999754,5.978360000000001,0.2517602891640936,48681.399999999994,28.549999999999997,82.05,0.025111999999999978,0.007200000000000007,0.12280331290158254,2,51.99866666666667,78
10.536,0.07277362159445434,0.5866666666666669,0.0152752523165191,6.181826666666667,0.201542532814592,42057.49999999999,28.99,80.325,0.019518000000000015,0.0064000000000000055,0.1469816248003773,2,52.900000000000006,78
10.642666666666665,0.11202380699344938,0.6100000000000003,0.026457513110645703,6.493973333333334,0.3506973836989948,42057.49999999999,29.429999999999996,78.60000000000001,0.03271200000000003,0.009799999999999986,0.15440335088824697,2,57.45066666666667,78
10.693333333333333,0.10058495580008664,0.6233333333333336,0.020816659994661063,6.666906666666667,0.28436261170083377,47988.6,29.87,76.875,0.020531999999999995,0.007399999999999985,0.1389239890865243,2,56.321999999999996,78
10.270666666666665,0.8305211215455686,0.526666666666667,0.18770544300401446,5.5131466666666675,2.2755601013669855,52477.23333333333,30.31,75.14999999999999,-0.20036800000000002,-0.07300000000000004,0.10505587395917167,2,24.056,78
9.78133333333333,0.819847140223903,0.4000000000000003,0.20074859899884723,4.021466666666668,2.381967577053334,46524.166666666664,30.75,73.425,-0.21697999999999995,-0.07119999999999997,0.08643637314571687,2,20.15866666666667,78
9.110666666666665,0.34181476465085225,0.24666666666666695,0.07094598884597544,2.2624933333333344,0.7154623638832001,36349.166666666664,31.189999999999998,71.7,-0.07025,-0.029800000000000004,0.06224162200081618,2,12.347666666666667,77
8.946666666666665,0.3137982366638135,0.20333333333333362,0.049328828623161784,1.8294533333333343,0.5133341716010517,28604.699999999997,31.63,69.97500000000001,-0.04157200000000002,-0.0242,0.06395415365935231,2,13.23,77
8.419999999999998,0.6049925619377396,0.14333333333333362,0.055075705472860316,1.2290800000000008,0.5319210964043501,20251.099999999995,32.07,68.25,-0.04318999999999999,-0.04959999999999996,0.06068901496634922,2,5.149333333333334,77
8.494666666666665,0.6701084489344408,0.1500000000000003,0.060827625302981574,1.3013733333333342,0.5944843094088683,20171.66666666666,32.510000000000005,66.52499999999999,0.005549999999999999,0.005999999999999961,0.06451171552265447,2,14.154999999999998,77
8.463999999999999,0.649566008962899,0.14333333333333365,0.05686240703077259,1.2376666666666676,0.5575693425335895,18642.499999999996,33.21333333333334,64.25833333333334,0.038928,0.05019999999999998,0.06638596114821078,2,11.637333333333332,77
8.213333333333333,1.0802394796216837,0.14000000000000032,0.062449979983983356,1.1943733333333342,0.6300787307419125,17971.66666666666,33.36666666666667,63.11666666666667,-0.06052799999999999,-0.09839999999999996,0.06645498720278949,2,4.067,77
7.870666666666665,0.8787293857231199,0.10666666666666696,0.047258156262525185,0.8655333333333343,0.4732618223915173,14263.033333333327,33.126666666666665,63.46666666666666,-0.03422,-0.04079999999999999,0.06067942447320893,2,5.933999999999999,77
7.449333333333333,0.4701715998795957,0.0800000000000003,0.009999999999995415,0.599080000000001,0.11203285946545935,11023.033333333327,31.09333333333333,70.29333333333334,0.0054540000000000005,0.0246,0.05434308677102464,2,4.976000000000001,77
7.805333333333333,0.30245220008016654,0.08666666666666696,0.005773502691888463,0.6776000000000009,0.06993533012724815,11881.366666666661,29.05333333333333,77.69333333333333,0.0005759999999999987,0.006399999999999961,0.05702567670301381,2,6.029999999999999,77
7.954666666666665,0.45405432861424294,0.09666666666666696,0.020816659994659224,0.774640000000001,0.2077956996667807,12524.166666666662,27.286666666666665,84.34333333333332,0.02030399999999999,0.04479999999999995,0.061846682013546164,2,8.36,77
8.270666666666665,0.20144809091507265,0.11333333333333362,0.02081665999465933,0.9401200000000008,0.19287798008068882,14250.56666666666,27.143333333333334,84.18333333333332,0.018498000000000007,0.018600000000000082,0.06596608092209755,2,9.113,77
8.475999999999999,0.15803797012107992,0.13333333333333364,0.015275252316516913,1.131720000000001,0.15125441877844803,16751.66666666666,27.72,82.26333333333334,0.014760000000000006,0.014800000000000058,0.06755461817024162,2,10.82,77
8.654666666666666,0.2420027548052348,0.15333333333333363,0.025166114784234382,1.331080000000001,0.2554327433983468,19725.266666666663,28.77333333333333,78.84333333333333,0.025386,0.0242,0.0674775426335107,2,13.344000000000001,77
8.849333333333332,0.17473789896104494,0.17333333333333364,0.020816659994659703,1.5363066666666676,0.21298715203818905,22823.03333333333,29.746666666666666,75.97333333333333,0.020542000000000005,0.016999999999999994,0.06731091933794937,2,14.243666666666668,77
8.684,0.45654353571153367,0.15666666666666695,0.04932882862316174,1.3755066666666675,0.4875444830303579,20511.93333333333,30.46666666666667,73.79666666666667,-0.039264,-0.036800000000000034,0.06705558119430348,2,6.800000000000001,77
8.502666666666666,0.43789191969402974,0.13666666666666696,0.04725815626252528,1.1758266666666677,0.4712416286082325,17909.699999999993,30.403333333333332,73.48,-0.035350000000000006,-0.032200000000000006,0.06564939765987192,2,8.352,77
7.2173333333333325,1.8015830076167259,0.09333333333333364,0.030550504633037552,0.708880000000001,0.3591093248580531,12117.766666666663,30.003333333333334,74.88000000000001,-0.025380000000000003,-0.15100000000000002,0.05849440124545137,2,2.57,77
6.003999999999999,2.056921972268272,0.0800000000000003,0.03464101615137629,0.5272800000000009,0.4117477519064397,10295.533333333327,29.19333333333333,77.38666666666667,-0.03655200000000001,-0.19160000000000005,0.051209468558997315,2,2.2599999999999993,77
5.767999999999998,1.6539746068183754,0.06666666666666697,0.011547005383792518,0.3970400000000009,0.18667408175750377,8526.666666666662,28.583333333333332,80.42666666666666,0.015156000000000006,0.12520000000000003,0.046559043114568405,2,5.096,77
6.751999999999999,1.945904416974277,0.0800000000000003,0.02,0.5639733333333342,0.2721332653927856,10206.933333333329,28.376666666666665,81.43999999999998,0.026900000000000014,0.17860000000000004,0.055248532187383785,2,6.743333333333334,77
7.791999999999999,0.2598153190248789,0.08666666666666696,0.011547005383792516,0.6773066666666677,0.11422308931796595,11079.433333333329,28.5,80.82999999999998,-1.60000000000049e-05,-0.00020000000000002237,0.06112636990731422,2,5.093333333333333,77
7.877333333333333,0.22685090551578813,0.0900000000000003,0.010000000000000002,0.7104666666666676,0.09900107743524801,11299.133333333326,28.76,79.17333333333333,-0.004910000000000009,-0.009600000000000008,0.06287241448478496,2,5.925,77
7.917333333333332,0.2863936684588767,0.09333333333333364,0.01527525231651947,0.7418400000000008,0.1484818264974087,11566.933333333329,29.080000000000002,78.19,0.014606000000000003,0.028600000000000004,0.06412900028238992,2,7.527666666666668,77
8.222666666666663,0.32813005551660956,0.11333333333333363,0.025166114784235857,0.9373866666666676,0.24520134529267906,13991.933333333329,29.74666666666667,76.55999999999999,0.024342000000000003,0.03279999999999994,0.06699000447845112,2,9.982000000000001,77
8.382666666666665,0.17201550317728423,0.12333333333333363,0.015275252316519508,1.0355866666666678,0.1495322966229686,15380.833333333328,30.413333333333338,74.72666666666667,0.005114000000000002,0.008400000000000052,0.06732530799319553,2,8.38,77
8.329333333333333,0.2557915818265611,0.11666666666666696,0.02516611478423586,0.976040000000001,0.2379610085707451,14726.933333333329,30.686666666666667,73.65666666666667,-0.023658000000000002,-0.02519999999999998,0.06627134832223584,2,6.039,77
7.602666666666665,1.0749089883954515,0.09333333333333364,0.02516611478423585,0.7255333333333343,0.2796409764918938,11849.166666666662,30.49,74.08666666666666,-0.027964,-0.10020000000000003,0.06122558051222919,2,3.7193333333333336,77
7.4306666666666645,0.9181924271814333,0.0800000000000003,0.010000000000000068,0.6000400000000009,0.14144011877825444,10344.166666666662,30.166666666666668,74.91333333333333,-0.004777999999999999,-0.009399999999999986,0.058001965491131235,2,5.242666666666667,77
6.525333333333332,1.2705988089610853,0.0700000000000003,0.010000000000000096,0.4652000000000009,0.1553428826821715,9040.566666666662,29.893333333333334,76.42999999999999,-0.006308000000000003,-0.052000000000000005,0.05145126029043652,2,2.6679999999999997,77
6.410666666666665,1.3058473621879887,0.0700000000000003,0.010000000000000096,0.45717333333333426,0.15741449657938192,9011.966666666662,29.626666666666665,77.63666666666667,-0.010343999999999997,-0.09159999999999999,0.05072395696570509,2,3.5186666666666673,77
4.902666666666666,1.3973365139912866,0.05333333333333362,0.020816659994661396,0.28086666666666754,0.16457647138440068,6795.033333333329,29.143333333333334,79.28,-0.010997999999999999,-0.09980000000000003,0.041328029585886036,2,0.835,77
4.210666666666666,1.5778280430177798,0.0400000000000003,0.026457513110645977,0.19588000000000091,0.1968130768013326,4908.899999999995,28.606666666666666,80.50333333333333,-0.017852000000000003,-0.1386,0.039894906209902666,2,0.5433333333333332,77
3.301333333333332,0.04006661120324313,0.026666666666666963,0.00577350269189664,0.08817333333333421,0.019902817221205224,3403.3333333333285,28.166666666666668,82.03999999999999,-5.4000000000000574e-05,-0.0018000000000000017,0.02590032311759552,2,0.8259999999999998,77
3.301333333333332,0.04006661120324313,0.030000000000000294,0.010000000000000212,0.09930666666666754,0.03420038206425023,3628.866666666662,27.936666666666667,82.68333333333332,0.0034200000000000003,0.0040000000000000036,0.027358213341169835,2,1.1133333333333333,77
3.375999999999999,0.09524704719821474,0.04000000000000029,0.010000000000000182,0.1356400000000009,0.03758154866430215,4914.699999999994,27.94666666666667,82.47333333333333,0.0037540000000000017,0.009000000000000008,0.02759322171816853,2,1.4516666666666669,77
3.454666666666665,0.10317622465138318,0.04666666666666697,0.0057735026918965355,0.16160000000000088,0.024289092202206257,5634.966666666663,28.016666666666666,81.92,0.002170000000000001,0.010000000000000009,0.02867298718350611,2,1.475,77
3.4799999999999986,0.06209669878487486,0.05,0.0,0.1740000000000009,0.003104834940421232,5949.966666666663,28.136666666666667,82.05666666666666,-0.00017000000000000072,-0.003400000000000003,0.02923894717384868,2,1.4233333333333333,77
3.4253333333333322,0.11029656990728495,0.04666666666666697,0.005773502691896259,0.1602000000000009,0.023930733377965623,5515.799999999996,28.063333333333333,82.51666666666665,-0.002210000000000001,-0.01100000000000001,0.02903857308584705,2,1.1066666666666667,77
3.342666666666666,0.06503332479054265,0.04000000000000029,0.01,0.13412000000000088,0.03603813535697027,4648.866666666662,27.89,83.14999999999999,-0.003602000000000001,-0.006200000000000006,0.02884383781613831,2,0.823,77
3.295999999999999,0.02227105745084052,0.03333333333333363,0.00577350269189626,0.10994666666666754,0.019793022339720464,3738.8666666666613,27.613333333333333,84.08666666666666,-0.0017260000000000005,-0.002200000000000002,0.02939855253306741,2,0.819,77
3.278666666666665,0.012220201852337822,0.026666666666666963,0.005773502691896256,0.08746666666666754,0.019146439181756496,2860.5333333333288,27.23,85.23333333333333,-0.0016699999999999992,-0.001200000000000001,0.03056636302215631,2,0.5446666666666666,77
3.2613333333333316,0.018903262504440625,0.020000000000000295,0.009999999999999997,0.06534666666666755,0.03294000202399398,1993.5999999999951,26.796666666666667,86.77666666666666,-0.0032939999999999996,-0.0017999999999999794,0.032761790166784176,2,0.2700000000000001,77
3.094666666666665,0.2763283071516762,0.010000000000000295,0.009999999999999993,0.03258666666666756,0.03268039983446911,1110.2666666666619,26.360000000000003,88.19,-0.003268,-0.0246,0.029323894654749272,2,0.0,77
2.815999999999999,0.40548242871914514,0.0033333333333336293,0.005773502691896242,0.01080000000000089,0.018706148721943344,476.39999999999515,25.97666666666667,89.96666666666665,-0.0016200000000000003,-0.04040000000000001,0.022622538751573103,2,0.0,77
2.5719999999999987,0.18070971196915592,0.0,0.0,0.0,8.646328261140273e-08,157.2333333333285,25.646666666666665,91.98333333333333,0.0,-0.01339999999999999,0.0,2,0.0,77
1.9079999999999986,0.9741539919334992,0.0,0.0,0.0,8.646328261140273e-08,37.23333333332848,25.353333333333335,93.77,0.0,-0.0824,0.0,2,0.0,77
1.1959999999999988,1.1621290806102258,0.0,0.0,0.0,8.646328261140273e-08,5.833333333328483,25.146666666666665,95.15666666666665,0.0,-0.1106,0.0,2,0.0,77
0.4506666666666655,0.2889244422566189,0.0,0.0,0.0,8.646328261140273e-08,0.26666666666181604,25.083333333333332,96.09666666666665,0.0,-0.0256,0.0,2,0.0,77
0.2826666666666655,0.01222020185174827,0.0,0.0,0.0,8.646328261140273e-08,0.0,25.153333333333332,96.59333333333332,0.0,-0.000799999999999998,0.0,2,0.0,77
0.27599999999999886,0.003999999995513332,0.0,0.0,0.0,8.646328261140273e-08,0.0,25.133333333333336,97.22333333333331,0.0,0.00020000000000000017,0.0,2,0.0,77
0.27599999999999886,0.003999999995513332,0.0,0.0,0.0,8.646328261140273e-08,0.0,25.0,97.72333333333331,0.0,-0.00040000000000000034,0.0,2,0.0,77
0.27199999999999885,0.0039999999955109035,0.0,0.0,0.0,8.646328261140273e-08,0.0,24.84,98.75999999999999,0.0,-0.00040000000000000034,0.0,2,0.0,77
0.2706666666666655,0.002309401068981758,0.0,0.0,0.0,8.646328261140273e-08,0.0,24.796666666666667,99.27333333333333,0.0,0.0,0.0,2,0.0,77
0.26933333333333215,0.0023094010689803436,0.0,0.0,0.0,8.646328261140273e-08,0.0,24.796666666666667,99.35666666666667,0.0,0.0,0.0,2,0.0,77
0.26933333333333215,0.0023094010689803436,0.0,0.0,0.0,8.646328261140273e-08,0.0,24.766666666666666,98.96666666666665,0.0,-0.00020000000000000017,0.0,2,0.0,77
0.268,0.0,0.0,0.0,0.0,8.646328261140273e-08,0.0,24.653333333333336,98.87666666666667,0.0,0.0,0.0,2,0.0,77
0.2666666666666655,0.002309401076758497,0.0,0.0,0.0,8.646328261140273e-08,0.0,24.493333333333336,99.09999999999998,0.0,-0.00020000000000000017,0.0,2,0.0,77
0.26533333333333214,0.002309401076758497,0.0,0.0,0.0,8.646328261140273e-08,0.0,24.326666666666668,99.39333333333333,0.0,-0.00020000000000000017,0.0,2,0.0,77
0.264,0.0,0.0,0.0,0.0,8.646328261140273e-08,0.0,24.24,99.61333333333333,0.0,0.0,0.0,2,0.0,77
0.264,0.0,0.0,0.0,0.0,8.646328261140273e-08,0.0,24.23,99.69999999999999,0.0,0.0,0.0,2,0.0,77
0.9919999999999988,1.2609329879101427,0.0,0.0,0.0,8.646328261140273e-08,7.766666666661816,25.126666666666665,97.45333333333333,0.0,0.1092,0.0,2,0.0,77
4.130666666666666,4.9283657872902795,0.07666666666666697,0.13279056191361394,0.7421333333333342,1.2854126393237852,7788.599999999995,26.286666666666665,94.39999999999999,0.11132,0.4708,0.0952723289171889,2,18.553333333333335,77
6.150666666666666,3.619114440485868,0.10000000000000031,0.11789826122551596,0.8896933333333342,1.1785923511262661,9702.499999999995,27.683333333333337,90.48333333333333,0.022134,0.1938,0.09168787894402378,2,3.689,77
8.112,1.6887818094709575,0.13666666666666696,0.08326663997864531,1.195200000000001,0.9239378585164728,13988.06666666666,28.456666666666667,87.99666666666667,-0.06549399999999998,-0.06739999999999995,0.08543815169942252,2,7.637666666666668,77
8.494666666666665,2.2564018554622165,0.20333333333333362,0.19731531449264986,2.005080000000001,2.3079910696534345,20276.399999999994,29.313333333333333,85.83999999999999,0.210668,0.22519999999999998,0.09888249972876213,2,38.800333333333334,77
9.58,1.2479999999999982,0.256666666666667,0.16165807537309518,2.5919866666666675,1.8998031886838536,26998.599999999995,30.623333333333335,81.07666666666667,0.064344,0.06239999999999997,0.09600092840881598,2,18.361666666666668,77
10.195999999999998,0.62415382719326,0.3300000000000003,0.09999999999999985,3.406280000000001,1.2269918676177132,35167.49999999999,32.42666666666667,75.31666666666666,-0.064832,-0.032399999999999984,0.09685599328944942,2,27.994999999999997,77
10.152,0.5585266332056104,0.32666666666666694,0.09504384952922153,3.3517066666666673,1.1444793934944117,38269.99999999999,34.85666666666666,66.83999999999999,0.11444599999999996,0.05579999999999998,0.08757823591405157,2,37.436,77
10.58933333333333,0.3677897950369558,0.40000000000000036,0.06244997998398355,4.251040000000001,0.798813513155607,47790.0,37.04333333333333,60.66333333333333,0.07709999999999999,0.035599999999999986,0.08895063924169824,2,40.845,77
10.339999999999998,0.7924342243997238,0.366666666666667,0.11930353445448837,3.8543600000000002,1.4735180221497128,43689.166666666664,38.69,55.73999999999999,-0.11614799999999996,-0.06319999999999996,0.08822030891771987,2,18.078000000000003,77
9.993333333333332,0.7862857834994376,0.306666666666667,0.12423096769056143,3.129400000000001,1.5363820884142072,34968.899999999994,38.24333333333333,56.556666666666665,-0.12919799999999998,-0.061799999999999945,0.08948838858561226,2,19.311999999999998,77
9.838666666666667,0.52252208884728,0.2833333333333336,0.08386497083606079,2.8164800000000008,0.9953612313125325,31024.466666666664,37.48,57.353333333333325,0.08966400000000001,0.049800000000000025,0.09077961760446261,2,33.022,77
10.18,0.4540132156666715,0.33333333333333365,0.08082903768654742,3.4177866666666676,0.9529430164145883,37956.666666666664,36.953333333333326,56.96,0.082792,0.039999999999999945,0.09004206440508289,2,33.11066666666667,77
9.605333333333332,1.4492167999762235,0.2833333333333336,0.16743157806499148,2.8832666666666675,1.8787514962158605,32802.49999999999,36.97333333333333,55.35999999999999,-0.16243800000000003,-0.12480000000000002,0.08789509249521144,2,5.949,77
8.372,1.9025498679403894,0.1800000000000003,0.17349351572897473,1.7193733333333343,1.955715720173393,20936.93333333333,35.53666666666667,59.04,-0.175116,-0.18639999999999998,0.08211762383425303,2,3.9246666666666674,77
7.673333333333332,0.846189892006119,0.0900000000000003,0.019999999999999903,0.7014800000000009,0.22457689640744188,9655.566666666662,33.16,66.06666666666666,0.010286,0.021399999999999954,0.07264279574866167,2,7.663333333333333,77
6.425333333333332,2.1024037037004395,0.07666666666666697,0.030550504633038867,0.5333200000000008,0.35918322232531785,8154.433333333328,30.683333333333334,74.45666666666666,-0.013078000000000001,-0.127,0.06539444051613867,2,1.745,77
6.743999999999999,2.239217720544385,0.0800000000000003,0.029999999999999933,0.581240000000001,0.35628176040880727,8557.233333333328,29.299999999999997,79.59666666666666,-0.015243999999999997,-0.03379999999999996,0.0679158860668286,2,5.122666666666667,77
6.075999999999998,1.764739074197654,0.06666666666666697,0.015275252316519316,0.4230133333333343,0.20354606882308482,7307.499999999995,28.119999999999994,84.89,0.011776000000000002,0.10840000000000001,0.05787963786458706,2,3.707666666666667,77
7.603999999999999,1.2099851238754937,0.09666666666666697,0.037859388972001785,0.7625733333333343,0.41198343720753167,10579.466666666662,27.66666666666666,87.47999999999998,0.030668,0.054400000000000004,0.0720736955521812,2,10.234,77
7.821333333333333,1.2876044941414764,0.10666666666666696,0.035118845842842424,0.8633200000000009,0.3943257962649653,12859.166666666662,27.693333333333328,88.36333333333334,0.023601999999999998,0.09900000000000002,0.0671313228185224,2,7.641333333333334,77
8.831999999999999,0.5285603087633357,0.1500000000000003,0.04582575694955839,1.340880000000001,0.4901532233903999,20786.399999999994,28.359999999999996,86.78333333333335,0.032476000000000005,0.030799999999999984,0.06450445943215607,2,15.646666666666667,77
9.590666666666666,1.3673117176903458,0.256666666666667,0.18175074506954117,2.625546666666668,2.180968664546406,30651.099999999995,30.14333333333333,80.26333333333332,0.208256,0.1356,0.08565633893490718,2,42.35066666666667,77
10.361333333333333,0.8663332692060971,0.3500000000000003,0.13453624047073717,3.704133333333335,1.6486647675417017,39281.93333333333,33.13999999999999,69.83,0.11375600000000001,0.06299999999999999,0.09429370515440129,2,34.606,77
10.178666666666665,1.1764443604919548,0.33333333333333365,0.16258331197676268,3.520266666666668,1.9562801833411627,37029.43333333333,35.596666666666664,60.56666666666666,-0.18780400000000003,-0.11040000000000001,0.09506414993793398,2,11.049999999999999,77
9.406666666666665,1.0763815928068095,0.226666666666667,0.14153915830374764,2.2337333333333347,1.6626970462875463,29306.099999999995,36.52333333333333,57.94666666666666,-0.14651200000000003,-0.09580000000000002,0.0762181632892144,2,10.187333333333333,77
8.662666666666667,0.22033913255099277,0.13666666666666696,0.015275252316519007,1.1861333333333344,0.16114419546892794,21626.099999999995,35.300000000000004,61.376666666666665,-0.015803999999999995,-0.021199999999999976,0.05484477037297347,2,8.416,77
6.9706666666666655,2.781545853178287,0.1000000000000003,0.05291502622129164,0.7943200000000012,0.5675523249886253,14620.533333333331,33.98,65.54666666666667,-0.053596,-0.2484,0.054325355753842605,2,1.2546666666666666,77
5.151999999999998,2.837218356066377,0.06333333333333363,0.049328828623162235,0.41958666666666783,0.5119114991219936,8502.499999999995,32.446666666666665,69.70333333333333,-0.045582,-0.257,0.049342819623292546,2,0.819,77
3.4639999999999986,0.262571894916405,0.03333333333333363,0.005773502691893858,0.11646666666666784,0.029547692521183472,3811.133333333328,31.173333333333332,73.58666666666666,-0.0025,-0.020599999999999997,0.030551572173061804,2,0.8380000000000001,77
4.707999999999999,2.4147778365721333,0.04666666666666696,0.02886751345948129,0.26617333333333454,0.2888274954593601,5796.966666666663,29.506666666666664,80.24666666666666,0.025070000000000002,0.21100000000000002,0.04590804822380284,2,4.9973333333333345,77
6.382666666666665,2.6552418596680276,0.0700000000000003,0.036055512754639904,0.5100800000000012,0.3728830894529728,9125.56666666666,28.716666666666665,84.29666666666667,0.036472000000000004,0.2474,0.055889582427857305,2,6.916666666666667,77
8.053333333333333,0.4837244394625128,0.09666666666666696,0.015275252316519506,0.7832400000000014,0.16521956784834582,12467.766666666663,28.72,85.81333333333333,0.016017999999999998,0.043400000000000015,0.06281615663671641,2,7.667,77
8.253333333333332,0.13996189957742755,0.1000000000000003,0.010000000000000063,0.8262266666666678,0.09575577545677112,13262.766666666663,29.626666666666665,82.71666666666665,-0.005068000000000006,-0.010200000000000032,0.06229200855463391,2,6.071999999999999,77
8.202666666666666,0.14211732242524824,0.1000000000000003,0.010000000000000063,0.8211600000000011,0.095858370526492,13108.033333333327,29.916666666666668,80.42999999999999,-0.005262000000000005,-0.010800000000000054,0.06264077442781198,2,6.79,77
8.071999999999997,0.09042123644359461,0.09333333333333362,0.0057735026918963525,0.7536400000000012,0.053259230185894534,13131.933333333327,29.866666666666664,79.38,-0.0005579999999999974,-0.006199999999999983,0.05738550412702937,2,5.979,77
7.273333333333333,1.3653854156732887,0.08333333333333363,0.02081665999466135,0.6247600000000012,0.24966519340908114,11620.266666666661,29.496666666666666,78.85,-0.02364,-0.12239999999999998,0.05376006057859455,2,2.8499999999999996,77
6.556,1.2351906735399132,0.07333333333333363,0.015275252316519486,0.4930666666666679,0.1981946208486169,10360.566666666664,29.296666666666663,80.80999999999999,-0.014887999999999995,-0.0988,0.04758611149536602,2,3.497666666666668,77
5.922666666666665,0.19654346423454383,0.06666666666666697,0.005773502691896289,0.39558666666666786,0.046483585633284044,8386.399999999996,28.976666666666663,81.25999999999999,0.004152000000000003,0.018599999999999995,0.04716439738973556,2,3.542,77
5.914666666666665,0.2101554979849811,0.06666666666666697,0.005773502691896261,0.3951066666666679,0.04731363158041082,8209.73333333333,28.72,81.24666666666667,-0.003958000000000006,-0.016000000000000014,0.04812075251094113,2,2.838,77
5.4479999999999995,0.7639581140350438,0.06333333333333363,0.005773502691896261,0.3471200000000012,0.07485589355550723,7207.233333333329,28.66666666666666,79.29666666666667,-0.007464000000000001,-0.0738,0.04815604378326655,2,2.298,77
4.5106666666666655,1.2102583746181281,0.04666666666666696,0.02309401076758503,0.22717333333333448,0.1439662478962571,5093.066666666662,28.616666666666664,79.44666666666666,-0.013767999999999999,-0.12080000000000002,0.04459567339780948,2,0.5433333333333332,77
3.7386666666666653,0.7441541059036848,0.04000000000000029,0.02,0.15845333333333453,0.10732101627046974,4116.966666666662,28.256666666666664,81.16666666666667,-0.0070680000000000005,-0.06180000000000001,0.038478537142117394,2,1.1199999999999999,77
3.3533333333333317,0.090184995056338,0.03666666666666696,0.015275252316519472,0.12386666666666786,0.05417354828074647,3786.9666666666617,27.626666666666665,83.83666666666666,0.005340000000000001,0.009000000000000008,0.03270004135904083,2,1.4333333333333336,77
3.4359999999999986,0.07408103670966348,0.04666666666666696,0.005773502691896271,0.1606000000000012,0.022753461275003852,4993.366666666661,27.150000000000002,85.77999999999999,0.0020500000000000006,0.007400000000000006,0.03215622935173656,2,1.4616666666666667,77
3.427999999999999,0.08662563131070677,0.04666666666666696,0.005773502691896259,0.1602800000000012,0.02330620518216338,4852.233333333328,26.926666666666666,81.47666666666666,-0.0019280000000000005,-0.005200000000000005,0.03302540574325048,2,1.1119999999999999,77
3.3959999999999986,0.09707728879598185,0.04333333333333363,0.005773502691896258,0.14753333333333452,0.024133771634918772,4643.3333333333285,26.829999999999995,82.23,-0.0020820000000000005,-0.008200000000000008,0.03176631019880887,2,1.1146666666666665,77
3.3866666666666654,0.08092795149583236,0.04333333333333363,0.005773502691896259,0.14706666666666784,0.02332549963722985,4616.6666666666615,26.74,80.86999999999999,0.0020280000000000007,0.007200000000000007,0.0318486970331339,2,1.4500000000000002,77
3.455999999999998,0.10213716267832482,0.04666666666666696,0.00577350269189626,0.16165333333333454,0.024209265443760092,5197.233333333329,26.70333333333333,87.24333333333334,0.0021720000000000016,0.010000000000000009,0.03109774474661289,2,1.476666666666667,77
3.455999999999999,0.10213716267832482,0.04666666666666696,0.005773502691896259,0.16165333333333454,0.024209265443760092,5277.799999999995,26.736666666666665,85.95333333333333,-0.002012000000000001,-0.006800000000000006,0.030623121416483802,2,1.1146666666666665,77
3.397333333333332,0.12858201014648912,0.04000000000000029,0.01,0.13669333333333453,0.03912256296980544,4758.3333333333285,26.656666666666666,85.94333333333333,-0.003904000000000002,-0.01200000000000001,0.028721109399075778,2,0.8259999999999998,77
3.3079999999999985,0.03417601498095286,0.03000000000000029,0.010000000000000002,0.09946666666666786,0.034121320802781394,3628.3333333333285,26.52666666666666,86.63333333333333,-0.0034119999999999997,-0.003400000000000003,0.0274063188831745,2,0.5459999999999999,77
3.283999999999999,0.01743559577353986,0.023333333333333622,0.005773502691896264,0.07669333333333452,0.01942210424558268,2753.0333333333288,26.366666666666664,82.57333333333332,-0.0016839999999999993,-0.0016000000000000014,0.027847641640745564,2,0.5453333333333333,77
3.2719999999999985,0.003999999997283057,0.016666666666666958,0.005773502691896258,0.05454666666666785,0.018937131074326992,1996.9333333333286,26.183333333333326,82.71999999999998,-0.0016419999999999998,-0.00040000000000000034,0.027301544929761414,2,0.2723333333333333,77
3.269333333333332,0.0023094010720518155,0.013333333333333626,0.005773502691896257,0.043600000000001186,0.01891399481846413,1636.0999999999951,26.03666666666666,82.67666666666668,-0.001638,-0.00020000000000000017,0.026632459837518364,2,0.2723333333333333,77
3.265333333333332,0.0046188021535169465,0.01,0.0,0.03265333333333451,4.6188021535172184e-05,1271.399999999995,25.986666666666665,89.02333333333333,-4.000000000000184e-06,-0.00040000000000000034,0.025662789479200445,2,0.2716666666666666,77
3.1119999999999988,0.2633021078533172,0.006666666666666957,0.005773502691896258,0.021760000000001185,0.018844755238527244,887.2333333333285,25.906666666666666,92.64999999999999,-0.001634,-0.023,0.0244980673246534,2,0.0,77
2.7933333333333317,0.47417015230118936,0.003333333333333625,0.005773502691896257,0.01086666666666785,0.018821618775581802,401.96666666666187,25.75,93.74,-0.00163,-0.0474,0.026966663909342325,2,0.0,77
2.2879999999999985,0.5324058602231944,0.0,0.0,0.0,0.0,98.63333333332848,25.419999999999998,94.86333333333333,0.0,-0.05319999999999999,0.0,2,0.0,77
1.485333333333332,0.9818947669344881,0.0,0.0,0.0,0.0,12.799999999995151,25.149999999999995,93.14333333333332,0.0,-0.09559999999999999,0.0,2,0.0,77
0.8093333333333321,0.8115203838064282,0.0,0.0,0.0,0.0,1.3999999999951493,24.99,88.40333333333332,0.0,-0.073,0.0,2,0.0,77
0.3119999999999988,0.07787168933572162,0.0,0.0,0.0,0.0,0.0,24.939999999999998,82.95666666666666,0.0,-0.007400000000000001,0.0,2,0.0,77
0.26133333333333214,0.01973153144924291,0.0,0.0,0.0,0.0,0.0,24.889999999999997,79.82999999999998,0.0,-0.0017999999999999989,0.0,2,0.0,77
0.2506666666666655,0.0023094010765694764,0.0,0.0,0.0,0.0,0.0,24.84,79.55666666666666,0.0,0.0,0.0,2,0.0,77
0.24933333333333216,0.002309401076569414,0.0,0.0,0.0,0.0,0.0,24.789999999999996,79.81666666666666,0.0,0.0,0.0,2,0.0,77
0.24933333333333216,0.002309401076569414,0.0,0.0,0.0,0.0,0.0,24.75666666666666,79.86,0.0,-0.00020000000000000017,0.0,2,0.0,77
0.24933333333333216,0.0023094010767585093,0.0,0.0,0.0,0.0,0.0,24.74,79.54666666666667,0.0,0.00020000000000000017,0.0,2,0.0,77
0.25199999999999884,0.004000000000000007,0.0,0.0,0.0,0.0,0.0,24.74,79.05666666666666,0.0,0.00040000000000000034,0.0,2,0.0,77
0.9746666666666655,1.2482328842541095,0.0,0.0,0.0,0.0,14.999999999995149,26.119999999999994,82.39,0.0,0.10819999999999999,0.0,2,0.0,77
4.591999999999999,5.7420386623567765,0.12666666666666695,0.21939310229205777,1.406506666666668,2.4361410078510097,8287.766666666661,29.476666666666663,76.38000000000001,0.210976,0.5424,0.1696882929909157,2,35.16266666666667,77
8.588,5.375415146758434,0.31000000000000033,0.2816025568065745,3.6512400000000014,3.4028765814822024,24578.03333333333,33.48,67.56666666666666,0.33671,0.49139999999999995,0.14855100078522215,2,56.11833333333334,77
12.214666666666664,1.0962943643626668,0.4933333333333336,0.09814954576223645,6.088840000000001,1.644524988195679,41059.13333333333,37.07,53.29999999999999,0.154664,0.1096,0.14829079951031177,2,60.940000000000005,77
11.563999999999998,2.1540622089438393,0.396666666666667,0.2655811238272279,4.956893333333335,3.591139628882917,36483.86666666666,36.47333333333333,54.85666666666666,-0.29552600000000007,-0.15460000000000002,0.13586162664702997,2,6.863999999999999,77
7.941333333333332,6.051519258279969,0.21333333333333362,0.29501412395567334,2.7121600000000012,4.005499780651597,20199.16666666666,33.77,66.53999999999999,-0.36564,-0.596,0.13426423874390486,2,0.0,77
9.908,8.934022162497698,0.060000000000000296,0.051961524227066694,0.8504400000000012,0.864130815096877,21188.066666666662,32.85333333333333,71.04666666666667,0.04519800000000001,0.5022000000000001,0.040135793302206235,2,14.397000000000002,77
12.26533333333333,9.546799533526059,0.06333333333333363,0.05507570547286137,1.1166800000000012,0.968503759001478,23054.999999999996,34.059999999999995,68.58666666666666,0.08112,0.7424000000000001,0.0484333795975018,2,13.520000000000001,77
18.18133333333333,1.695482625488495,0.0900000000000003,0.010000000000001797,1.6266533333333346,0.09892859916791528,41253.6,37.193333333333335,55.98,-0.009886000000000006,-0.0036000000000001365,0.03942962320161472,2,12.749333333333333,77
18.008,1.5611431708847285,0.0900000000000003,0.010000000000001797,1.6110533333333343,0.0760971204010115,41972.76666666666,38.68333333333333,50.589999999999996,0.0029219999999999914,0.1225999999999999,0.038382386458843766,2,14.007,77
18.78533333333333,0.29936822365334725,0.08666666666666696,0.005773502691899396,1.6269333333333345,0.0841893706671218,54612.5,40.97333333333333,44.096666666666664,0.007006000000000001,-0.02839999999999989,0.02978994815079302,2,13.916999999999998,77
18.609333333333336,0.06110100926630524,0.08666666666666696,0.005773502691899396,1.6128533333333346,0.10853770097678514,54612.5,42.873333333333335,39.30333333333333,-0.00965799999999999,-0.003999999999999915,0.029532136437571934,2,12.397333333333334,77
18.574666666666666,0.02013289182808081,0.08666666666666696,0.005773502691899396,1.6097333333333346,0.10570373944816724,54612.5,43.68666666666667,38.21333333333333,7.19999999999943e-05,0.0007999999999999119,0.029475007705664986,2,13.929,77
18.471999999999998,0.19436048981217047,0.08333333333333363,0.005773502691899426,1.5396666666666678,0.11499927188172146,54612.5,43.949999999999996,37.21333333333333,-0.0013920000000000043,-0.01739999999999995,0.02819205263655814,2,12.165333333333333,77
18.468,0.1906200409191721,0.08333333333333363,0.005773502691899426,1.5393466666666678,0.11521738989113618,54612.5,43.66,38.75333333333333,-0.009237999999999991,0.0006000000000000227,0.028186193279439477,2,12.389333333333335,77
18.430666666666664,0.1699097799814948,0.08333333333333363,0.005773502691899426,1.535986666666668,0.10943953459936731,54612.5,43.596666666666664,37.993333333333325,0.010077999999999998,0.010599999999999988,0.02812467002969354,2,13.844999999999999,77
18.454666666666665,0.13208078336139784,0.08666666666666696,0.005773502691899396,1.5989733333333345,0.09741816120891467,54612.5,43.97666666666666,37.453333333333326,0.008104,-0.013199999999999967,0.029277986822550003,2,13.74,76
18.33066666666667,0.12434360994180581,0.08666666666666696,0.005773502691899396,1.5890533333333348,0.11456952707123348,54612.5,45.29999999999999,34.66333333333333,-0.010221999999999998,-0.012400000000000055,0.029096346751871515,2,12.141333333333334,76
18.25733333333333,0.0560475988188576,0.08666666666666696,0.005773502691899396,1.5824533333333344,0.10874002268404259,54612.5,46.52,32.459999999999994,-0.00036000000000001585,-0.004000000000000092,0.02897549751129912,2,13.679999999999998,76
18.202666666666666,0.04277070648656029,0.08333333333333363,0.005773502691899426,1.5170133333333344,0.10791846799008094,54612.5,47.419999999999995,31.72666666666666,-0.00022400000000000198,-0.002800000000000047,0.027777258980532918,2,12.104,76
18.02933333333333,0.29514290324071757,0.08333333333333363,0.005773502691899426,1.5031466666666677,0.12133205567089902,54612.5,47.29999999999999,32.25333333333333,-0.011311999999999989,-0.027399999999999914,0.027523353505390934,2,11.794666666666666,76
18.218666666666667,0.560632975602898,0.08,6.081516801663198e-09,1.4574933333333346,0.044850638048150614,54612.5,46.59333333333333,33.86333333333332,0.002607999999999999,0.03260000000000005,0.02668741855646195,2,12.538666666666668,76
18.564,0.7791995893222906,0.08,6.081516801663198e-09,1.485120000000001,0.06233596714572455,54612.5,44.28666666666666,37.59666666666666,0.006000000000000005,0.075,0.02719327638770636,2,12.794666666666668,76
19.089333333333332,0.24658737464306651,0.08,6.081516801663198e-09,1.527146666666668,0.01972698997125831,54612.5,42.346666666666664,40.54999999999999,0.0018400000000000083,0.02300000000000004,0.027962805289290526,2,12.845333333333334,76
18.026666666666664,2.0845808531533034,0.08666666666666696,0.01154700538379408,1.5462666666666678,0.013960477546491781,42792.23333333333,41.306666666666665,42.563333333333325,0.0013319999999999999,-0.17860000000000004,0.03613343854207483,2,13.016666666666667,76
18.06533333333333,2.117815226438169,0.0900000000000003,0.010000000000001787,1.6137200000000014,0.1078780719145122,42792.23333333333,40.9,43.57666666666666,0.00981399999999999,0.0019999999999999575,0.03770970020961262,2,14.481,76
17.528,1.847328882467877,0.09333333333333364,0.0057735026918993215,1.6295866666666676,0.09461714291462196,37931.96666666666,40.79333333333333,43.919999999999995,0.0013519999999999865,0.10179999999999997,0.042959641964904795,2,13.241999999999997,76
18.103999999999996,1.0540056925842556,0.09,5.972457741564447e-09,1.629360000000001,0.09486051233254371,41878.899999999994,39.699999999999996,45.65333333333333,-0.008820000000000005,-0.09800000000000005,0.038905537023727406,2,13.010999999999997,76
17.991999999999997,0.8625636208419739,0.09,5.972457741564447e-09,1.619280000000001,0.07763072587572988,41878.899999999994,40.51,44.60333333333333,0.005922000000000016,0.06580000000000012,0.03866484876993501,2,14.229,76
18.355999999999998,0.8801090841481041,0.09,5.972457741564447e-09,1.6520400000000013,0.07920981757328235,46739.166666666664,41.556666666666665,42.279999999999994,0.006300000000000005,0.0700000000000001,0.035345188471015324,2,14.060999999999998,76
18.817333333333334,0.1341839533377371,0.09,5.972457741564447e-09,1.6935600000000008,0.012076555800086314,54612.5,43.129999999999995,38.79999999999999,-0.0010800000000000143,-0.012000000000000099,0.03100991513087425,2,14.048999999999998,76
18.726666666666663,0.024440403706649856,0.08666666666666696,0.0057735026918993735,1.6230666666666675,0.11004531672600164,54612.5,42.47333333333333,38.743333333333325,-0.009565999999999996,-0.002400000000000091,0.029719147585609194,2,12.466666666666667,76
18.366666666666664,0.6052745933321052,0.08666666666666696,0.0057735026918993735,1.590666666666668,0.09494118038725906,45550.833333333336,40.86333333333334,42.04666666666666,-0.004787999999999992,-0.053200000000000004,0.034919926384228986,2,13.251,76
17.56533333333333,1.189328101632745,0.0900000000000003,0.010000000000001785,1.5729733333333344,0.06999332920590444,33993.06666666666,38.696666666666665,45.38666666666666,0.0068400000000000015,-0.1186,0.04627199648566127,2,13.606666666666667,76
14.014666666666663,5.210540598952607,0.0900000000000003,0.010000000000001785,1.2889200000000012,0.5590631005530531,19376.966666666664,36.986666666666665,48.596666666666664,-0.047314,-0.481,0.06651471860652741,2,5.365333333333333,76
10.523999999999997,5.044431385200922,0.08333333333333363,0.015275252316520655,0.926786666666668,0.6154262943142149,13245.866666666663,35.19333333333333,52.24333333333332,-0.056454000000000004,-0.4566,0.06996270816243351,2,4.197666666666667,76
7.210666666666664,0.8300971830656201,0.07333333333333363,0.005773502691899486,0.5315733333333346,0.10125518126657537,9448.63333333333,33.696666666666665,56.51999999999999,-0.009833999999999996,-0.083,0.05625332905333203,2,3.7263333333333337,76
8.60533333333333,3.1666621754354307,0.08333333333333363,0.023094010767585813,0.765466666666668,0.5031363240050619,10508.63333333333,32.74,59.423333333333325,0.04208999999999999,0.25179999999999997,0.07283476429561465,2,11.212666666666665,76
8.631999999999996,3.1491484563291263,0.08666666666666696,0.020816659994662187,0.7915866666666679,0.48444035229667504,10626.666666666662,32.46333333333333,61.306666666666665,0.006745999999999999,0.044399999999999995,0.07448358059153797,2,4.850666666666667,76
8.751999999999997,3.0253092403918176,0.08666666666666696,0.020816659994662187,0.7999866666666678,0.4756202087099818,10747.499999999995,32.42666666666666,61.81999999999999,-0.04365799999999999,-0.27419999999999994,0.07442774960847265,2,3.936333333333334,76
8.001333333333331,1.7337927596265532,0.08000000000000031,0.010000000000001818,0.6508800000000012,0.22109953957435893,9966.933333333329,32.53666666666666,62.526666666666664,0.015805999999999997,0.13520000000000004,0.06529738695416652,2,7.485,76
7.522666666666665,2.176001225489881,0.07666666666666697,0.011547005383794101,0.5931200000000013,0.26611148641122867,9531.099999999995,32.61666666666667,62.04666666666666,-0.0031780000000000003,-0.04540000000000002,0.06222343450026769,2,3.4066666666666667,76
7.265333333333331,2.3519535142798778,0.07666666666666697,0.011547005383794101,0.5751066666666679,0.2798475194339355,9035.833333333328,32.54,62.56999999999999,-0.023993999999999998,-0.20020000000000002,0.06364028697368194,2,3.486,76
5.343999999999998,0.9792405220374341,0.06333333333333363,0.011547005383794174,0.3459733333333346,0.11716027540650047,7186.6666666666615,32.18333333333333,63.103333333333325,-0.009900000000000003,-0.08119999999999998,0.0481343041320783,2,1.7566666666666668,76
4.674666666666664,1.143225845287573,0.05333333333333363,0.015275252316520762,0.2608000000000012,0.1394150293189144,6168.633333333329,31.576666666666664,64.83666666666666,-0.013252000000000003,-0.1072,0.042271555846106694,2,1.2773333333333332,76
3.929333333333331,0.2524863032591916,0.04333333333333363,0.005773502691899789,0.17122666666666786,0.0343208702297473,5242.233333333329,31.05666666666666,66.13666666666666,-0.0030600000000000002,-0.023799999999999998,0.03265669402467968,2,1.2466666666666668,76
3.989333333333331,0.355175074200727,0.04333333333333363,0.005773502691899789,0.17422666666666786,0.039510531929185064,5216.399999999995,30.666666666666668,66.77333333333333,0.003326,0.028200000000000003,0.033393388788796725,2,1.8316666666666666,76
4.438666666666664,0.7209475246739449,0.050000000000000294,0.010000000000001993,0.22673333333333448,0.08082334646206574,5645.8333333333285,30.789999999999996,67.09333333333332,0.008059999999999998,0.07199999999999998,0.04015229774800059,2,2.5899999999999994,76
4.538666666666664,0.5832369444175223,0.05333333333333363,0.005773502691899673,0.2442000000000012,0.05835991775177352,5717.233333333327,30.986666666666665,67.45333333333333,-0.0008899999999999991,-0.017799999999999993,0.04270549761872865,2,1.6833333333333336,76
4.189333333333331,0.9250845006449364,0.04666666666666697,0.015275252316520787,0.20441333333333447,0.10520076298833167,4868.3333333333285,31.026666666666667,67.54666666666667,-0.010518,-0.09159999999999999,0.04197973713033981,2,0.8369999999999999,76
3.5733333333333306,0.4042243601435936,0.036666666666666965,0.011547005383794318,0.13413333333333452,0.05877474741185358,3843.3333333333285,30.646666666666665,68.71333333333332,-0.005102000000000001,-0.03540000000000001,0.03489118182606469,2,0.8329999999999999,76
3.334666666666664,0.012220201860023726,0.03,6.513018501316833e-09,0.10004000000000117,0.00036660604724864223,3389.6999999999953,30.293333333333333,69.61999999999999,-3.599999999999992e-05,-0.001200000000000001,0.02950423216445021,2,0.831,76
3.3079999999999976,0.03487119155071433,0.026666666666666963,0.005773502691899966,0.08834666666666785,0.019907398959362357,2946.666666666662,29.973333333333333,70.69666666666666,-0.0017299999999999996,-0.0032000000000000028,0.02997172905122741,2,0.5446666666666666,76
3.2839999999999976,0.03487119155071708,0.023333333333333633,0.005773502691900001,0.07676000000000117,0.01988410420395893,2425.8333333333285,29.69666666666667,71.27333333333333,-0.0017259999999999997,-0.0032000000000000028,0.03162969576265422,2,0.5433333333333332,76
3.255999999999998,0.01442220510764618,0.016666666666666965,0.005773502691900069,0.05432000000000118,0.01898344541946785,1581.1333333333284,29.313333333333333,71.90666666666665,-0.0016479999999999997,-0.001399999999999979,0.034333389516265814,2,0.2700000000000001,76
2.9026666666666645,0.6016820865984815,0.010000000000000295,0.010000000000002238,0.03253333333333452,0.03260020449824304,898.8999999999951,28.603333333333335,77.88999999999999,-0.00326,-0.05259999999999998,0.036152165055378035,2,0.0,76
5.125333333333331,4.19111695533941,0.2400000000000003,0.40706264874095244,2.360426666666668,4.060352008648182,18543.899999999994,33.85666666666666,72.53333333333332,0.350824,0.33440000000000003,0.12728171446956676,2,58.74066666666668,76
7.1759999999999975,4.310753066460679,0.4133333333333336,0.36909799963334033,4.008880000000001,3.6229440589664077,36426.666666666664,39.13333333333333,67.67333333333333,0.248888,0.35919999999999996,0.11005041955290398,2,41.48133333333333,76
9.825333333333331,0.39221082765963955,0.6800000000000003,0.13747727084867498,6.717146666666668,1.5995313200226247,54612.5,45.03,56.953333333333326,0.053796,0.011399999999999988,0.12299425355757586,2,67.70666666666668,76
9.839999999999998,0.3987380092242597,0.6933333333333337,0.1436430761761014,6.860520000000001,1.6621833001206534,54612.5,45.21333333333333,56.34666666666666,0.12506199999999995,0.029000000000000005,0.125619489686616,2,62.324999999999996,76
9.906666666666665,0.28762011983423186,0.7200000000000003,0.09848857801796074,7.15164,1.1716563543974767,54612.5,45.47,56.44666666666666,-0.11368400000000004,-0.028200000000000003,0.13095003982531794,2,48.75933333333333,76
9.598666666666665,0.3700450423035825,0.6133333333333336,0.13503086067019368,5.920493333333334,1.5250038973502054,54612.5,45.19,57.36333333333332,-0.15238199999999996,-0.03700000000000001,0.10840713987078898,2,36.928,76
9.431999999999997,0.18330302779858224,0.5500000000000003,0.06557438524301937,5.1956000000000016,0.7160968113320859,54612.5,45.153333333333336,58.06666666666666,-0.027339999999999965,-0.0060000000000000496,0.09513398701786192,2,44.20266666666667,76
9.266666666666664,0.19038207198542162,0.4900000000000004,0.0655743852430193,4.548986666666668,0.7039297798312787,54612.5,44.74,58.51666666666666,-0.026003999999999982,-0.0067999999999999615,0.0832941794000873,2,32.594,76
9.282666666666664,0.18801418386244717,0.496666666666667,0.0650640709864764,4.6185333333333345,0.6967680559076403,54612.5,44.86666666666667,58.69,-0.033216000000000044,-0.009600000000000008,0.08456761301387633,2,38.666666666666664,76
9.154666666666664,0.10861552989081857,0.4533333333333336,0.04041451884327247,4.153040000000002,0.4217232381550463,54612.5,44.92666666666667,58.33333333333332,-0.0001720000000000166,-0.00040000000000004474,0.07604420152526394,2,32.56533333333333,76
8.926666666666664,0.45593566797681534,0.3833333333333337,0.14571661996262886,3.4661600000000017,1.4461822911375921,45831.1,45.25,70.14999999999999,-0.13946799999999998,-0.043399999999999925,0.07562734415398818,2,15.422000000000002,76
8.695999999999998,0.3507021528307654,0.3033333333333336,0.1115048578911842,2.663786666666668,1.0942021643797397,39009.166666666664,45.35999999999999,82.20333333333332,-0.083748,-0.025,0.06828442158240805,2,18.60733333333333,76
8.411999999999997,0.1760000000003851,0.21666666666666698,0.045092497528227006,1.827880000000001,0.4168462757419941,28262.766666666663,45.24666666666666,94.75,-0.022526,-0.008800000000000007,0.06467220103949348,2,11.667666666666669,76
8.39333333333333,0.17894505674499359,0.21333333333333368,0.04509249752822699,1.7959200000000013,0.41790299544268705,27834.43333333333,44.9,94.81,-0.023905999999999993,-0.011599999999999966,0.06451920394030156,2,14.623,76
8.474666666666664,0.31522267261963993,0.24000000000000032,0.08888194417315495,2.052586666666668,0.8418642687115931,29508.599999999995,44.73999999999999,93.03666666666668,0.08013800000000001,0.029800000000000004,0.06955657367997764,2,25.024000000000008,76
8.606666666666664,0.23900906537926067,0.276666666666667,0.06506407098647593,2.3915333333333346,0.6244483726724787,33801.93333333333,44.623333333333335,93.61666666666667,0.03311000000000001,0.01379999999999999,0.07074928408579932,2,20.141333333333332,76
8.751999999999997,0.1058300524432137,0.31666666666666704,0.03214550253664099,2.7737333333333347,0.31311656956045575,39040.0,44.76,89.67333333333333,-0.005076000000000036,-0.002000000000000046,0.07104667742458787,2,24.178,76
8.623999999999997,0.17213947833118953,0.2800000000000003,0.04999999999999846,2.4204533333333345,0.4791695505072357,35777.76666666666,44.72666666666667,91.00999999999999,-0.023695999999999995,-0.009199999999999963,0.06765055251578454,2,16.192,76
8.563999999999998,0.19746392075550073,0.26333333333333364,0.0577350269189612,2.2627866666666683,0.553020920158818,33641.1,44.50999999999999,91.42333333333333,-0.04786999999999999,-0.016999999999999994,0.06726056538285863,2,16.19966666666667,76
8.421333333333331,0.04969238707759721,0.22333333333333363,0.011547005383792521,1.8811466666666679,0.1080001209874534,28152.766666666663,44.5,95.68333333333334,-0.009330000000000005,-0.0041999999999999815,0.06681687352669216,2,14.637,76
8.379999999999997,0.06548282217602658,0.21000000000000033,0.019999999999999987,1.7606533333333347,0.18123673505474588,26426.366666666658,44.699999999999996,95.79666666666667,-0.018120000000000004,-0.0064000000000000055,0.06662235233425963,2,13.179666666666668,76
8.325333333333331,0.03801753981350409,0.19333333333333366,0.015275252316519432,1.6099466666666677,0.1345646392381877,24538.33333333333,45.16,95.77666666666666,-0.013229999999999997,-0.0038000000000000256,0.06560678095031112,2,12.432,76
8.295999999999998,0.024979991996364918,0.18333333333333365,0.005773502691896171,1.5210266666666679,0.052434528064085,23454.43333333333,45.02,95.84999999999998,-0.0045940000000000095,-0.002400000000000002,0.0648475193380923,2,12.413999999999998,76
8.25733333333333,0.043143172501247024,0.17666666666666697,0.005773502691896247,1.4589600000000011,0.055089803048929006,22572.499999999996,44.71666666666667,95.70999999999998,-0.004823999999999995,-0.0040000000000000036,0.06463153697920133,2,11.628,76
8.231999999999998,0.03815756805850469,0.17000000000000035,0.009999999999999983,1.3996533333333343,0.08795862057412548,21679.699999999997,44.49333333333333,94.65333333333332,-0.008787999999999995,-0.0032000000000000028,0.06455757117313253,2,10.949333333333334,76
8.182666666666664,0.04738494838525726,0.15666666666666698,0.01527525231651943,1.282400000000001,0.13158256419438477,20148.86666666666,44.92666666666667,94.74333333333334,-0.012872000000000005,-0.0040000000000000036,0.06364310102961813,2,9.482666666666667,76
8.123999999999997,0.09006664199436404,0.14000000000000032,0.019999999999999945,1.1385600000000011,0.17504087751142333,18232.199999999993,45.31999999999999,94.87,-0.017504000000000002,-0.008999999999999985,0.0624443323168726,2,8.031999999999998,76
8.038666666666664,0.08619358058159132,0.12333333333333364,0.01527525231651937,0.9923066666666678,0.13367298804658378,16081.366666666663,45.19,95.74,-0.013138,-0.008599999999999986,0.06170153232007734,2,7.293000000000001,76
7.977333333333331,0.047721413783291304,0.11333333333333366,0.005773502691895939,0.9042800000000012,0.051584695404437705,14465.266666666663,44.96666666666666,95.33999999999999,-0.004499999999999999,-0.004400000000000004,0.06250956247638194,2,7.282,76
7.88133333333333,0.11908540352821316,0.10333333333333365,0.011547005383792518,0.8153200000000012,0.10250489159044286,12860.833333333328,44.69666666666666,96.02666666666666,-0.008910000000000006,-0.010600000000000031,0.06339065192883349,2,5.807999999999999,76
7.075999999999998,1.3339685153706418,0.08666666666666699,0.02516611478423584,0.6344000000000011,0.27608809028997977,10882.233333333328,43.43666666666667,96.04,-0.027071999999999995,-0.1202,0.05829150038132063,2,2.77,76
5.842666666666664,1.7695212158472424,0.06666666666666698,0.020816659994661344,0.41385333333333446,0.25243622666586674,8512.233333333328,40.18,96.44666666666666,-0.024237999999999996,-0.175,0.04861294376989567,2,1.7683333333333333,76
4.418666666666664,1.0450059010998562,0.04666666666666699,0.015275252316519519,0.21625333333333452,0.1141739748511035,6298.899999999995,34.93,96.30666666666666,-0.011412,-0.1034,0.03432647079054186,2,0.8679999999999999,76
3.6799999999999975,0.4940121455998821,0.03666666666666698,0.011547005383792606,0.13869333333333453,0.06369733851033525,4936.966666666662,30.353333333333328,95.81,-0.0056240000000000005,-0.046,0.02808713438054827,2,0.831,76
3.3586666666666645,0.10058495580123816,0.03,0.0,0.10076000000000118,0.0030175486685082705,3948.633333333328,27.30666666666666,95.27,-0.00028800000000000006,-0.009600000000000008,0.02551122889044586,2,0.8199999999999998,76
3.2906666666666644,0.029484459186797936,0.02666666666666698,0.005773502691896256,0.08782666666666784,0.0194678949375663,3509.4666666666617,25.97333333333333,95.05999999999999,-0.0017179999999999995,-0.0028000000000000026,0.025018516056744964,2,0.5446666666666666,76
3.2679999999999976,0.012000000008538722,0.02333333333333365,0.0057735026918962545,0.0762933333333345,0.019145311000349233,3035.299999999995,24.569999999999997,95.17,-0.0016639999999999995,-0.001200000000000001,0.025127073521501377,2,0.5426666666666666,76
3.2586666666666644,0.008326664010177766,0.02,0.0,0.06517333333333451,0.0001665331800826132,2660.0333333333283,23.64333333333333,94.46666666666665,-1.6000000000000043e-05,-0.0008000000000000007,0.02449173879821171,2,0.542,76
3.254666666666664,0.0023094011211664003,0.02,0.0,0.06509333333333452,4.618766142865028e-05,2371.133333333328,22.66666666666666,93.79,0.0,0.0,0.027440840874600074,2,0.5426666666666666,76
3.2533333333333303,0.0023094011211704066,0.016666666666666982,0.005773502691896258,0.054226666666667846,0.018798567320411522,2010.5666666666618,21.793333333333333,93.38999999999999,-0.001626,0.0,0.02695742953253748,2,0.271,76
3.2426666666666644,0.019731531454466426,0.013333333333333648,0.005773502691896257,0.043280000000001186,0.018914671553233123,1565.5666666666618,20.076666666666664,94.18333333333334,-0.001646,-0.0017999999999999794,0.027627295359279096,2,0.2683333333333333,76
3.003999999999998,0.40215419928207696,0.006666666666666981,0.005773502691896258,0.021573333333334516,0.01868373981032629,847.7999999999952,21.936666666666664,93.53666666666668,-0.001626,-0.035599999999999986,0.025416273955389534,2,0.0,76
4.886666666666664,3.4922390143478887,0.11333333333333366,0.18770544300401448,0.9897333333333346,1.6864592533866043,14786.966666666662,25.576666666666664,88.39999999999999,0.14524,0.284,0.06692829079499334,2,24.475,76
6.857333333333332,3.7407193604083,0.24000000000000032,0.21,2.1661600000000014,1.901757260220129,30985.566666666662,30.73,80.00333333333333,0.178074,0.3296,0.06990642181504464,2,29.679,76
9.07733333333333,0.15729378033936803,0.3833333333333337,0.05033222956847172,3.484826666666668,0.5138064325534545,49184.166666666664,33.57,69.86333333333333,0.05094999999999996,0.014999999999999947,0.07085117125420608,2,32.96666666666666,76
9.014666666666665,0.26431294583022263,0.3700000000000003,0.07211102550927982,3.3479866666666673,0.7382861302593374,47913.899999999994,35.35999999999999,62.16,-0.051750000000000004,-0.020999999999999998,0.06987360229629339,2,21.054,76
8.569333333333331,0.7127898240950526,0.2700000000000003,0.17088007490635057,2.394706666666668,1.6311768484543006,35357.23333333333,39.36666666666667,70.75333333333333,-0.16271799999999997,-0.07019999999999996,0.06772698862216914,2,5.847,76
8.235999999999999,0.45905990894449555,0.17666666666666697,0.10263202878893747,1.486040000000001,0.9389768993963424,23562.799999999992,42.373333333333335,82.38666666666667,-0.064824,-0.025600000000000022,0.06306453118766928,2,10.249999999999998,76
8.109333333333332,0.27926570382605986,0.14000000000000032,0.04582575694955785,1.1438000000000013,0.4059824055300527,17577.799999999996,44.99666666666667,95.36666666666667,0.039906,0.026800000000000025,0.06506701253782973,2,12.498,76
8.006666666666666,0.4540014684265531,0.136666666666667,0.05131601439446835,1.109600000000001,0.46227291679263244,16815.299999999996,44.60333333333333,95.06333333333333,-0.031547999999999986,-0.035599999999999944,0.06598359924596975,2,4.992,76
7.990666666666666,0.44452821432780487,0.13666666666666696,0.05131601439446835,1.1072000000000013,0.46135306393256786,16056.666666666662,44.73666666666666,94.82333333333334,-0.013848000000000004,-0.009000000000000074,0.06895148734768448,2,10.19,76
7.989333333333332,0.44299586153085724,0.13666666666666696,0.05131601439446835,1.106960000000001,0.46104682972553673,16241.666666666662,44.79,95.43333333333334,0.045,0.04199999999999995,0.06815137087506164,2,12.491999999999999,76
8.246666666666664,0.08875434261748652,0.16333333333333364,0.015275252316517992,1.3478133333333344,0.139973170762479,19751.399999999994,44.879999999999995,95.65666666666668,0.00494,0.005400000000000027,0.06823542118088612,2,11.013333333333332,76
8.342666666666664,0.09089187715885294,0.18333333333333365,0.025166114784234986,1.5310133333333342,0.2270944308724952,22985.866666666658,44.68666666666667,90.2,0.013667999999999991,0.005600000000000005,0.06660382885299727,2,14.769999999999998,76
8.379999999999997,0.10392304845473836,0.19333333333333366,0.028867513459480566,1.6221333333333343,0.2602695013506244,24766.399999999994,39.18666666666667,89.76,0.022539999999999994,0.008999999999999985,0.06549469598477574,2,14.769999999999998,76
8.424,0.02771281292335884,0.20666666666666697,0.005773502691896247,1.7410666666666677,0.054270925303824775,26660.566666666662,39.083333333333336,82.01333333333334,-0.004699999999999993,-0.002400000000000002,0.06530248910104063,2,13.986666666666666,76
8.435999999999998,0.042142615012893396,0.21000000000000033,0.009999999999999986,1.7718400000000012,0.09316126233580142,27669.999999999996,39.29666666666667,83.67666666666668,0.00461600000000002,0.0018000000000000683,0.06403238047052877,2,15.539333333333335,76
8.498666666666665,0.11962162569308811,0.22666666666666702,0.030550504633038923,1.928800000000001,0.28784030016660267,29878.33333333333,39.54333333333333,80.63666666666667,0.028244000000000002,0.011800000000000033,0.06455297976304697,2,18.694,76
8.725333333333333,0.30969232043021844,0.2900000000000003,0.08888194417315587,2.5486933333333344,0.8774915387246379,38188.33333333333,35.193333333333335,82.40333333333332,0.08366799999999999,0.029799999999999917,0.06673835626003775,2,29.483999999999998,76
8.847999999999999,0.2220270253823124,0.326666666666667,0.06506407098647705,2.8999600000000014,0.6475995021616365,42519.99999999999,31.653333333333325,75.82666666666667,0.033762,0.010799999999999966,0.06820065379459565,2,24.321,76
9.274666666666665,0.5602047244833299,0.46000000000000035,0.17578395831246937,4.331960000000001,1.936532941935148,49358.899999999994,34.419999999999995,65.24666666666667,0.15006,0.04180000000000002,0.08776273857929215,2,54.494,76
9.358666666666664,0.5328464444222575,0.48333333333333367,0.16623276853055566,4.582280000000001,1.8281050346191818,50635.0,37.019999999999996,55.85,0.068526,0.02400000000000002,0.0904945098349001,2,35.742000000000004,76
9.406666666666665,0.4655376819693988,0.496666666666667,0.14843629385474866,4.717960000000001,1.6492356818841871,53081.399999999994,38.54666666666666,51.22666666666667,-0.160686,-0.046,0.088879930070984,2,27.712999999999997,76
9.365333333333332,0.39960647308751407,0.486666666666667,0.1320353488022556,4.592840000000002,1.4433615979372596,53081.399999999994,41.309999999999995,66.67666666666666,0.09374400000000001,0.02300000000000004,0.08652283996202136,2,51.366,76
9.2,0.5120468728545389,0.44666666666666704,0.159478316185409,4.163666666666668,1.7398306034017603,50191.133333333324,41.916666666666664,65.79666666666667,-0.016201999999999984,-0.008000000000000007,0.08295456658546761,2,25.012666666666668,76
9.081333333333331,0.6163678555322691,0.4133333333333337,0.19087517736293863,3.832026666666668,2.0471479873554164,45544.73333333333,42.53666666666667,64.45333333333333,-0.191664,-0.057600000000000054,0.08413579903569456,2,19.422000000000004,76
8.682666666666664,0.12777062781976273,0.2900000000000004,0.043588989435406136,2.5216800000000013,0.4184185387862237,43019.166666666664,40.46666666666667,48.300000000000004,-0.03843200000000002,-0.01200000000000001,0.05861623037257724,2,18.60733333333333,76
8.472,0.24003333101910534,0.23000000000000034,0.06082762530298171,1.9582933333333346,0.5623889292414384,34705.26666666666,39.29333333333333,50.38999999999999,-0.05096400000000001,-0.021799999999999996,0.056424776313211494,2,10.928,76
8.269333333333332,0.28906285360361506,0.1833333333333337,0.06806859285554,1.529120000000001,0.6240567102435466,28385.266666666663,37.11,55.52333333333333,-0.059488,-0.028200000000000003,0.0538683025124826,2,8.692666666666666,76
8.011999999999999,0.19028399827662107,0.13000000000000037,0.029999999999998885,1.0453600000000012,0.2648871034988262,16839.999999999996,38.98,69.85000000000001,-0.026488,-0.018999999999999996,0.06207232349622952,2,6.513333333333334,76
7.905333333333331,0.10705761688676313,0.11000000000000038,0.017320508075686795,0.8707733333333345,0.1492867379686859,13953.333333333328,41.736666666666665,84.25333333333333,-0.012775999999999987,-0.00739999999999994,0.06240164345603527,2,6.5633333333333335,76
7.909333333333332,0.11372481406216005,0.11000000000000038,0.017320508075688773,0.8712933333333345,0.15018722360217973,13891.099999999997,41.059999999999995,87.49333333333334,0.013153999999999999,0.010999999999999987,0.06271861945518206,2,8.705666666666668,76
7.962666666666666,0.08082903768740271,0.11333333333333372,0.015275252316519472,0.9032133333333346,0.1304753912940335,14422.766666666663,40.973333333333336,76.64,0.004487999999999997,0.004999999999999982,0.0626197964932878,2,7.311333333333334,76
7.950666666666666,0.10042576030815925,0.11333333333333372,0.015275252316519472,0.9020133333333346,0.132077082543987,14471.366666666661,40.51333333333333,76.46333333333332,-0.013034,-0.009799999999999986,0.06232659482093472,2,6.533333333333334,76
7.909333333333332,0.06803920438594795,0.10666666666666703,0.005773502691896247,0.8438933333333346,0.051988449999313555,13234.699999999995,39.85666666666666,81.69333333333333,-0.0003520000000000023,-0.0032000000000000028,0.06375887435748279,2,7.252666666666667,76
7.902666666666666,0.058560510017186325,0.11000000000000038,0.009999999999999997,0.8696800000000012,0.08536179941869665,13444.133333333326,35.47666666666667,85.61333333333333,0.008535999999999998,0.005800000000000027,0.06468362778105598,2,7.956,76
7.962666666666666,0.05430776494638369,0.11666666666666703,0.005773502691896282,0.9291466666666678,0.05108990245959722,14201.366666666661,47.406666666666666,83.13333333333333,0.004603999999999997,0.005399999999999983,0.06542196018973374,2,8.02,76
7.333333333333332,1.1343673714161056,0.10333333333333371,0.02886751345948128,0.7796000000000012,0.3099915973054716,12420.266666666663,47.55666666666667,83.63999999999999,-0.026652,-0.09660000000000002,0.06276332526473426,2,3.5140000000000002,76
6.517333333333333,1.3266760468680743,0.0833333333333337,0.03214550253664318,0.5715200000000011,0.3415695255727558,10072.233333333328,49.74333333333334,91.15333333333335,-0.031596,-0.1256,0.056736499700526626,2,2.754,76
5.303999999999999,0.8407710746690767,0.060000000000000366,0.009999999999999993,0.3237200000000012,0.10150895921049191,7267.799999999996,34.60333333333333,93.07333333333334,-0.010134000000000002,-0.08220000000000001,0.04453554919656633,2,1.825,76
4.961333333333332,0.5647984891388568,0.05666666666666703,0.005773502691896242,0.28308000000000116,0.05758137198779886,6953.066666666662,34.18666666666667,89.41000000000001,-0.0015359999999999985,-0.025599999999999977,0.04070711621976608,2,2.498,76
4.581333333333333,0.35916198759549156,0.053333333333333705,0.005773502691896246,0.2457200000000012,0.04680097434880215,6578.599999999995,32.96666666666666,88.71999999999998,-2.9999999999998083e-05,-0.0005999999999999784,0.03734573530305814,2,1.8200000000000005,76
4.612,0.3365947117828946,0.053333333333333705,0.005773502691896246,0.24725333333333455,0.04554637782887429,6668.033333333328,31.30666666666666,85.73333333333335,-0.003808,-0.0262,0.03707483843235672,2,1.8633333333333335,76
4.076,0.5980902941866079,0.0433333333333337,0.011547005383792518,0.18121333333333453,0.06896155837370935,5794.1666666666615,30.78,92.12333333333333,-0.005838000000000002,-0.04900000000000002,0.031269736274481846,2,0.847,76
3.7119999999999997,0.6605573404332375,0.036666666666667035,0.011547005383792518,0.1411733333333345,0.07140335379609623,4710.8333333333285,27.689999999999998,92.07666666666667,-0.0062660000000000025,-0.059800000000000034,0.029961444589862683,2,0.819,76
3.3079999999999994,0.06974238309838332,0.026666666666667036,0.005773502691896256,0.08837333333333451,0.020138891065062267,3451.9333333333284,25.816666666666666,95.11333333333334,-0.001822,-0.0064000000000000055,0.025593698111750773,2,0.5433333333333332,76
3.2639999999999993,0.010583005255727628,0.023333333333333706,0.0057735026918962545,0.07620000000000117,0.019121882752414877,2723.0333333333288,23.713333333333335,96.19666666666667,-0.0016579999999999998,-0.0010000000000000009,0.027973225976187746,2,0.5426666666666666,76
3.255999999999999,0.004000000030370116,0.016666666666667038,0.005773502691896258,0.05428000000000118,0.018844755238449872,2272.1999999999953,22.436666666666667,98.17999999999999,-0.0016339999999999996,-0.00040000000000000034,0.023878233327468457,2,0.271,76
3.2493333333333325,0.008326664012463816,0.013333333333333704,0.005773502691896257,0.043346666666667845,0.01885635525042972,1719.9999999999952,21.0,97.7,-0.0016359999999999997,-0.0007999999999999785,0.025186906837110962,2,0.2700000000000001,76
3.2026666666666657,0.07529497548693183,0.006666666666667037,0.005773502691896258,0.021640000000001186,0.018740885784750354,1207.7666666666619,19.643333333333334,96.10000000000001,-0.001626,-0.006799999999999984,0.01790254529410248,2,0.0,76
2.981333333333333,0.3462330621612897,0.0033333333333337035,0.005773502691896257,0.010800000000001185,0.018706148721665004,661.9333333333285,18.66,96.10000000000001,-0.0016200000000000003,-0.032600000000000004,0.01629123089300271,2,0.0,76
2.6959999999999997,0.3777618297290734,0.0,0.0,0.0,0.0,296.09999999999513,18.223333333333333,96.58666666666666,0.0,-0.03660000000000001,0.0,2,0.0,76
4.494666666666666,3.480607609790788,0.06666666666666704,0.11547005383792516,0.5674666666666679,0.9828810982684191,8839.166666666662,27.03,87.58666666666666,0.08512,0.2962,0.06419185158650872,2,14.186666666666667,76
6.610666666666666,3.6665347855070842,0.17666666666666705,0.16623276853055577,1.5504266666666677,1.480302413067456,22641.399999999994,35.800000000000004,82.53666666666668,0.147444,0.3276,0.06847448444805622,2,24.573999999999998,76
8.926666666666666,0.4100796670567934,0.33000000000000035,0.13,2.981333333333334,1.2954649125828663,40676.93333333333,41.166666666666664,71.61333333333333,0.12951600000000002,0.041000000000000016,0.07329117015122044,2,35.772666666666666,76
9.270666666666667,0.30860546549502477,0.44333333333333375,0.10598742063723098,4.131786666666668,1.1112149238258706,50141.1,39.199999999999996,65.64333333333333,0.11024400000000005,0.030400000000000028,0.08240154813353784,2,42.94800000000001,76
9.001333333333333,0.763720716841836,0.3833333333333337,0.20599352740640503,3.5552266666666683,2.0683599568095823,42471.666666666664,36.68666666666667,54.15,-0.153676,-0.06020000000000003,0.08370622674975282,2,10.16,76
7.865333333333332,1.8242382885285122,0.2533333333333337,0.25146238950056393,2.2625466666666685,2.5359710194979237,27035.299999999992,38.19333333333333,65.88333333333334,-0.23695400000000005,-0.181,0.08368551416675614,2,3.455666666666667,76
7.359999999999999,1.2446172102297615,0.11333333333333369,0.040414518843273683,0.8657466666666679,0.41104668802136657,13940.866666666663,40.57666666666667,80.23,-0.012792000000000003,-0.004999999999999982,0.06209689759381825,2,8.028,76
7.514666666666667,1.406125646353641,0.15000000000000036,0.098488578017961,1.203986666666668,0.9331851043246108,18859.199999999997,42.98666666666667,94.81,0.09096200000000002,0.13340000000000002,0.06383742837651075,2,18.616000000000003,76
8.38,0.3069592806873414,0.206666666666667,0.0757187779440036,1.7473600000000014,0.6855170264843908,26797.8,40.45666666666667,92.02333333333333,0.054071999999999995,0.024599999999999955,0.06520291953371052,2,17.04,76
8.654666666666666,0.1746463092464803,0.276666666666667,0.047258156262526003,2.3999600000000014,0.4611709808736893,35850.0,36.14666666666667,84.46333333333334,0.034362000000000004,0.012999999999999989,0.06694262363671868,2,24.343000000000004,76
8.944,0.47670535973500233,0.3566666666666671,0.13203534880225568,3.231986666666668,1.3693190543234743,42931.1,33.6,74.07666666666667,0.13426000000000002,0.04700000000000006,0.07528135513209622,2,39.41666666666667,76
9.244,0.3400705809094197,0.44333333333333363,0.09814954576223629,4.120386666666668,1.0386089006615205,50570.26666666666,36.29666666666667,60.14000000000001,0.08944199999999998,0.02839999999999998,0.08147683335332717,2,39.25,76
9.228,0.3677390379060545,0.44333333333333363,0.09814954576223638,4.1151066666666685,1.0477537087184814,50589.43333333333,38.56,52.82,-0.09123400000000001,-0.03280000000000003,0.0813415975220612,2,24.211000000000002,75
9.141333333333332,0.31216235092241,0.4300000000000003,0.08888194417315588,3.9491066666666677,0.9350074620736096,50589.43333333333,39.669999999999995,46.76,-0.023899999999999987,-0.011000000000000032,0.07806034474238545,2,35.266666666666666,75
9.290666666666667,0.537763268858522,0.48333333333333367,0.16623276853055577,4.550066666666669,1.8246909578702177,50589.43333333333,40.21,47.79,0.18037800000000004,0.053200000000000004,0.08993927046813205,2,54.27400000000001,75
9.543999999999999,0.33444880026704343,0.5700000000000003,0.10148891565092212,5.462546666666668,1.1510695147267735,54612.5,40.76333333333333,46.123333333333335,0.07053799999999999,0.01820000000000004,0.10002191155422503,2,47.022999999999996,75
9.497333333333334,0.40810456176499443,0.556666666666667,0.1234233905438241,5.320280000000001,1.3823450214761863,54612.5,41.443333333333335,45.75666666666666,-0.13538400000000003,-0.04039999999999999,0.09741693903522027,2,31.71,75
9.176,0.3449521705977077,0.46333333333333365,0.11150485789118494,4.277160000000001,1.2012913991201313,52803.06666666666,41.91,41.99333333333333,-0.112962,-0.03300000000000001,0.08100057950082132,2,28.195999999999998,75
8.828,0.2779064590830442,0.35000000000000037,0.08888194417315617,3.106240000000001,0.8713420159730678,45998.899999999994,41.43,42.82,-0.08376000000000001,-0.027000000000000045,0.06752710331978987,2,17.75,75
8.774666666666667,0.2205568709730206,0.33000000000000035,0.07000000000000041,2.905840000000001,0.6778662381325766,43487.799999999996,40.403333333333336,43.596666666666664,-0.008975999999999984,-0.00019999999999997797,0.06681812328691529,2,26.700000000000003,75
8.785333333333332,0.23048933453287904,0.33000000000000035,0.07000000000000041,2.909893333333334,0.6821733754210468,43531.96666666667,39.483333333333334,45.79999999999999,0.063284,0.02080000000000002,0.06684344201980263,2,28.297333333333334,75
8.979999999999999,0.10888526071086108,0.39000000000000035,0.03605551275464035,3.504800000000001,0.3677106340589134,50336.13333333333,39.44,45.25333333333333,0.03553599999999997,0.010199999999999942,0.06962653150689288,2,32.62266666666666,75
9.187999999999999,0.3028663071390878,0.4600000000000004,0.09848857801796104,4.24636,1.056295918386512,52847.23333333333,40.13999999999999,44.05666666666667,0.10164999999999995,0.02939999999999996,0.08035008423491925,2,45.23899999999999,75
9.213333333333333,0.2729493237460044,0.466666666666667,0.09073771725877465,4.316066666666668,0.9759323356326182,53506.399999999994,40.57333333333333,42.843333333333334,-0.015495999999999954,-0.0045999999999999375,0.08066298617885878,2,30.040000000000006,75
9.299999999999999,0.26193128870004406,0.5000000000000003,0.08888194417315577,4.665466666666668,0.9476251514883592,53506.399999999994,40.949999999999996,42.28333333333333,-0.02328799999999993,-0.007999999999999919,0.08719292409398828,2,41.357666666666674,75
9.290666666666667,0.2501945909355348,0.5000000000000003,0.08888194417315577,4.660146666666669,0.941221254611973,53506.399999999994,41.703333333333326,40.79333333333333,0.09039599999999999,0.0242,0.08709349859396401,2,45.106,75
9.377333333333333,0.11259366471252924,0.5333333333333337,0.0351188458428419,5.003880000000001,0.3899766413517633,54612.5,42.29,40.51,-0.016346000000000017,-0.004600000000000026,0.09162349968414407,2,38.63333333333333,75
9.046666666666667,0.5949162406031683,0.426666666666667,0.19087517736293888,3.9356133333333347,1.9253392953277981,48496.666666666664,41.696666666666665,41.84,-0.18273,-0.05620000000000003,0.08115057081784008,2,14.651,75
8.585333333333333,0.608714492462122,0.286666666666667,0.1871719352182199,2.5369733333333344,1.8378497071668698,36685.26666666666,39.18,48.13666666666668,-0.17096,-0.05800000000000001,0.06915321628075179,2,10.139999999999999,75
8.124,0.24222303771544162,0.15333333333333368,0.05507570547286367,1.2545733333333344,0.48576273440163603,22803.599999999995,36.06,56.78333333333334,-0.048465999999999995,-0.0242,0.05501404687358404,2,6.573333333333334,75
6.446666666666665,2.6927824519135344,0.09333333333333371,0.060277137733419944,0.7019333333333345,0.5633455896102827,12111.099999999997,32.973333333333336,66.88,-0.05582999999999999,-0.2386,0.057953066217529145,2,0.835,75
4.826666666666665,2.6515575297046636,0.046666666666667043,0.04725815626253018,0.3071733333333345,0.41847142092783235,6262.766666666664,30.416666666666668,76.95333333333333,-0.037814,-0.2318,0.04903971518734755,2,0.271,75
2.2493333333333325,1.8134137237082855,0.013333333333333704,0.015275252316533114,0.04424000000000119,0.05111779337986818,1940.2666666666644,27.573333333333334,88.06,-0.00501,-0.15919999999999998,0.02278924413613169,2,0.0,75
1.1879999999999993,1.7874764334111481,0.0033333333333337035,0.00577350269193314,0.010840000000001184,0.01877543075476703,544.4333333333309,25.930000000000003,95.68333333333334,-0.001626,-0.1548,0.019874106215243964,2,0.0,75
0.7813333333333327,1.083109104999738,0.0,2.0708679172343736e-08,0.0,1.6462740104970536e-07,5.566666666664241,43.24,93.13,0.0,0.09380000000000001,0.0,2,0.0,75
3.368,4.048835882077712,0.03000000000000037,0.05196152422707019,0.23748000000000116,0.4113274257814885,3791.966666666665,49.69,91.78666666666668,0.035622,0.388,0.06261062141331797,2,5.937,75
5.994666666666665,3.4322944706614744,0.07000000000000037,0.062449979983986915,0.5589200000000011,0.5001545345191069,9137.799999999997,56.553333333333335,89.50666666666666,0.048215999999999995,0.30019999999999997,0.06115901431260136,2,8.036,75
7.853333333333332,0.22077439465059226,0.09666666666666703,0.02081665999466955,0.7618000000000013,0.18290536569500498,12401.666666666664,44.65333333333333,94.97666666666667,-0.00519,-0.015400000000000035,0.061422274779617404,2,5.071999999999999,75
8.093333333333332,0.5163926154907094,0.14666666666666703,0.08326663997864708,1.2152000000000012,0.763563737221734,19662.499999999996,45.13666666666666,93.98666666666666,0.055416,0.02999999999999998,0.0617997813207212,2,17.272,75
8.255999999999998,0.5639716304921752,0.17666666666666705,0.08504900548115539,1.4904400000000013,0.7766235381444602,24085.83333333333,45.24333333333333,94.7,0.05907,0.04579999999999997,0.06187778938700956,2,14.917,75
8.658666666666665,0.14731372418528246,0.2500000000000004,0.04582575694956058,2.169160000000001,0.43547760814996744,35855.83333333333,45.42666666666667,89.13,0.028608000000000012,0.009000000000000074,0.06049502419343598,2,22.040000000000003,75
8.641333333333332,0.1542119753240241,0.2500000000000004,0.04582575694956058,2.165000000000001,0.4369178796982525,35706.36666666666,45.44,90.03000000000002,0.013505999999999995,0.0030000000000000248,0.060631746390334064,2,17.167999999999996,75
8.475999999999999,0.4049493795525601,0.21666666666666703,0.09712534856222427,1.8626800000000012,0.8973088110567162,30994.966666666664,45.24666666666667,90.27666666666666,-0.088086,-0.03940000000000001,0.06009427032979564,2,7.359,75
7.8119999999999985,0.8996621588129625,0.14000000000000035,0.0888819441731575,1.1403066666666677,0.8220005511758214,19088.03333333333,44.93666666666667,96.22666666666667,-0.07912399999999999,-0.088,0.05973621852686802,2,3.980666666666667,75
6.437333333333332,1.8151554570706414,0.07666666666666702,0.03055050463304449,0.5279200000000012,0.33289554638057833,10791.099999999995,38.92333333333334,92.03666666666668,-0.033004000000000006,-0.17840000000000003,0.04891726355389604,2,1.8583333333333334,75
6.418666666666666,1.7907421180430558,0.07666666666666702,0.03055050463304449,0.5258666666666679,0.32961235980065595,10721.933333333329,33.06666666666667,87.63666666666666,0.019962,0.05740000000000003,0.04904130710502116,2,7.307666666666666,75
6.833333333333332,2.055927365772763,0.09333333333333367,0.03785938897200613,0.6893600000000012,0.40644793221275344,12549.433333333329,33.54333333333333,86.65333333333332,0.037258,0.18039999999999998,0.05492718710907736,2,8.068,75
8.122666666666666,0.1841883094372191,0.1333333333333337,0.03214550253664776,1.0869466666666678,0.2883918177295511,17063.599999999995,33.49,88.79333333333334,0.026941999999999994,0.017799999999999948,0.06369599443682643,2,11.797999999999998,75
8.298666666666664,0.21748869702433377,0.17333333333333367,0.0550757054728634,1.4463066666666677,0.4941286477561821,21701.933333333327,39.553333333333335,92.23666666666668,0.04934200000000001,0.02160000000000002,0.06664106848843789,2,16.291666666666668,75
8.475999999999999,0.13757906817539634,0.216666666666667,0.04163331998932535,1.8402533333333342,0.3803316875220249,26870.53333333333,39.63333333333333,92.26666666666667,0.036712,0.013600000000000011,0.06848337646034344,2,17.916666666666668,75
8.478666666666665,0.13328665849717927,0.22000000000000033,0.03605551275464298,1.8684933333333344,0.3332890789290147,26874.966666666664,45.629999999999995,95.75,-0.022726000000000003,-0.008199999999999985,0.06952283266710411,2,12.504000000000001,75
8.330666666666666,0.2720392128597337,0.18333333333333368,0.06506407098647905,1.5390666666666677,0.5925829796183422,22236.099999999995,45.18,96.58666666666666,-0.059163999999999994,-0.027200000000000023,0.06921166279176098,2,8.056,75
8.173333333333332,0.14540059605566644,0.14666666666666703,0.030550504633043558,1.2017066666666678,0.2725371323936503,18126.099999999995,45.10333333333333,96.81,-0.018128,-0.01040000000000001,0.06629337658349478,2,9.482666666666667,75
8.161333333333332,0.12536878931114778,0.14333333333333367,0.025166114784241512,1.1718800000000014,0.22407842555681468,18170.266666666663,44.723333333333336,95.61333333333334,0.02221400000000002,0.012200000000000077,0.0644908261761243,2,11.758333333333336,75
8.262666666666666,0.12042148202601885,0.16666666666666705,0.025166114784241127,1.3791066666666678,0.2269271824470423,21712.766666666663,56.586666666666666,97.05333333333334,0.02252399999999999,0.011599999999999966,0.06351300941184784,2,13.236666666666666,75
8.349333333333332,0.04495924080034079,0.18333333333333368,0.011547005383803509,1.531040000000001,0.10399171505470596,24112.499999999996,56.29666666666666,94.49000000000001,0.009135999999999988,0.0043999999999999595,0.06349306405125764,2,13.281,75
8.382666666666665,0.020526405758027395,0.1933333333333337,0.005773502691917583,1.6207066666666679,0.051418383223824735,25842.499999999996,56.48333333333333,93.44666666666666,0.004580000000000017,0.002000000000000046,0.06271235191311811,2,14.000000000000002,75
8.414666666666667,0.036295086903646516,0.20000000000000037,0.010000000000012044,1.683160000000001,0.09106113111541284,26225.83333333333,40.233333333333334,84.32666666666667,0.009101999999999989,0.0033999999999999807,0.06417701971899015,2,14.797999999999996,75
8.401333333333332,0.05401234426816823,0.20000000000000032,0.010000000000012044,1.6806266666666678,0.09482155310556634,26098.899999999994,40.410000000000004,87.35666666666668,-0.0046939999999999985,-0.00259999999999998,0.06439207302199121,2,13.21766666666667,75
8.378666666666666,0.06744874597309425,0.1933333333333337,0.015275252316527531,1.620546666666668,0.14118391032037636,25234.733333333326,40.443333333333335,85.80333333333333,-0.01379999999999999,-0.006199999999999939,0.064216349303633,2,12.498,75
8.408,0.11805083650703116,0.20000000000000037,0.026457513110650463,1.683666666666668,0.2475408987083787,26518.899999999994,44.99666666666667,84.41333333333334,0.01895,0.009799999999999986,0.0634869161145656,2,16.376,75
8.373333333333333,0.15421197532404282,0.1933333333333337,0.032145502536647025,1.6221200000000013,0.3010838580861133,25514.999999999996,45.080000000000005,85.69666666666667,-0.0049139999999999965,-0.004400000000000048,0.0635726602915818,2,11.679,75
8.133333333333333,0.47575343754232885,0.16000000000000036,0.07549834435270934,1.3251866666666678,0.6812914141051198,20614.999999999996,44.76333333333333,87.67666666666666,-0.06780800000000001,-0.046600000000000016,0.0642795239943087,2,5.074666666666667,75
6.694666666666666,2.159441903208637,0.10000000000000037,0.06244997998398663,0.7406133333333345,0.6058647140520377,12583.033333333327,41.550000000000004,96.73666666666668,-0.059504,-0.2008,0.05885341477692643,2,1.7616666666666665,75
6.614666666666665,2.0761862472652446,0.08000000000000035,0.03000000000000579,0.5669333333333345,0.33649414695260055,9879.966666666662,41.64666666666667,95.06333333333333,0.013573999999999998,0.01959999999999997,0.05737630258847834,2,7.337000000000001,75
6.774666666666666,2.205916891755748,0.09666666666666701,0.04163331998932666,0.7146000000000011,0.4441423843769295,11728.033333333327,42.190000000000005,95.53000000000002,0.042027999999999996,0.19320000000000004,0.06092573698883979,2,8.766333333333334,75
8.066666666666665,0.05460158727861086,0.12333333333333368,0.011547005383805941,0.9953066666666679,0.099480509313915,15032.199999999995,45.48333333333334,95.75999999999999,0.008654,0.004999999999999982,0.06620723908859512,2,8.779333333333334,75
6.8039999999999985,2.2412817761272237,0.10333333333333368,0.04618802153517361,0.7720933333333345,0.48609491144565303,12251.099999999997,41.04,95.19666666666666,-0.042058,-0.19380000000000003,0.0630172242581545,2,1.7566666666666668,75
6.802666666666664,2.240133329365316,0.10333333333333368,0.04618802153517361,0.7719200000000012,0.48594528745531,12580.533333333327,40.94,94.24000000000001,-0.00010400000000000409,-0.0008000000000000007,0.061353412143723994,2,8.761999999999999,75
6.790666666666666,2.229749163770072,0.10000000000000035,0.04358898943541053,0.7434666666666678,0.4631783921270048,12562.199999999995,40.846666666666664,93.17,0.037868,0.19259999999999997,0.05917812871455267,2,8.068,75
7.3986666666666645,1.176682341727511,0.10666666666666702,0.03214550253664823,0.8141333333333346,0.3414531050281384,13751.099999999997,44.24666666666667,93.82,-0.031431999999999995,-0.10239999999999996,0.059200655415051866,2,3.523333333333334,75
7.386666666666666,1.1662749818689155,0.10333333333333368,0.02886751345948696,0.7857333333333344,0.3143109526143769,13415.56666666666,44.300000000000004,94.79,-9.600000000000164e-05,-0.0008000000000000007,0.058564411660211244,2,8.052,75
6.969333333333332,1.014726235658337,0.08666666666666702,0.028867513459487213,0.6220533333333346,0.2993092242704158,11012.233333333328,43.86333333333334,95.04,0.002715999999999999,0.03879999999999999,0.05648235304799998,2,3.9760000000000004,75
7.562666666666666,0.6569545900085787,0.09333333333333367,0.025166114784242515,0.7157200000000011,0.24477777350083113,11932.766666666663,44.50666666666667,94.64,-0.013121999999999995,-0.011599999999999966,0.059974358473016465,2,5.865,75
6.095999999999999,2.1752829700983747,0.06666666666666703,0.025166114784242986,0.4423333333333345,0.2804825907848101,8424.133333333328,38.763333333333335,94.50666666666666,-0.016552,-0.15819999999999998,0.05250164191268999,2,1.2173333333333334,75
4.9239999999999995,2.51417740026435,0.053333333333333684,0.03214550253664897,0.3162933333333345,0.33641521091258636,6673.299999999996,33.25333333333333,94.34666666666668,-0.03024,-0.22600000000000003,0.047389738749132444,2,0.8249999999999998,75
3.5666666666666664,0.23587567346664234,0.04000000000000035,0.010000000000019172,0.1441600000000012,0.04423126496074539,5282.766666666662,31.370000000000005,94.57,0.0020659999999999997,0.004800000000000004,0.027283566647530736,2,1.5616666666666668,75
3.4293333333333327,0.27759923150711724,0.03000000000000035,0.0200000000000098,0.10626666666666784,0.07775508557876598,4163.899999999995,28.373333333333335,94.26666666666667,-0.0033299999999999996,-0.0029999999999999805,0.025514818282952278,2,0.2700000000000001,75
3.654666666666666,0.37677225658657754,0.04000000000000035,0.02645751311065315,0.15278666666666785,0.10735012125452371,5468.633333333329,32.42,95.44666666666666,0.002557999999999999,0.011399999999999988,0.027933621388393122,2,1.9879999999999998,75
3.729333333333333,0.42377981704340484,0.04333333333333369,0.028867513459487876,0.16976000000000116,0.11895730998987623,5449.999999999995,32.31,94.91666666666667,0.010295999999999998,0.03659999999999999,0.031142909557879524,2,1.986,75
4.001333333333332,0.04738494838386368,0.06,1.9137489225747547e-08,0.24008000000000118,0.0028430969077908245,7790.533333333328,39.326666666666675,95.49000000000001,0.00023999999999999992,0.0040000000000000036,0.0308129336972613,2,2.028,75
3.789333333333333,0.391394089548299,0.053333333333333684,0.011547005383808623,0.20509333333333454,0.06196630482254555,6881.099999999995,36.32333333333334,94.22333333333334,-0.005235999999999999,-0.0316,0.029800981289625942,2,1.1133333333333333,75
3.554666666666666,0.4356573577174411,0.040000000000000355,0.020000000000009586,0.1474400000000012,0.08980344759544392,5079.433333333329,30.77666666666667,95.09333333333332,-0.0089,-0.03940000000000001,0.029021146490129057,2,0.5446666666666666,75
3.282666666666666,0.051588112325834996,0.02333333333333369,0.015275252316532487,0.07712000000000119,0.05161475757986338,2729.7333333333286,23.58333333333334,94.12666666666667,-0.005059999999999999,-0.004999999999999982,0.02824149801030297,2,0.2700000000000001,75
3.262666666666666,0.02052640575802366,0.013333333333333685,0.0057735026919314494,0.04352000000000119,0.018915052207918028,1496.6666666666617,21.52333333333334,96.41333333333334,-0.0016280000000000003,0.0006000000000000005,0.02905853549966704,2,0.27333333333333326,75
3.2639999999999993,0.021166010488745567,0.01,2.022898369206717e-08,0.03264000000000119,0.00021166017180733327,1171.399999999995,22.350000000000005,97.83666666666666,1.5999999999999694e-05,0.0015999999999999793,0.02784032753326623,2,0.27266666666666667,75
3.2759999999999994,0.004000000001206833,0.01,2.022898369206717e-08,0.03276000000000118,4.0000354108382824e-05,1219.1666666666617,24.163333333333338,100.0,-1.9999999999999186e-06,-0.00020000000000000017,0.026848791148751244,2,0.27299999999999996,75
2.9119999999999995,0.6270055821123213,0.006666666666667018,0.005773502691931944,0.021826666666667844,0.0189024583946567,761.0999999999952,25.040000000000003,98.92,-0.0016359999999999999,-0.054199999999999984,0.028640160958756045,2,0.0,75
3.369333333333333,1.2306572769594881,0.02666666666666702,0.037859388972007045,0.1192800000000012,0.1789791451539196,3360.2666666666614,30.986666666666668,96.69666666666667,0.014616,0.06840000000000002,0.035486622106745885,2,2.7090000000000005,75
4.857333333333333,2.7821411418785598,0.05000000000000036,0.04358898943541104,0.3147600000000012,0.30972897313623515,6423.3333333333285,37.92000000000001,94.52666666666669,0.030960000000000005,0.27759999999999996,0.048994967052353254,2,5.160000000000001,75
6.770666666666666,1.8441446074896972,0.08000000000000035,0.010000000000017484,0.5526000000000012,0.20260325367581145,10577.799999999996,43.99000000000001,93.63333333333333,0.019421999999999995,0.16419999999999998,0.05223654856883592,2,5.945999999999999,75
7.874666666666666,0.11746205060923187,0.09000000000000036,0.010000000000017079,0.7094400000000012,0.08827074713643418,12331.13333333333,44.92000000000001,94.69666666666667,0.00882,0.01080000000000001,0.057527759457677075,2,6.630000000000001,75
8.0,0.10142977866480764,0.10666666666666702,0.0208166599946692,0.8547333333333346,0.17829293797948592,14831.399999999994,44.900000000000006,94.91000000000001,0.017078000000000003,0.009399999999999986,0.057626097821885526,2,8.792333333333334,75
8.305333333333332,0.4733089195581708,0.17000000000000037,0.09643650760993099,1.4423333333333346,0.9048087022864851,21500.566666666662,44.84666666666667,94.95666666666666,0.08403599999999999,0.04439999999999995,0.06708038328989988,2,20.636,75
8.394666666666666,0.3928629956273848,0.186666666666667,0.08144527815247239,1.5883333333333347,0.7741818828501171,24152.233333333326,44.873333333333335,94.82666666666667,0.008926,0.005400000000000027,0.06576069180523801,2,10.280000000000001,75
8.518666666666666,0.3111355545952953,0.21333333333333368,0.06506407098647897,1.830800000000001,0.6227675058960749,28070.3,44.95666666666667,94.82,-0.034692,-0.017799999999999993,0.06521963713828718,2,14.853999999999997,75
8.502666666666665,0.28628191234047967,0.2233333333333337,0.08082903768654905,1.9142800000000009,0.7552550075305804,30495.3,44.80666666666667,93.14333333333333,0.07465799999999997,0.02859999999999996,0.0627708935182301,2,22.722999999999995,75
8.445333333333332,0.37383062118200394,0.21333333333333368,0.09504384952922296,1.825160000000001,0.881035671468538,28150.866666666665,45.05333333333334,92.13666666666666,-0.040812,-0.021799999999999996,0.06483264579258217,2,8.052,75
8.427999999999999,0.37206451053545775,0.21333333333333368,0.09504384952922296,1.8215200000000014,0.8813226814283278,27426.399999999994,45.116666666666674,94.09999999999998,-0.04775999999999998,-0.01799999999999997,0.06641241969709129,2,14.763000000000002,75
8.287999999999998,0.20657202133878394,0.176666666666667,0.049328828623165184,1.4710000000000012,0.43978211150525487,22649.16666666666,45.42666666666668,96.58666666666666,0.03544800000000001,0.016199999999999992,0.06494433447877507,2,13.96,75
8.970666666666666,0.9784913557785375,0.39000000000000035,0.32046840717924147,3.7075866666666677,3.43708446223443,35816.93333333333,45.22666666666667,84.81333333333333,0.295222,0.08319999999999998,0.10351202098017945,2,63.96666666666667,75
9.491999999999999,0.9677768337793501,0.566666666666667,0.31770006819850277,5.583733333333335,3.387701080870821,41500.83333333333,45.1,76.74333333333334,0.28624,0.08120000000000002,0.13454184754890353,2,61.66666666666667,75
9.489333333333333,0.9723894967209983,0.5733333333333337,0.3061590000854676,5.638986666666669,3.2920812445219716,41809.43333333333,42.64000000000001,76.78333333333335,-0.291752,-0.08659999999999997,0.13487032343601646,2,15.341333333333335,75
8.866666666666665,0.9838482267775465,0.38000000000000034,0.31240998703626643,3.574240000000001,3.3180695958945794,31531.66666666666,39.796666666666674,89.23,-0.29591200000000006,-0.08840000000000003,0.11335038795746216,2,12.347999999999997,75
8.266666666666666,0.08920388631291283,0.18333333333333365,0.03511884584284675,1.5175733333333346,0.3070504462354094,23499.43333333333,39.78000000000001,95.61333333333333,-0.03054800000000002,-0.008400000000000052,0.06457639788202492,2,10.249999999999998,75
8.139999999999999,0.1326046756339869,0.15000000000000033,0.03000000000000543,1.2234400000000012,0.26166168080181873,20061.66666666666,42.220000000000006,94.65333333333335,-0.02615999999999999,-0.012199999999999944,0.060980926430517786,2,7.9879999999999995,75
8.065333333333333,0.1170526946863218,0.126666666666667,0.020816659994669574,1.0231466666666678,0.18330240514889015,17054.699999999993,45.193333333333335,94.73333333333335,-0.017455999999999992,-0.009600000000000008,0.05998854732826375,2,7.3406666666666665,75
8.058666666666666,0.10555251457605996,0.126666666666667,0.020816659994669574,1.0221466666666679,0.1816100540536451,17388.599999999995,45.18666666666667,94.59333333333335,0.013421999999999995,0.009599999999999964,0.05877919369431547,2,10.225,75
8.233333333333333,0.25619784021987235,0.166666666666667,0.06658328118479627,1.3835866666666679,0.596615905028826,23040.53333333333,45.08666666666667,95.56,0.05810000000000002,0.025200000000000066,0.0600475084123453,2,17.024000000000004,75
8.198666666666666,0.30442952112652866,0.166666666666667,0.06658328118479627,1.3797733333333346,0.6014525142796937,22945.266666666663,44.900000000000006,95.52333333333333,-0.017877999999999995,-0.01379999999999999,0.06013062400855338,2,7.245333333333333,75
8.057333333333334,0.40064614478780325,0.146666666666667,0.0814452781524728,1.2034533333333348,0.7319988637514178,19569.43333333333,44.86000000000001,95.93,-0.06724200000000001,-0.037800000000000014,0.06149344334054952,2,5.817,75
7.850666666666666,0.08220300075624873,0.10000000000000032,0.010000000000018444,0.7855600000000015,0.0857579570654324,12888.06666666666,44.98333333333334,95.94666666666667,-0.004011999999999993,-0.0005999999999999784,0.060947780030620416,2,6.576666666666668,75
8.013333333333334,0.3349109334335469,0.13000000000000034,0.06082762530298503,1.0552133333333347,0.5416167949144187,17022.799999999996,44.95666666666667,95.93333333333334,0.04901799999999999,0.03179999999999996,0.061984594117255536,2,13.986666666666666,75
8.326666666666666,0.40596223141238824,0.20000000000000032,0.10000000000000143,1.6921333333333346,0.9098777353762222,25744.733333333326,44.85333333333333,95.23333333333333,0.09097999999999999,0.04019999999999997,0.06572480618147739,2,21.740000000000002,75
8.689333333333332,0.2940566838779901,0.2900000000000003,0.08544003745317658,2.5366000000000013,0.8244744022709395,36826.1,44.99333333333334,87.43666666666667,0.08221,0.029400000000000048,0.06887862470843487,2,27.688333333333333,75
8.984,0.290020688917156,0.3833333333333337,0.09073771725877545,3.461293333333334,0.9296321133294333,46071.36666666666,44.85333333333333,74.72,0.09218399999999997,0.029000000000000005,0.07512731782102218,2,37.104,75
8.861333333333334,0.4850127146099543,0.34666666666666696,0.14640127503998557,3.119133333333334,1.445857399515371,41735.26666666666,44.92000000000001,74.63666666666667,-0.08701400000000001,-0.03260000000000005,0.07473436371884408,2,13.186,75
8.570666666666666,0.6206620121558275,0.266666666666667,0.18717193521822004,2.3629466666666676,1.8287651852912548,32239.433333333323,44.50000000000001,81.66000000000001,-0.16992199999999996,-0.058399999999999966,0.07329140530576,2,8.783666666666667,75
8.053333333333335,0.3056882944002403,0.13666666666666702,0.05033222956847483,1.1105066666666679,0.44626738591719806,18173.33333333333,44.440000000000005,95.97000000000001,-0.044357999999999995,-0.03019999999999996,0.0611030207435395,2,5.793,75
7.049333333333333,1.5133397944061817,0.09333333333333367,0.03511884584284739,0.6893866666666679,0.3675740063352864,12771.933333333329,43.043333333333344,96.03666666666668,-0.03675400000000001,-0.13960000000000003,0.05397246260321316,2,2.6579999999999995,75
5.449333333333333,2.2110172621066004,0.06000000000000033,0.03000000000000612,0.37112000000000117,0.30136466415298685,8293.066666666662,37.67333333333334,96.01,-0.029796,-0.22080000000000002,0.04474523956884858,2,0.827,75
4.3133333333333335,1.004002656039008,0.046666666666667,0.015275252316531766,0.21133333333333448,0.10992808073180065,6615.266666666662,35.42,94.57000000000001,-0.0051579999999999985,-0.05,0.03194147757043267,2,1.7983333333333333,75
4.044,0.6445835865115193,0.04333333333333367,0.01154700538380888,0.18014666666666787,0.07023144974566278,6406.6666666666615,34.80666666666667,94.46,0.006308000000000001,0.06000000000000001,0.028114238152213703,2,1.8783333333333336,75
5.52,1.9215119047250344,0.06000000000000033,0.01732050807569938,0.35336000000000123,0.22999715824340677,8770.266666666661,40.35666666666667,94.58333333333333,0.020154,0.17099999999999999,0.040286085628073655,2,5.157333333333333,75
5.44,2.000091997884105,0.06000000000000034,0.01732050807569938,0.3493600000000012,0.23366089274853577,8471.666666666662,39.79,93.75999999999999,-0.0010800000000000017,-0.02160000000000002,0.04123377134314282,2,1.6983333333333333,75
5.034666666666666,2.3720382234132256,0.05000000000000033,0.03000000000000623,0.2961733333333345,0.28785922763284233,7007.233333333329,35.116666666666674,94.89333333333333,-0.027652,-0.2222,0.04226076947590234,2,0.5486666666666666,75
3.606666666666667,0.41425274088820846,0.040000000000000334,0.017320508075699754,0.1474133333333345,0.07234650325605131,5554.466666666663,32.400000000000006,94.74,-0.0015599999999999989,-0.031199999999999985,0.026534824557193144,2,1.4383333333333332,75
3.3493333333333335,0.08911415899506323,0.033333333333333666,0.015275252316532057,0.11252000000000117,0.054626865185957864,4714.733333333329,29.466666666666672,95.50999999999999,0.0016639999999999995,0.0006000000000000005,0.02386055191133255,2,0.8259999999999998,75
3.3466666666666662,0.09176782297405471,0.033333333333333666,0.015275252316532057,0.11246666666666784,0.054695262439978735,4550.566666666661,29.170000000000005,95.46999999999998,-0.005346,-0.008400000000000008,0.024709440705398426,2,0.5473333333333333,75
3.3066666666666666,0.02411085509470878,0.026666666666667,0.005773502691929935,0.08825333333333452,0.019553591316644577,3873.599999999995,26.960000000000008,96.13666666666667,4.200000000000037e-05,0.0014000000000000013,0.022777404979439073,2,0.8329999999999999,75
3.3226666666666667,0.03494757979313881,0.030000000000000332,0.010000000000019337,0.09990666666666785,0.034200031189726386,4255.566666666662,28.070000000000007,95.97666666666667,0.0034200000000000003,0.003400000000000003,0.023471185697393347,2,1.1173333333333333,75
3.3226666666666667,0.03494757979313881,0.030000000000000332,0.010000000000019337,0.09990666666666785,0.034200031189726386,4304.999999999995,27.94333333333334,95.31333333333333,-0.0017139999999999996,-0.002400000000000002,0.023201734014553634,2,0.5473333333333333,75
3.3159999999999994,0.03417601498221484,0.030000000000000332,0.010000000000019337,0.09970666666666783,0.03420131771406271,3993.8999999999955,27.286666666666672,95.08666666666666,-0.0017360000000000008,-0.0020000000000000018,0.024958488739810245,2,0.828,75
3.296,0.014422205104105822,0.023333333333333667,0.00577350269193012,0.07696000000000118,0.01939913400245286,3333.066666666662,25.593333333333344,95.25666666666666,7.999999999999674e-06,0.00040000000000000034,0.0230829217572138,2,0.5486666666666666,75
3.3053333333333335,0.01154700538659625,0.026666666666666995,0.005773502691929935,0.08818666666666784,0.019352781024399534,3670.8333333333285,26.630000000000006,95.55333333333333,0.0,0.0,0.02401706686033352,2,0.828,75
3.297333333333333,0.01285820101717994,0.023333333333333664,0.00577350269193012,0.07698666666666786,0.019375916323582116,3190.566666666662,25.15333333333334,95.22666666666667,-3.999999999999837e-06,-0.00020000000000000017,0.024121904602755588,2,0.5479999999999999,75
3.296,0.013856406462892745,0.020000000000000333,0.010000000000019656,0.06600000000000118,0.03324064981382311,2904.166666666662,24.40333333333334,95.54333333333334,-0.0033239999999999993,-0.001200000000000001,0.02271814583213859,2,0.27399999999999997,75
3.2853333333333334,0.004618802160560551,0.013333333333333667,0.005773502691930672,0.043813333333334516,0.01900641295402017,2149.7333333333286,22.386666666666674,95.93666666666667,-0.0016480000000000002,-0.00040000000000000034,0.020371346207495717,2,0.27333333333333326,75
3.2853333333333326,0.004618802160560551,0.01,1.9987700512319428e-08,0.03285333333333452,4.618851416845029e-05,2017.2333333333283,21.75333333333334,95.44333333333333,0.0,0.0,0.016278263167457313,2,0.27399999999999997,75
3.2853333333333334,0.004618802160560551,0.01,1.9987700512319428e-08,0.03285333333333451,4.618851416845029e-05,2016.1333333333284,21.33000000000001,94.63,4.000000000000184e-06,0.00040000000000000034,0.016287140165912643,2,0.27399999999999997,75
3.2626666666666666,0.043878620459156595,0.01,1.9987700512319428e-08,0.03262666666666785,0.0004387862564427682,1823.0666666666618,20.540000000000006,94.17666666666666,-3.799999999999984e-05,-0.0037999999999999813,0.017886773144257122,2,0.2676666666666667,75
3.2319999999999998,0.04915282291044753,0.01,1.9987700512319428e-08,0.03232000000000119,0.0004915282753945997,1395.5666666666618,19.22000000000001,94.88666666666667,-4.599999999999986e-05,-0.004599999999999982,0.02314246843449505,2,0.26633333333333337,75
3.233333333333333,0.0514328040592688,0.01,1.9987700512319428e-08,0.03233333333333452,0.0005143280848306915,1319.1666666666617,19.140000000000004,95.10333333333334,3.999999999999976e-05,0.003999999999999981,0.02449185708875241,2,0.2743333333333333,75
3.2546666666666666,0.05143280405926598,0.01,1.9987700512319428e-08,0.032546666666667855,0.0005143280848288912,1391.399999999995,19.366666666666674,95.52666666666669,3.999999999999976e-05,0.003999999999999981,0.0233745092406406,2,0.27299999999999996,75
3.2533333333333334,0.05371529887656655,0.01,1.9987700512319428e-08,0.03253333333333452,0.0005371530311222935,1350.2666666666619,19.65333333333334,95.15333333333332,-4.99999999999997e-05,-0.004999999999999982,0.024076175440328557,2,0.26600000000000007,75
3.221333333333334,0.04738494838447464,0.01,1.9987700512319428e-08,0.032213333333334516,0.0004738495318628515,944.1666666666619,18.770000000000007,95.54666666666667,-3.999999999999976e-05,-0.003999999999999981,0.03408217245635833,2,0.26633333333333337,75
3.2093333333333334,0.026633312475160265,0.01,1.9987700512319428e-08,0.03209333333333452,0.00026633321018545004,873.0666666666617,18.76000000000001,94.88,2.400000000000006e-05,0.002400000000000002,0.036717260315766956,2,0.2700000000000001,75
3.1,0.20556264252063833,0.006666666666666998,0.005773502691931039,0.021453333333334518,0.01858043415474838,765.2999999999952,18.43333333333334,94.95,-0.001598,-0.016600000000000014,0.027995998086042872,2,0.0,75
2.1773333333333333,1.526587479751296,0.0033333333333336666,0.005773502691931222,0.010800000000001185,0.018706148722965384,492.7999999999952,20.73333333333334,96.32000000000001,-0.0016200000000000003,-0.1406,0.021871202916163002,2,0.0,75
2.2506666666666666,1.6063590300220594,0.013333333333333667,0.023094010767593633,0.04613333333333452,0.07990527725612824,2070.299999999995,25.640000000000004,96.30333333333333,0.00692,0.029800000000000004,0.02227264680796342,2,1.1533333333333333,75
2.4426666666666663,1.7447811706152176,0.026666666666667,0.023094010767593452,0.09200000000000119,0.07967534122954852,3691.3999999999955,30.55000000000001,96.69,0.00688,0.1506,0.02491604376557288,2,1.1466666666666667,75
3.4186666666666667,0.055184538898098164,0.036666666666667,0.005773502691929406,0.1255600000000012,0.021550424590821914,4893.066666666661,30.656666666666677,95.56,-0.001886,-0.005200000000000005,0.02565555570691068,2,0.839,75
3.377333333333333,0.05518453889810336,0.030000000000000335,0.010000000000019344,0.10166666666666785,0.03545029948220808,3996.3999999999955,27.783333333333342,96.03000000000002,-0.003544,-0.005200000000000005,0.025433198245526582,2,0.5559999999999999,75
3.3826666666666667,0.06429100507377522,0.030000000000000332,0.010000000000019344,0.10188000000000119,0.03577509748477155,4097.233333333329,27.676666666666677,95.75999999999999,0.0018780000000000005,0.0050000000000000044,0.02485949230156115,2,1.1520000000000001,75
3.764,0.640212464733433,0.04333333333333367,0.025166114784243358,0.17332000000000122,0.1278033426794632,5994.999999999995,33.293333333333344,94.99666666666667,0.012414000000000003,0.05820000000000001,0.02890593729152791,2,2.6250000000000004,75
4.1706666666666665,0.6195525266943749,0.06000000000000033,0.01732050807569941,0.25738666666666793,0.10320265371286194,7997.199999999994,39.393333333333345,95.07666666666667,0.009034000000000002,0.05500000000000001,0.03218057396247507,2,2.657666666666667,75
5.758666666666667,2.1317610873016144,0.09000000000000034,0.0346410161513826,0.5675066666666679,0.4339639825300877,11553.599999999997,43.49333333333334,94.70666666666666,0.037680000000000005,0.18600000000000003,0.04911521529664966,2,8.905000000000001,74
7.014666666666667,2.129403046239331,0.11333333333333367,0.03785938897200626,0.848346666666668,0.46064752048976854,14086.366666666661,44.20333333333334,94.47333333333334,0.04193,0.18560000000000004,0.06022038658750997,2,9.646,74
8.273333333333333,0.056190153348446424,0.14333333333333367,0.015275252316529857,1.1864133333333347,0.13460618906041633,17979.16666666666,44.970000000000006,94.06333333333333,0.013225999999999993,0.005600000000000005,0.06598455705824019,2,11.109333333333334,74
8.296000000000001,0.0327414110873106,0.15333333333333368,0.011547005383806003,1.2722400000000014,0.09941277181546848,19248.066666666662,45.26000000000001,94.58333333333333,0.008428000000000001,0.0009999999999999788,0.06609359414828779,2,11.050666666666668,74
8.269333333333334,0.07379250187737144,0.15333333333333368,0.011547005383806003,1.268506666666668,0.10587528764243218,19588.633333333328,45.27666666666667,95.15666666666668,-0.009339999999999992,-0.007200000000000007,0.06475397701845713,2,9.552666666666669,74
8.299999999999999,0.11845674315963607,0.15666666666666704,0.015275252316529602,1.3014933333333347,0.1444578572919016,20053.33333333333,45.28333333333334,95.38666666666667,0.005299999999999994,0.0067999999999999615,0.0648983594568091,2,11.934000000000001,74
8.393333333333333,0.1918471613897897,0.17333333333333367,0.03511884584284672,1.4592266666666678,0.3273253679954637,22298.033333333326,45.38666666666668,95.29666666666667,0.032647999999999976,0.01899999999999995,0.06543901006172173,2,14.994,74
8.337333333333332,0.28409388119655243,0.16333333333333366,0.0503322295684747,1.3711866666666677,0.4615624877883456,20854.699999999993,45.440000000000005,95.09333333333332,-0.027494,-0.020199999999999996,0.06574637469213059,2,7.351666666666666,74
8.245333333333333,0.2866728681499558,0.15333333333333365,0.051316014394471865,1.2740666666666678,0.47285825755015376,19494.16666666666,45.410000000000004,95.00666666666666,-0.03292799999999999,-0.020999999999999998,0.06535295073137794,2,9.505999999999998,74
8.058666666666666,0.07759725081034734,0.12000000000000033,0.017320508075698293,0.9679333333333345,0.14963909827772506,15030.833333333328,45.446666666666665,95.19000000000001,-6.600000000000494e-05,-0.0006000000000000227,0.06439223425840726,2,7.3406666666666665,74
8.152,0.14604109010819546,0.13666666666666702,0.025166114784242202,1.1165333333333345,0.22453912739958987,17808.066666666662,45.24333333333334,95.27,0.009364000000000006,0.007600000000000051,0.06269465740297085,2,11.066666666666668,74
8.125333333333332,0.15421197532397934,0.13000000000000034,0.026457513110652038,1.0590133333333345,0.23700172938898528,17104.43333333333,45.26666666666667,95.41666666666667,0.0043640000000000016,0.0030000000000000248,0.06191093278354059,2,8.068,74
6.574666666666666,2.7898597336305886,0.106666666666667,0.06110100926608062,0.8101333333333346,0.6123683980524894,14604.733333333328,41.18333333333334,95.43666666666667,-0.059688000000000005,-0.24720000000000003,0.05546680299060654,2,1.1186666666666667,74
4.92,2.7262663112762886,0.06333333333333367,0.04932882862316613,0.40082666666666783,0.49162186661434815,8851.399999999994,36.18000000000001,95.83,-0.043404,-0.23659999999999998,0.045278869760366464,2,0.8339999999999999,74
4.878666666666667,2.6546753724953556,0.056666666666667004,0.03785938897200665,0.3429066666666678,0.39137756570015164,8216.699999999995,36.043333333333344,95.92666666666668,0.033007999999999996,0.2294,0.04172781516320479,2,6.619999999999999,74
6.410666666666667,2.6627424459255042,0.07666666666666701,0.04041451884327819,0.5632266666666679,0.4010969784645285,10843.899999999994,39.87666666666667,95.30666666666667,0.034756,0.23079999999999998,0.05193470356265786,2,6.626666666666667,74
7.858666666666667,0.1547815665165642,0.09333333333333367,0.011547005383792518,0.7346666666666678,0.10415475665265071,12894.166666666662,44.78000000000001,94.59999999999998,-0.009000000000000003,-0.013200000000000012,0.056972250584844564,2,5.119999999999999,74
6.650666666666666,2.022993161959114,0.07666666666666701,0.02516611478423583,0.5418666666666678,0.29633422572051077,10716.66666666666,42.59333333333334,94.23,-0.028959999999999996,-0.18159999999999998,0.050558268279787405,2,1.8000000000000003,74
6.473333333333334,1.8693670943218557,0.07000000000000034,0.01732050807568876,0.47466666666666785,0.22425319024124327,9695.56666666666,42.87666666666667,95.17,-0.0010399999999999964,-0.012999999999999989,0.048952034568936924,2,4.946666666666666,74
6.524,1.9198041566784887,0.07333333333333365,0.020816659994661316,0.5048266666666679,0.2562448870385026,10024.999999999995,43.30000000000001,95.02333333333333,0.024443999999999997,0.17559999999999998,0.050351752111177754,2,5.874,74
7.974666666666667,0.6380762754822646,0.136666666666667,0.08962886439832503,1.126586666666668,0.8286587537300075,17822.499999999996,45.47333333333335,94.38666666666667,0.074384,0.06260000000000003,0.06320793708680494,2,17.344,74
8.470666666666666,0.565548701115397,0.216666666666667,0.11676186592091332,1.8789066666666676,1.0870611252976359,27325.566666666662,45.323333333333345,92.11666666666667,0.10728399999999998,0.05379999999999998,0.0687575094810057,2,23.754666666666665,74
8.853333333333333,0.1611127969259703,0.3033333333333337,0.05686240703077336,2.691613333333334,0.5484162394872665,37927.23333333333,44.88333333333335,87.78666666666668,0.05308599999999999,0.015399999999999992,0.07096595587983273,2,26.191666666666663,74
8.932,0.041569219381350414,0.33333333333333365,0.015275252316519885,2.9777333333333345,0.1498953466033962,41418.06666666666,45.103333333333346,84.90666666666667,0.004454000000000002,0.0,0.0718928158690201,2,24.497,74
8.824,0.21094074997490678,0.31000000000000033,0.052915026221291926,2.742880000000001,0.5268188713400659,38579.73333333333,45.01000000000001,86.57333333333334,-0.04984999999999999,-0.01980000000000004,0.07109455323987278,2,17.883333333333333,74
8.703999999999999,0.17758378304332154,0.276666666666667,0.046188021535170216,2.4135466666666674,0.4556324138308832,34445.033333333326,45.51000000000001,91.81333333333333,-0.039232,-0.014400000000000013,0.07006747753248806,2,17.958333333333332,74
8.630666666666666,0.05281413952069999,0.256666666666667,0.011547005383792533,2.215586666666668,0.11282319146948072,31842.8,45.140000000000015,95.17,0.00998800000000002,0.005200000000000049,0.0695767046227733,2,19.548000000000002,74
8.66,0.03555277766895554,0.266666666666667,0.015275252316519494,2.3096400000000012,0.14011633452251343,33321.399999999994,45.26000000000001,95.15333333333332,0.013658000000000036,0.002600000000000069,0.06931193431445519,2,20.23466666666667,74
8.588,0.15954936540136877,0.2533333333333337,0.037859388972001855,2.1795866666666677,0.3615363579688212,31884.433333333323,56.67666666666668,96.38,-0.029046000000000016,-0.014200000000000036,0.06835681497193603,2,14.707,74
8.334666666666667,0.37681472016538486,0.196666666666667,0.09073771725877469,1.6619333333333346,0.8225222908428469,25244.999999999996,56.800000000000004,96.24333333333334,-0.08176800000000002,-0.03720000000000003,0.06582957036098133,2,6.606666666666667,74
7.992,0.3840208327682094,0.13000000000000034,0.07000000000000003,1.056386666666668,0.6201977134215914,17280.83333333333,56.40333333333334,95.89999999999999,-0.057665999999999995,-0.03799999999999999,0.06112700234350144,2,5.096,74
7.754666666666666,0.1520175428472858,0.086666666666667,0.011547005383792754,0.6732266666666679,0.10357134223989858,11830.299999999996,44.80000000000001,94.61,-0.008872000000000001,-0.011799999999999988,0.05690217192249948,2,5.128,74
6.4799999999999995,2.057816318333591,0.07000000000000034,0.017320508075688773,0.4773600000000012,0.23570529395845727,9225.299999999996,40.73333333333334,94.29666666666667,-0.020316,-0.177,0.0517390503235318,2,1.71,74
6.604,2.1711158421420107,0.08000000000000033,0.03,0.5674400000000012,0.3408160841275568,10435.299999999996,40.77333333333334,94.54,0.013319999999999999,0.016199999999999992,0.05437176010655131,2,7.348000000000001,74
6.752,2.294020052222737,0.10000000000000035,0.045825756949558406,0.7420000000000012,0.4823524951734367,12874.999999999995,40.62000000000001,93.5,0.046692,0.20159999999999995,0.05762659210935085,2,9.492,74
8.022666666666668,0.11015141094567515,0.11666666666666702,0.020816659994661334,0.9374666666666679,0.18029437854068475,15044.699999999997,44.466666666666676,94.14666666666666,-0.0045079999999999955,-0.004999999999999982,0.0623079462349155,2,6.596666666666668,74
6.572,2.5208030466500175,0.09333333333333367,0.050332229568471665,0.6924000000000011,0.5036215023209799,11758.033333333327,40.19333333333335,93.79666666666667,-0.049624,-0.22359999999999997,0.05888239112625483,2,1.2213333333333334,74
6.521333333333334,2.4747568230703685,0.08333333333333366,0.03785938897200181,0.6054666666666679,0.3997788375256685,10969.999999999995,40.113333333333344,94.8,0.004331999999999997,0.0033999999999999807,0.055187919667001026,2,7.318666666666666,74
6.597333333333334,2.5416005455880244,0.09666666666666701,0.05131601439446885,0.7216533333333345,0.5149755121686601,12838.06666666666,40.113333333333344,94.3,0.04968,0.22400000000000003,0.05620761633763629,2,9.501333333333333,74
8.069333333333333,0.08053156730948365,0.126666666666667,0.015275252316519492,1.0229333333333346,0.13310272323799713,16398.066666666662,44.69666666666668,94.41666666666667,0.008608,0.004800000000000004,0.062377533680778675,2,8.753333333333334,74
8.016,0.1693280839081026,0.12000000000000034,0.026457513110645925,0.9649066666666678,0.23022995576894728,14836.399999999996,44.70333333333334,94.64666666666666,-0.021800000000000003,-0.016000000000000014,0.06503205862662381,2,5.868,74
7.973333333333334,0.13322662396579532,0.11333333333333366,0.020816659994661348,0.9054933333333345,0.17988471567471204,14346.966666666662,44.866666666666674,95.47666666666667,-0.004424,-0.0032000000000000028,0.06310952306830944,2,8.016,74
7.969333333333334,0.1285197779850378,0.11333333333333366,0.020816659994661348,0.9049733333333344,0.17925754581989564,14655.866666666663,45.00333333333335,95.96999999999998,0.017234,0.012199999999999989,0.061743983479870736,2,8.740333333333334,74
8.056,0.03555277766910046,0.12333333333333367,0.005773502691896317,0.9936133333333345,0.048001405535370585,16573.899999999998,45.38333333333335,95.46,0.00040799999999999723,0.0033999999999999807,0.05994686745219184,2,8.084,74
8.026666666666666,0.08582152022262457,0.11666666666666702,0.015275252316519486,0.9372400000000011,0.1311410294302982,15407.499999999995,45.24000000000001,95.32,-0.012801999999999997,-0.006999999999999984,0.06082616737515017,2,6.606666666666667,74
7.601333333333334,0.7052299861274548,0.09666666666666701,0.025166114784235836,0.7461066666666678,0.25060403614741245,12821.666666666662,44.33000000000001,95.58999999999999,-0.024731999999999997,-0.06459999999999999,0.05818654466049715,2,3.962,74
7.164000000000001,0.6617189735832004,0.08000000000000033,0.017320508075688773,0.5807600000000012,0.18363336080364584,10391.13333333333,37.686666666666675,97.19666666666667,-0.015938,-0.05779999999999998,0.0558845793613119,2,3.9503333333333344,74
6.66,0.2115466851548689,0.07,0.0,0.4662000000000012,0.01480826796229557,8995.566666666662,31.426666666666677,98.65333333333335,-0.0013159999999999977,-0.018799999999999973,0.051819768281974404,2,3.742666666666667,74
6.498666666666668,0.24279483794625825,0.07,0.0,0.45490666666666785,0.016995638657508576,8913.899999999996,25.653333333333347,100.0,-0.0016240000000000033,-0.02320000000000002,0.051027680250666646,2,3.6796666666666664,74
6.3293333333333335,0.07821338333912453,0.07,0.0,0.44305333333333446,0.005474936837692361,8682.499999999995,25.616666666666674,100.0,-0.0005320000000000019,-0.007600000000000007,0.051022437189305554,2,3.6540000000000004,74
6.508,0.38514412886608584,0.07,0.0,0.45556000000000113,0.026960089021426797,8738.63333333333,25.676666666666677,100.0,0.0022540000000000004,0.032200000000000006,0.0521257566106894,2,4.0553333333333335,74
5.505333333333333,1.940607465030826,0.056666666666667004,0.023094010767585035,0.34137333333333447,0.21127818376107313,7041.966666666663,25.613333333333344,100.0,-0.016974000000000003,-0.14820000000000003,0.04847010492737454,2,0.8249999999999998,74
4.666666666666667,1.9917924925386643,0.05000000000000034,0.020000000000000004,0.2576800000000011,0.20315179349453286,6655.566666666662,29.766666666666676,97.93,-0.014962,-0.16019999999999998,0.0387106466296441,2,1.5616666666666668,74
3.44,0.2671029763968868,0.030000000000000332,0.02,0.10637333333333443,0.0776031580116442,4281.933333333328,29.60000000000001,97.93,-0.0033139999999999997,-0.0014000000000000013,0.024836560612664507,2,0.27266666666666667,74
3.436,0.2703183308621077,0.026666666666667,0.020816659994661327,0.09529333333333445,0.08145943121198633,4025.799999999995,29.52333333333334,97.93,-0.006082000000000001,-0.02300000000000002,0.023664779311943617,2,0.5479999999999999,74
3.2866666666666666,0.014047538339942576,0.020000000000000333,0.009999999999999992,0.06582666666666777,0.033140050292367336,2760.5333333333288,25.25000000000001,100.0,0.0033139999999999997,0.0014000000000000013,0.023836998768800383,2,0.8249999999999998,74
3.292,0.006928203235956186,0.023333333333333664,0.005773502691896246,0.07684000000000112,0.019191122949092608,3136.099999999995,25.233333333333345,100.0,0.0,0.0,0.02449395938924524,2,0.5479999999999999,74
3.2946666666666666,0.006110100933044488,0.023333333333333667,0.005773502691896246,0.07689333333333444,0.019145102072867667,3320.2666666666614,25.21666666666668,100.0,-0.0016539999999999999,-0.00020000000000000017,0.023151809550573443,2,0.5493333333333332,74
