timestamp,voltage,current,power,lux,temperature,humidity,source_file,source_row,quality_flag
2026-04-25T16:05:00Z,3.968000,0.040000,0.158720,5069.200000,29.310000,76.510000,Week3/Day 20!.csv,2,OK
2026-04-25T16:15:00Z,6.068000,0.070000,0.424760,9246.700000,29.490000,74.260000,Week3/Day 20!.csv,3,OK
2026-04-25T16:25:00Z,7.748000,0.080000,0.619840,9493.300000,29.930000,71.890000,Week3/Day 20!.csv,4,OK
2026-04-25T16:35:00Z,7.792000,0.080000,0.623360,10325.000000,30.540000,69.780000,Week3/Day 20!.csv,5,OK
2026-04-25T16:45:00Z,8.424000,0.140000,1.179360,13540.000000,31.900000,65.590000,Week3/Day 20!.csv,6,OK
2026-04-25T16:55:00Z,8.364000,0.140000,1.170960,13025.000000,33.070000,62.300000,Week3/Day 20!.csv,7,OK
2026-04-25T17:05:00Z,8.532000,0.170000,1.450440,12680.800000,35.210000,55.410000,Week3/Day 20!.csv,8,OK
2026-04-25T17:15:00Z,8.664000,0.180000,1.559520,47150.000000,36.920000,51.560000,Week3/Day 20!.csv,9,OK
2026-04-25T17:25:00Z,9.152000,0.270000,2.471040,44764.200000,38.490000,46.400000,Week3/Day 20!.csv,10,OK
2026-04-25T17:35:00Z,8.940000,0.230000,2.056200,54612.500000,40.490000,42.570000,Week3/Day 20!.csv,11,OK
2026-04-25T17:44:00Z,9.940000,0.480000,4.771200,54612.500000,42.050000,39.400000,Week3/Day 20!.csv,12,OK
2026-04-25T17:54:00Z,10.288000,0.580000,5.967040,54612.500000,39.140000,46.270000,Week3/Day 20!.csv,13,OK
2026-04-25T18:04:00Z,8.076000,0.110000,0.888360,13895.000000,36.150000,52.180000,Week3/Day 20!.csv,14,OK
2026-04-25T18:14:00Z,7.772000,0.080000,0.621760,11206.700000,33.460000,57.690000,Week3/Day 20!.csv,15,OK
2026-04-25T18:24:00Z,8.140000,0.120000,0.976800,16715.800000,32.900000,60.200000,Week3/Day 20!.csv,16,OK
2026-04-25T18:34:00Z,8.832000,0.240000,2.119680,33072.500000,35.210000,52.290000,Week3/Day 20!.csv,17,OK
2026-04-25T18:44:00Z,10.288000,0.600000,6.172800,54612.500000,38.680000,44.830000,Week3/Day 20!.csv,18,OK
2026-04-25T18:54:00Z,10.212000,0.570000,5.820840,54612.500000,37.460000,48.740000,Week3/Day 20!.csv,19,OK
2026-04-25T19:04:00Z,10.324000,0.600000,6.194400,54612.500000,39.400000,42.980000,Week3/Day 20!.csv,20,OK
2026-04-25T19:14:00Z,10.380000,0.630000,6.539400,54612.500000,40.560000,40.690000,Week3/Day 20!.csv,21,OK
2026-04-25T19:24:00Z,10.532000,0.670000,7.056440,54612.500000,40.370000,43.180000,Week3/Day 20!.csv,22,OK
2026-04-25T19:34:00Z,10.432000,0.650000,6.780800,54612.500000,41.030000,42.080000,Week3/Day 20!.csv,23,OK
2026-04-25T19:44:00Z,10.520000,0.660000,6.943200,54612.500000,41.490000,38.410000,Week3/Day 20!.csv,24,OK
2026-04-25T19:54:00Z,10.452000,0.660000,6.898320,54612.500000,42.110000,36.760000,Week3/Day 20!.csv,25,OK
2026-04-25T20:04:00Z,10.500000,0.670000,7.035000,54612.500000,42.400000,36.660000,Week3/Day 20!.csv,26,OK
2026-04-25T20:14:00Z,10.516000,0.660000,6.940560,54612.500000,42.900000,34.110000,Week3/Day 20!.csv,27,OK
2026-04-25T20:24:00Z,10.540000,0.680000,7.167200,54612.500000,43.810000,34.190000,Week3/Day 20!.csv,28,OK
2026-04-25T20:34:00Z,10.476000,0.660000,6.914160,54612.500000,44.290000,33.080000,Week3/Day 20!.csv,29,OK
2026-04-25T20:44:00Z,9.900000,0.510000,5.049000,54612.500000,45.290000,32.690000,Week3/Day 20!.csv,30,OK
2026-04-25T20:54:00Z,9.880000,0.500000,4.940000,54612.500000,47.070000,31.720000,Week3/Day 20!.csv,31,OK
2026-04-25T21:04:00Z,9.848000,0.490000,4.825520,54612.500000,47.000000,30.010000,Week3/Day 20!.csv,32,OK
2026-04-25T21:14:00Z,9.748000,0.470000,4.581560,54612.500000,47.030000,29.880000,Week3/Day 20!.csv,33,OK
2026-04-25T21:24:00Z,9.680000,0.450000,4.356000,54612.500000,47.090000,31.300000,Week3/Day 20!.csv,34,OK
2026-04-25T21:34:00Z,9.584000,0.430000,4.121120,54612.500000,47.640000,29.340000,Week3/Day 20!.csv,35,OK
2026-04-25T21:44:00Z,9.516000,0.410000,3.901560,54612.500000,47.420000,30.640000,Week3/Day 20!.csv,36,OK
2026-04-25T21:54:00Z,9.436000,0.390000,3.680040,54612.500000,47.290000,32.330000,Week3/Day 20!.csv,37,OK
2026-04-25T22:04:00Z,9.376000,0.370000,3.469120,54612.500000,46.960000,32.260000,Week3/Day 20!.csv,38,OK
2026-04-25T22:14:00Z,9.248000,0.350000,3.236800,54612.500000,47.330000,31.870000,Week3/Day 20!.csv,39,OK
2026-04-25T22:24:00Z,9.180000,0.330000,3.029400,54612.500000,47.550000,28.640000,Week3/Day 20!.csv,40,OK
2026-04-25T22:34:00Z,9.044000,0.300000,2.713200,54612.500000,46.350000,30.850000,Week3/Day 20!.csv,41,OK
2026-04-25T22:44:00Z,8.876000,0.270000,2.396520,54612.500000,45.560000,32.770000,Week3/Day 20!.csv,42,OK
2026-04-25T22:54:00Z,8.804000,0.250000,2.201000,54612.500000,44.440000,34.720000,Week3/Day 20!.csv,43,OK
2026-04-25T23:04:00Z,8.588000,0.200000,1.717600,43655.800000,41.500000,39.770000,Week3/Day 20!.csv,44,OK
2026-04-25T23:14:00Z,7.912000,0.100000,0.791200,16106.700000,39.490000,43.790000,Week3/Day 20!.csv,45,OK
2026-04-25T23:24:00Z,7.900000,0.090000,0.711000,15471.700000,38.380000,45.780000,Week3/Day 20!.csv,46,OK
2026-04-25T23:34:00Z,7.820000,0.090000,0.703800,15600.000000,37.180000,47.840000,Week3/Day 20!.csv,47,OK
2026-04-25T23:44:00Z,7.864000,0.090000,0.707760,15334.200000,36.730000,49.560000,Week3/Day 20!.csv,48,OK
2026-04-25T23:54:00Z,7.880000,0.090000,0.709200,14955.000000,36.070000,50.310000,Week3/Day 20!.csv,49,OK
2026-04-26T00:04:00Z,7.684000,0.080000,0.614720,14132.500000,35.950000,51.300000,Week3/Day 20!.csv,50,OK
2026-04-26T00:14:00Z,7.720000,0.080000,0.617600,13652.500000,35.630000,52.630000,Week3/Day 20!.csv,51,OK
2026-04-26T00:24:00Z,7.344000,0.080000,0.587520,12366.700000,35.870000,51.250000,Week3/Day 20!.csv,52,OK
2026-04-26T00:34:00Z,6.100000,0.070000,0.427000,10772.500000,35.620000,53.490000,Week3/Day 20!.csv,53,OK
2026-04-26T00:44:00Z,4.648000,0.060000,0.278880,8199.200000,34.950000,54.740000,Week3/Day 20!.csv,54,OK
2026-04-26T00:54:00Z,4.252000,0.050000,0.212600,7262.500000,34.320000,55.870000,Week3/Day 20!.csv,55,OK
2026-04-26T01:04:00Z,3.856000,0.040000,0.154240,6188.300000,33.760000,59.020000,Week3/Day 20!.csv,56,OK
2026-04-26T01:13:00Z,3.764000,0.040000,0.150560,5609.200000,33.660000,59.090000,Week3/Day 20!.csv,57,OK
2026-04-26T01:23:00Z,3.232000,0.030000,0.096960,4214.200000,34.150000,57.900000,Week3/Day 20!.csv,58,OK
2026-04-26T01:33:00Z,3.260000,0.030000,0.097800,3933.300000,34.010000,58.050000,Week3/Day 20!.csv,59,OK
2026-04-26T01:43:00Z,3.228000,0.020000,0.064560,3594.200000,33.740000,59.910000,Week3/Day 20!.csv,60,OK
2026-04-26T01:53:00Z,3.224000,0.020000,0.064480,2721.700000,33.570000,60.010000,Week3/Day 20!.csv,61,OK
2026-04-26T02:03:00Z,3.220000,0.020000,0.064400,2215.000000,33.590000,61.010000,Week3/Day 20!.csv,62,OK
2026-04-26T02:13:00Z,3.216000,0.010000,0.032160,1584.200000,33.320000,60.720000,Week3/Day 20!.csv,63,OK
2026-04-26T02:23:00Z,3.212000,0.010000,0.032120,1236.700000,33.020000,62.110000,Week3/Day 20!.csv,64,OK
2026-04-26T02:33:00Z,3.184000,0.010000,0.031840,858.300000,33.070000,59.900000,Week3/Day 20!.csv,65,OK
2026-04-26T02:43:00Z,3.180000,0.010000,0.031800,671.700000,32.790000,61.840000,Week3/Day 20!.csv,66,OK
2026-04-26T02:53:00Z,3.064000,0.000000,0.000000,210.800000,32.700000,62.720000,Week3/Day 20!.csv,67,OK
2026-04-26T03:03:00Z,2.276000,0.000000,0.000000,17.500000,32.640000,62.130000,Week3/Day 20!.csv,68,OK
2026-04-26T03:13:00Z,2.048000,0.000000,0.000000,1.700000,32.370000,62.660000,Week3/Day 20!.csv,69,OK
2026-04-26T03:23:00Z,0.660000,0.000000,0.000000,0.000000,32.250000,62.150000,Week3/Day 20!.csv,70,OK
2026-04-26T03:33:00Z,0.284000,0.000000,0.000000,0.000000,32.260000,63.750000,Week3/Day 20!.csv,71,OK
2026-04-29T08:47:00Z,9.096000,0.330000,3.001680,2108.300000,34.380000,55.590000,Week1/Day 0.csv,2,OK
2026-04-30T07:47:00Z,3.356000,0.040000,0.134240,4825.800000,30.470000,72.310000,Week1/Day 1.csv,2,OK
2026-04-30T07:57:00Z,7.944000,0.090000,0.714960,11258.300000,30.620000,68.770000,Week1/Day 1.csv,3,OK
2026-04-30T08:07:00Z,8.204000,0.100000,0.820400,12032.500000,31.140000,68.640000,Week1/Day 1.csv,4,OK
2026-04-30T08:17:00Z,7.828000,0.080000,0.626240,9878.300000,31.700000,66.540000,Week1/Day 1.csv,5,OK
2026-04-30T08:27:00Z,6.964000,0.070000,0.487480,8147.500000,31.680000,67.630000,Week1/Day 1.csv,6,OK
2026-04-30T08:37:00Z,7.592000,0.080000,0.607360,7624.200000,31.920000,67.520000,Week1/Day 1.csv,7,OK
2026-04-30T08:47:00Z,8.104000,0.100000,0.810400,12332.500000,32.130000,66.320000,Week1/Day 1.csv,8,OK
2026-04-30T08:57:00Z,8.148000,0.110000,0.896280,15680.800000,32.970000,63.280000,Week1/Day 1.csv,9,OK
2026-04-30T09:07:00Z,8.168000,0.110000,0.898480,26505.000000,34.060000,59.890000,Week1/Day 1.csv,10,OK
2026-04-30T09:17:00Z,8.496000,0.150000,1.274400,43884.200000,35.050000,56.320000,Week1/Day 1.csv,11,OK
2026-04-30T09:27:00Z,8.416000,0.140000,1.178240,36838.300000,36.440000,52.630000,Week1/Day 1.csv,12,OK
2026-04-30T09:37:00Z,7.880000,0.090000,0.709200,10996.700000,35.740000,54.420000,Week1/Day 1.csv,13,OK
2026-04-30T09:47:00Z,7.996000,0.100000,0.799600,13535.000000,34.640000,56.660000,Week1/Day 1.csv,14,OK
2026-04-30T09:57:00Z,8.504000,0.150000,1.275600,52126.700000,35.920000,51.250000,Week1/Day 1.csv,15,OK
2026-04-30T10:07:00Z,8.276000,0.120000,0.993120,19671.700000,35.980000,49.680000,Week1/Day 1.csv,16,OK
2026-04-30T10:17:00Z,8.868000,0.270000,2.394360,37026.700000,39.640000,43.420000,Week1/Day 1.csv,17,OK
2026-04-30T10:27:00Z,9.840000,0.520000,5.116800,54612.500000,41.160000,39.720000,Week1/Day 1.csv,18,OK
2026-04-30T10:37:00Z,9.924000,0.550000,5.458200,54612.500000,45.490000,37.180000,Week1/Day 1.csv,19,OK
2026-04-30T10:47:00Z,10.016000,0.570000,5.709120,54612.500000,48.250000,26.190000,Week1/Day 1.csv,20,OK
2026-04-30T10:57:00Z,10.048000,0.590000,5.928320,54612.500000,50.000000,24.520000,Week1/Day 1.csv,21,OK
2026-04-30T11:07:00Z,10.104000,0.600000,6.062400,54612.500000,51.470000,23.210000,Week1/Day 1.csv,22,OK
2026-04-30T11:17:00Z,10.104000,0.610000,6.163440,54612.500000,51.970000,20.920000,Week1/Day 1.csv,23,OK
2026-04-30T11:27:00Z,10.168000,0.620000,6.304160,54612.500000,52.540000,22.130000,Week1/Day 1.csv,24,OK
2026-04-30T11:37:00Z,10.200000,0.630000,6.426000,54612.500000,52.410000,22.310000,Week1/Day 1.csv,25,OK
2026-04-30T11:47:00Z,10.220000,0.640000,6.540800,54612.500000,53.620000,20.840000,Week1/Day 1.csv,26,OK
2026-04-30T11:57:00Z,10.256000,0.650000,6.666400,54612.500000,53.170000,21.130000,Week1/Day 1.csv,27,OK
2026-04-30T12:07:00Z,10.232000,0.650000,6.650800,54612.500000,53.490000,20.380000,Week1/Day 1.csv,28,OK
2026-04-30T12:17:00Z,10.256000,0.660000,6.768960,54612.500000,53.290000,20.450000,Week1/Day 1.csv,29,OK
2026-04-30T12:27:00Z,10.232000,0.660000,6.753120,54612.500000,53.050000,21.780000,Week1/Day 1.csv,30,OK
2026-04-30T12:37:00Z,10.244000,0.660000,6.761040,54612.500000,53.500000,22.750000,Week1/Day 1.csv,31,OK
2026-04-30T12:47:00Z,10.252000,0.660000,6.766320,54612.500000,54.120000,22.000000,Week1/Day 1.csv,32,OK
2026-04-30T12:57:00Z,10.196000,0.650000,6.627400,54612.500000,53.620000,20.290000,Week1/Day 1.csv,33,OK
2026-04-30T13:07:00Z,10.192000,0.640000,6.522880,54612.500000,54.710000,22.740000,Week1/Day 1.csv,34,OK
2026-04-30T13:17:00Z,10.140000,0.630000,6.388200,54612.500000,54.270000,20.290000,Week1/Day 1.csv,35,OK
2026-04-30T13:26:00Z,10.060000,0.610000,6.136600,54612.500000,53.620000,21.810000,Week1/Day 1.csv,36,OK
2026-04-30T13:36:00Z,9.968000,0.590000,5.881120,54612.500000,53.420000,21.670000,Week1/Day 1.csv,37,OK
2026-04-30T13:46:00Z,9.896000,0.560000,5.541760,54612.500000,51.980000,23.220000,Week1/Day 1.csv,38,OK
2026-04-30T13:56:00Z,9.820000,0.540000,5.302800,54612.500000,53.230000,20.940000,Week1/Day 1.csv,39,OK
2026-04-30T14:06:00Z,9.720000,0.510000,4.957200,54612.500000,52.750000,21.460000,Week1/Day 1.csv,40,OK
2026-04-30T14:16:00Z,9.608000,0.480000,4.611840,54612.500000,50.750000,22.820000,Week1/Day 1.csv,41,OK
2026-04-30T14:26:00Z,9.528000,0.450000,4.287600,54612.500000,50.430000,25.510000,Week1/Day 1.csv,42,OK
2026-04-30T14:36:00Z,9.404000,0.420000,3.949680,50450.800000,50.370000,24.200000,Week1/Day 1.csv,43,OK
2026-04-30T14:46:00Z,9.300000,0.400000,3.720000,49374.200000,48.930000,24.750000,Week1/Day 1.csv,44,OK
2026-04-30T14:56:00Z,8.120000,0.130000,1.055600,18445.000000,49.060000,25.260000,Week1/Day 1.csv,45,OK
2026-04-30T15:06:00Z,8.080000,0.120000,0.969600,17284.200000,47.720000,27.950000,Week1/Day 1.csv,46,OK
2026-04-30T15:16:00Z,7.996000,0.110000,0.879560,16250.000000,44.700000,33.300000,Week1/Day 1.csv,47,OK
2026-04-30T15:26:00Z,8.008000,0.110000,0.880880,15502.500000,41.480000,38.100000,Week1/Day 1.csv,48,OK
2026-04-30T15:36:00Z,7.892000,0.100000,0.789200,14439.200000,39.600000,39.810000,Week1/Day 1.csv,49,OK
2026-04-30T15:46:00Z,7.888000,0.090000,0.709920,13705.800000,38.390000,42.190000,Week1/Day 1.csv,50,OK
2026-04-30T15:56:00Z,7.724000,0.080000,0.617920,12659.200000,36.870000,46.370000,Week1/Day 1.csv,51,OK
2026-04-30T16:06:00Z,7.504000,0.080000,0.600320,11818.300000,36.790000,46.750000,Week1/Day 1.csv,52,OK
2026-04-30T16:16:00Z,6.924000,0.070000,0.484680,10914.200000,36.790000,46.550000,Week1/Day 1.csv,53,OK
2026-04-30T16:26:00Z,6.076000,0.070000,0.425320,10011.700000,36.180000,48.780000,Week1/Day 1.csv,54,OK
2026-04-30T16:36:00Z,5.416000,0.060000,0.324960,9198.300000,36.320000,46.560000,Week1/Day 1.csv,55,OK
2026-04-30T16:46:00Z,4.772000,0.060000,0.286320,8372.500000,35.610000,49.210000,Week1/Day 1.csv,56,OK
2026-04-30T16:56:00Z,4.212000,0.050000,0.210600,7605.000000,35.170000,50.710000,Week1/Day 1.csv,57,OK
2026-04-30T17:06:00Z,3.980000,0.050000,0.199000,6765.000000,35.060000,51.080000,Week1/Day 1.csv,58,OK
2026-04-30T17:16:00Z,3.700000,0.040000,0.148000,5965.000000,34.450000,49.290000,Week1/Day 1.csv,59,OK
2026-04-30T17:26:00Z,3.560000,0.040000,0.142400,5253.300000,34.310000,52.000000,Week1/Day 1.csv,60,OK
2026-04-30T17:36:00Z,3.352000,0.030000,0.100560,4545.000000,33.900000,53.620000,Week1/Day 1.csv,61,OK
2026-04-30T17:46:00Z,3.236000,0.030000,0.097080,3822.500000,33.670000,53.840000,Week1/Day 1.csv,62,OK
2026-04-30T17:56:00Z,3.220000,0.020000,0.064400,3054.200000,33.280000,55.730000,Week1/Day 1.csv,63,OK
2026-04-30T18:06:00Z,3.220000,0.020000,0.064400,2273.300000,33.150000,56.150000,Week1/Day 1.csv,64,OK
2026-04-30T18:16:00Z,3.216000,0.010000,0.032160,1596.700000,32.750000,57.660000,Week1/Day 1.csv,65,OK
2026-04-30T18:26:00Z,3.188000,0.010000,0.031880,996.700000,32.390000,57.280000,Week1/Day 1.csv,66,OK
2026-04-30T18:36:00Z,3.020000,0.000000,0.000000,498.300000,32.240000,59.860000,Week1/Day 1.csv,67,OK
2026-04-30T18:46:00Z,2.520000,0.000000,0.000000,172.500000,32.180000,55.370000,Week1/Day 1.csv,68,OK
2026-04-30T18:56:00Z,2.244000,0.000000,0.000000,25.800000,31.880000,60.580000,Week1/Day 1.csv,69,OK
2026-04-30T19:06:00Z,1.044000,0.000000,0.000000,0.800000,31.740000,61.750000,Week1/Day 1.csv,70,OK
2026-04-30T19:16:00Z,0.356000,0.000000,0.000000,0.000000,31.790000,62.550000,Week1/Day 1.csv,71,OK
2026-04-30T19:25:00Z,0.284000,0.000000,0.000000,0.000000,31.630000,57.770000,Week1/Day 1.csv,72,OK
2026-04-30T19:35:00Z,0.276000,0.000000,0.000000,0.000000,31.600000,63.530000,Week1/Day 1.csv,73,OK
2026-04-30T19:45:00Z,0.280000,0.000000,0.000000,0.000000,31.400000,62.940000,Week1/Day 1.csv,74,OK
2026-04-30T19:55:00Z,0.284000,0.000000,0.000000,0.000000,31.420000,62.730000,Week1/Day 1.csv,75,OK
2026-04-30T20:05:00Z,0.280000,0.000000,0.000000,0.000000,31.260000,63.310000,Week1/Day 1.csv,76,OK
2026-05-01T07:46:00Z,3.300000,0.030000,0.099000,4233.300000,30.800000,69.660000,Week1/Day 2.csv,2,OK
2026-05-01T07:46:00Z,3.260000,0.020000,0.065200,3574.200000,31.100000,87.890000,Week1/Day 2.csv,3,OK
2026-05-01T07:56:00Z,4.316000,0.070000,0.302120,7844.200000,31.060000,65.720000,Week1/Day 2.csv,4,OK
2026-05-01T08:06:00Z,4.852000,0.070000,0.339640,8811.700000,31.230000,64.640000,Week1/Day 2.csv,5,OK
2026-05-01T08:16:00Z,7.836000,0.080000,0.626880,10128.300000,31.800000,62.950000,Week1/Day 2.csv,6,OK
2026-05-01T08:26:00Z,7.940000,0.090000,0.714600,11171.700000,32.560000,60.380000,Week1/Day 2.csv,7,OK
2026-05-01T08:36:00Z,7.908000,0.090000,0.711720,11443.300000,33.350000,59.480000,Week1/Day 2.csv,8,OK
2026-05-01T08:46:00Z,8.100000,0.110000,0.891000,13842.500000,34.490000,56.610000,Week1/Day 2.csv,9,OK
2026-05-01T08:56:00Z,7.476000,0.080000,0.598080,8740.800000,34.710000,54.840000,Week1/Day 2.csv,10,OK
2026-05-01T09:06:00Z,6.752000,0.070000,0.472640,8569.200000,34.060000,56.800000,Week1/Day 2.csv,11,OK
2026-05-01T09:16:00Z,8.068000,0.110000,0.887480,13702.500000,33.980000,57.580000,Week1/Day 2.csv,12,OK
2026-05-01T09:26:00Z,8.800000,0.210000,1.848000,20609.200000,33.890000,57.500000,Week1/Day 2.csv,13,OK
2026-05-01T09:36:00Z,9.128000,0.290000,2.647120,23118.300000,35.770000,52.710000,Week1/Day 2.csv,14,OK
2026-05-01T09:46:00Z,9.180000,0.310000,2.845800,26976.700000,38.360000,45.690000,Week1/Day 2.csv,15,OK
2026-05-01T09:56:00Z,8.464000,0.170000,1.438880,19963.300000,38.930000,45.730000,Week1/Day 2.csv,16,OK
2026-05-01T10:06:00Z,8.588000,0.200000,1.717600,18536.700000,39.410000,44.910000,Week1/Day 2.csv,17,OK
2026-05-01T10:16:00Z,7.956000,0.100000,0.795600,12097.500000,36.640000,48.990000,Week1/Day 2.csv,18,OK
2026-05-01T10:26:00Z,8.256000,0.140000,1.155840,17735.000000,36.070000,50.530000,Week1/Day 2.csv,19,OK
2026-05-01T10:36:00Z,9.184000,0.310000,2.847040,35070.000000,40.470000,41.190000,Week1/Day 2.csv,20,OK
2026-05-01T10:46:00Z,9.392000,0.380000,3.568960,44180.000000,43.200000,36.680000,Week1/Day 2.csv,21,OK
2026-05-01T10:56:00Z,9.912000,0.540000,5.352480,47248.300000,45.100000,34.760000,Week1/Day 2.csv,22,OK
2026-05-01T11:06:00Z,9.812000,0.510000,5.004120,45115.800000,45.650000,35.810000,Week1/Day 2.csv,23,OK
2026-05-01T11:16:00Z,9.796000,0.490000,4.800040,48831.700000,46.350000,32.310000,Week1/Day 2.csv,24,OK
2026-05-01T11:26:00Z,9.936000,0.550000,5.464800,52829.200000,47.250000,33.540000,Week1/Day 2.csv,25,OK
2026-05-01T11:36:00Z,10.048000,0.580000,5.827840,54028.300000,47.890000,29.120000,Week1/Day 2.csv,26,OK
2026-05-01T11:46:00Z,10.028000,0.560000,5.615680,54612.500000,48.340000,27.490000,Week1/Day 2.csv,27,OK
2026-05-01T11:56:00Z,10.056000,0.580000,5.832480,54612.500000,49.370000,26.840000,Week1/Day 2.csv,28,OK
2026-05-01T12:06:00Z,10.088000,0.600000,6.052800,54612.500000,50.650000,26.310000,Week1/Day 2.csv,29,OK
2026-05-01T12:16:00Z,10.172000,0.630000,6.408360,54612.500000,50.850000,22.760000,Week1/Day 2.csv,30,OK
2026-05-01T12:26:00Z,10.136000,0.620000,6.284320,54612.500000,51.050000,24.700000,Week1/Day 2.csv,31,OK
2026-05-01T12:36:00Z,10.020000,0.600000,6.012000,54612.500000,51.750000,22.010000,Week1/Day 2.csv,32,OK
2026-05-01T12:46:00Z,10.144000,0.630000,6.390720,54612.500000,52.190000,23.250000,Week1/Day 2.csv,33,OK
2026-05-01T12:56:00Z,10.080000,0.610000,6.148800,54612.500000,51.850000,25.140000,Week1/Day 2.csv,34,OK
2026-05-01T13:06:00Z,10.084000,0.600000,6.050400,54612.500000,51.730000,23.430000,Week1/Day 2.csv,35,OK
2026-05-01T13:16:00Z,10.052000,0.600000,6.031200,54612.500000,52.320000,22.590000,Week1/Day 2.csv,36,OK
2026-05-01T13:26:00Z,10.108000,0.610000,6.165880,54612.500000,53.020000,25.560000,Week1/Day 2.csv,37,OK
2026-05-01T13:36:00Z,10.088000,0.610000,6.153680,54612.500000,52.900000,22.540000,Week1/Day 2.csv,38,OK
2026-05-01T13:46:00Z,10.032000,0.590000,5.918880,54612.500000,52.330000,23.330000,Week1/Day 2.csv,39,OK
2026-05-01T13:56:00Z,9.984000,0.580000,5.790720,54612.500000,51.690000,23.080000,Week1/Day 2.csv,40,OK
2026-05-01T14:06:00Z,10.168000,0.590000,5.999120,54612.500000,52.740000,22.620000,Week1/Day 2.csv,41,OK
2026-05-01T14:16:00Z,9.844000,0.530000,5.217320,54612.500000,51.680000,23.180000,Week1/Day 2.csv,42,OK
2026-05-01T14:26:00Z,9.260000,0.380000,3.518800,53319.200000,49.280000,26.930000,Week1/Day 2.csv,43,OK
2026-05-01T14:36:00Z,9.760000,0.500000,4.880000,54612.500000,49.760000,25.430000,Week1/Day 2.csv,44,OK
2026-05-01T14:46:00Z,9.604000,0.460000,4.417840,54612.500000,49.440000,25.040000,Week1/Day 2.csv,45,OK
2026-05-01T14:56:00Z,9.496000,0.420000,3.988320,54612.500000,48.090000,27.390000,Week1/Day 2.csv,46,OK
2026-05-01T15:06:00Z,9.500000,0.410000,3.895000,54612.500000,46.830000,28.490000,Week1/Day 2.csv,47,OK
2026-05-01T15:15:00Z,8.344000,0.150000,1.251600,49029.200000,43.500000,34.870000,Week1/Day 2.csv,48,OK
2026-05-01T15:25:00Z,8.184000,0.130000,1.063920,21045.800000,42.620000,36.090000,Week1/Day 2.csv,49,OK
2026-05-01T15:35:00Z,8.212000,0.130000,1.067560,19913.300000,40.320000,39.780000,Week1/Day 2.csv,50,OK
2026-05-01T15:45:00Z,8.084000,0.110000,0.889240,17771.700000,39.500000,42.170000,Week1/Day 2.csv,51,OK
2026-05-01T15:55:00Z,8.004000,0.100000,0.800400,16474.200000,38.600000,44.540000,Week1/Day 2.csv,52,OK
2026-05-01T16:05:00Z,7.876000,0.090000,0.708840,14148.300000,38.220000,44.370000,Week1/Day 2.csv,53,OK
2026-05-01T16:15:00Z,7.528000,0.080000,0.602240,12479.200000,37.720000,44.770000,Week1/Day 2.csv,54,OK
2026-05-01T16:25:00Z,6.732000,0.070000,0.471240,11202.500000,36.650000,47.260000,Week1/Day 2.csv,55,OK
2026-05-01T16:35:00Z,5.796000,0.070000,0.405720,10167.500000,36.650000,46.550000,Week1/Day 2.csv,56,OK
2026-05-01T16:45:00Z,4.784000,0.060000,0.287040,8827.500000,35.850000,49.930000,Week1/Day 2.csv,57,OK
2026-05-01T16:55:00Z,4.396000,0.050000,0.219800,8031.700000,35.620000,50.780000,Week1/Day 2.csv,58,OK
2026-05-01T17:05:00Z,4.048000,0.050000,0.202400,7235.000000,35.140000,50.660000,Week1/Day 2.csv,59,OK
2026-05-01T17:15:00Z,3.848000,0.040000,0.153920,6532.500000,35.220000,51.960000,Week1/Day 2.csv,60,OK
2026-05-01T17:25:00Z,4.436000,0.050000,0.221800,6655.800000,34.940000,54.610000,Week1/Day 2.csv,61,OK
2026-05-01T17:35:00Z,3.840000,0.040000,0.153600,5137.500000,34.380000,56.920000,Week1/Day 2.csv,62,OK
2026-05-01T17:45:00Z,3.496000,0.040000,0.139840,3957.500000,34.260000,55.790000,Week1/Day 2.csv,63,OK
2026-05-01T17:55:00Z,3.296000,0.030000,0.098880,3503.300000,34.110000,57.570000,Week1/Day 2.csv,64,OK
2026-05-01T18:05:00Z,3.224000,0.020000,0.064480,2288.300000,33.520000,58.840000,Week1/Day 2.csv,65,OK
2026-05-01T18:15:00Z,3.220000,0.010000,0.032200,1585.800000,33.280000,54.860000,Week1/Day 2.csv,66,OK
2026-05-01T18:25:00Z,3.220000,0.010000,0.032200,1266.700000,32.970000,60.140000,Week1/Day 2.csv,67,OK
2026-05-01T18:35:00Z,3.168000,0.010000,0.031680,700.800000,32.440000,59.940000,Week1/Day 2.csv,68,OK
2026-05-01T18:45:00Z,3.088000,0.000000,0.000000,384.200000,32.300000,59.090000,Week1/Day 2.csv,69,OK
2026-05-02T07:22:00Z,3.284000,0.030000,0.098520,2698.300000,30.530000,69.120000,Week1/Day 3.csv,2,OK
2026-05-02T07:32:00Z,3.336000,0.040000,0.133440,3980.800000,29.320000,71.140000,Week1/Day 3.csv,3,OK
2026-05-02T07:42:00Z,5.832000,0.070000,0.408240,6195.000000,29.330000,69.880000,Week1/Day 3.csv,4,OK
2026-05-02T07:52:00Z,4.412000,0.050000,0.220600,4872.500000,29.670000,69.790000,Week1/Day 3.csv,5,OK
2026-05-02T08:02:00Z,5.256000,0.060000,0.315360,5491.700000,30.050000,68.120000,Week1/Day 3.csv,6,OK
2026-05-02T08:12:00Z,5.972000,0.070000,0.418040,6820.000000,31.190000,65.190000,Week1/Day 3.csv,7,OK
2026-05-02T08:22:00Z,7.936000,0.100000,0.793600,7447.500000,32.640000,60.440000,Week1/Day 3.csv,8,OK
2026-05-02T08:32:00Z,8.524000,0.190000,1.619560,8280.800000,34.350000,55.570000,Week1/Day 3.csv,9,OK
2026-05-02T08:42:00Z,8.740000,0.240000,2.097600,10900.800000,36.320000,50.600000,Week1/Day 3.csv,10,OK
2026-05-02T08:52:00Z,9.012000,0.300000,2.703600,15029.200000,37.690000,47.440000,Week1/Day 3.csv,11,OK
2026-05-02T09:02:00Z,9.004000,0.300000,2.701200,17911.700000,39.680000,41.920000,Week1/Day 3.csv,12,OK
2026-05-02T09:12:00Z,9.264000,0.350000,3.242400,22930.000000,40.820000,39.800000,Week1/Day 3.csv,13,OK
2026-05-02T09:22:00Z,8.812000,0.250000,2.203000,13787.500000,41.430000,38.740000,Week1/Day 3.csv,14,OK
2026-05-02T09:32:00Z,7.188000,0.070000,0.503160,7987.500000,37.730000,45.640000,Week1/Day 3.csv,15,OK
2026-05-02T09:42:00Z,8.696000,0.220000,1.913120,23299.200000,37.480000,45.250000,Week1/Day 3.csv,16,OK
2026-05-02T09:52:00Z,9.152000,0.320000,2.928640,29052.500000,39.580000,41.200000,Week1/Day 3.csv,17,OK
2026-05-02T10:02:00Z,9.008000,0.290000,2.612320,37726.700000,40.780000,39.100000,Week1/Day 3.csv,18,OK
2026-05-02T10:12:00Z,8.368000,0.170000,1.422560,16075.800000,43.880000,33.410000,Week1/Day 3.csv,19,OK
2026-05-02T10:22:00Z,10.060000,0.570000,5.734200,37776.700000,44.840000,31.950000,Week1/Day 3.csv,20,OK
2026-05-02T10:32:00Z,9.064000,0.320000,2.900480,26704.200000,45.650000,29.320000,Week1/Day 3.csv,21,OK
2026-05-02T10:42:00Z,10.096000,0.580000,5.855680,41330.000000,47.400000,31.210000,Week1/Day 3.csv,22,OK
2026-05-02T10:52:00Z,10.316000,0.630000,6.499080,52973.300000,48.180000,27.770000,Week1/Day 3.csv,23,OK
2026-05-02T11:02:00Z,10.192000,0.610000,6.217120,54612.500000,49.470000,30.190000,Week1/Day 3.csv,24,OK
2026-05-02T11:12:00Z,10.240000,0.630000,6.451200,52935.800000,50.300000,25.450000,Week1/Day 3.csv,25,OK
2026-05-02T11:22:00Z,10.280000,0.640000,6.579200,54612.500000,51.330000,25.360000,Week1/Day 3.csv,26,OK
2026-05-02T11:32:00Z,10.328000,0.650000,6.713200,54612.500000,52.110000,22.530000,Week1/Day 3.csv,27,OK
2026-05-02T11:42:00Z,10.364000,0.660000,6.840240,54612.500000,53.110000,22.500000,Week1/Day 3.csv,28,OK
2026-05-02T11:52:00Z,10.340000,0.660000,6.824400,54612.500000,52.350000,22.960000,Week1/Day 3.csv,29,OK
2026-05-02T12:02:00Z,10.360000,0.670000,6.941200,54612.500000,52.220000,21.220000,Week1/Day 3.csv,30,OK
2026-05-02T12:12:00Z,10.308000,0.660000,6.803280,54612.500000,53.910000,21.210000,Week1/Day 3.csv,31,OK
2026-05-02T12:22:00Z,10.352000,0.660000,6.832320,54612.500000,52.560000,24.750000,Week1/Day 3.csv,32,OK
2026-05-02T12:31:00Z,10.308000,0.660000,6.803280,54612.500000,52.160000,22.240000,Week1/Day 3.csv,33,OK
2026-05-02T12:41:00Z,10.300000,0.640000,6.592000,54612.500000,53.020000,21.220000,Week1/Day 3.csv,34,OK
2026-05-02T12:51:00Z,10.284000,0.640000,6.581760,54612.500000,53.650000,22.880000,Week1/Day 3.csv,35,OK
2026-05-02T13:01:00Z,10.252000,0.620000,6.356240,54612.500000,53.840000,23.100000,Week1/Day 3.csv,36,OK
2026-05-02T13:11:00Z,10.188000,0.610000,6.214680,54612.500000,53.410000,20.770000,Week1/Day 3.csv,37,OK
2026-05-02T13:21:00Z,10.164000,0.600000,6.098400,54612.500000,54.220000,22.370000,Week1/Day 3.csv,38,OK
2026-05-02T13:31:00Z,10.108000,0.580000,5.862640,54612.500000,54.530000,18.940000,Week1/Day 3.csv,39,OK
2026-05-02T13:41:00Z,10.004000,0.560000,5.602240,54612.500000,54.400000,20.350000,Week1/Day 3.csv,40,OK
2026-05-02T13:51:00Z,9.920000,0.540000,5.356800,54612.500000,54.960000,17.610000,Week1/Day 3.csv,41,OK
2026-05-02T14:01:00Z,9.848000,0.510000,5.022480,54612.500000,54.550000,18.610000,Week1/Day 3.csv,42,OK
2026-05-02T14:11:00Z,9.784000,0.480000,4.696320,54612.500000,54.210000,21.030000,Week1/Day 3.csv,43,OK
2026-05-02T14:21:00Z,9.652000,0.460000,4.439920,54612.500000,54.360000,19.620000,Week1/Day 3.csv,44,OK
2026-05-02T14:31:00Z,9.520000,0.420000,3.998400,54612.500000,52.870000,20.330000,Week1/Day 3.csv,45,OK
2026-05-02T14:41:00Z,9.456000,0.400000,3.782400,54612.500000,52.110000,20.590000,Week1/Day 3.csv,46,OK
2026-05-02T14:51:00Z,9.336000,0.370000,3.454320,54612.500000,50.720000,21.920000,Week1/Day 3.csv,47,OK
2026-05-02T15:01:00Z,8.036000,0.110000,0.883960,54612.500000,46.490000,29.280000,Week1/Day 3.csv,48,OK
2026-05-02T15:11:00Z,7.044000,0.070000,0.493080,10966.700000,41.750000,34.550000,Week1/Day 3.csv,49,OK
2026-05-02T15:21:00Z,5.960000,0.070000,0.417200,9767.500000,39.230000,38.610000,Week1/Day 3.csv,50,OK
2026-05-02T15:31:00Z,5.416000,0.060000,0.324960,8895.800000,37.800000,41.180000,Week1/Day 3.csv,51,OK
2026-05-02T15:41:00Z,4.724000,0.060000,0.283440,8182.500000,37.210000,41.370000,Week1/Day 3.csv,52,OK
2026-05-02T15:51:00Z,4.296000,0.050000,0.214800,7591.700000,36.490000,42.350000,Week1/Day 3.csv,53,OK
2026-05-02T16:01:00Z,4.136000,0.050000,0.206800,7176.700000,35.780000,45.870000,Week1/Day 3.csv,54,OK
2026-05-02T16:11:00Z,3.896000,0.050000,0.194800,6612.500000,35.610000,45.810000,Week1/Day 3.csv,55,OK
2026-05-02T16:21:00Z,3.744000,0.040000,0.149760,6014.200000,35.360000,45.790000,Week1/Day 3.csv,56,OK
2026-05-02T16:31:00Z,3.604000,0.040000,0.144160,5575.800000,34.620000,48.680000,Week1/Day 3.csv,57,OK
2026-05-02T16:41:00Z,3.512000,0.040000,0.140480,5082.500000,34.130000,49.720000,Week1/Day 3.csv,58,OK
2026-05-02T16:51:00Z,3.468000,0.030000,0.104040,4695.000000,33.910000,50.700000,Week1/Day 3.csv,59,OK
2026-05-02T17:01:00Z,3.296000,0.030000,0.098880,4324.200000,33.570000,51.290000,Week1/Day 3.csv,60,OK
2026-05-02T17:11:00Z,3.308000,0.030000,0.099240,4013.300000,33.330000,50.340000,Week1/Day 3.csv,61,OK
2026-05-02T17:21:00Z,3.256000,0.030000,0.097680,3571.700000,33.380000,49.790000,Week1/Day 3.csv,62,OK
2026-05-02T17:31:00Z,3.240000,0.030000,0.097200,3277.500000,32.920000,51.430000,Week1/Day 3.csv,63,OK
2026-05-02T17:41:00Z,3.236000,0.020000,0.064720,2955.000000,32.800000,52.580000,Week1/Day 3.csv,64,OK
2026-05-02T17:51:00Z,3.232000,0.020000,0.064640,2628.300000,32.570000,52.100000,Week1/Day 3.csv,65,OK
2026-05-02T18:01:00Z,3.232000,0.020000,0.064640,2260.800000,32.350000,53.880000,Week1/Day 3.csv,66,OK
2026-05-02T18:11:00Z,3.228000,0.010000,0.032280,1840.000000,32.000000,55.520000,Week1/Day 3.csv,67,OK
2026-05-02T18:21:00Z,3.228000,0.010000,0.032280,1315.800000,31.860000,56.150000,Week1/Day 3.csv,68,OK
2026-05-02T18:31:00Z,3.176000,0.010000,0.031760,782.500000,31.480000,58.520000,Week1/Day 3.csv,69,OK
2026-05-02T18:40:00Z,2.776000,0.000000,0.000000,335.000000,31.230000,57.620000,Week1/Day 3.csv,70,OK
2026-05-02T18:50:00Z,2.536000,0.000000,0.000000,98.300000,31.160000,58.630000,Week1/Day 3.csv,71,OK
2026-05-02T19:00:00Z,2.388000,0.000000,0.000000,7.500000,30.840000,55.580000,Week1/Day 3.csv,72,OK
2026-05-03T08:51:00Z,8.348000,0.140000,1.168720,15075.800000,31.210000,63.170000,Week1/Day 4.csv,2,OK
2026-05-03T09:01:00Z,9.052000,0.270000,2.444040,22430.000000,34.670000,52.740000,Week1/Day 4.csv,3,OK
2026-05-03T09:11:00Z,9.232000,0.310000,2.861920,17333.300000,36.730000,47.840000,Week1/Day 4.csv,4,OK
2026-05-03T09:21:00Z,8.900000,0.250000,2.225000,27050.800000,39.120000,44.680000,Week1/Day 4.csv,5,OK
2026-05-03T09:31:00Z,9.172000,0.300000,2.751600,33275.000000,39.940000,39.830000,Week1/Day 4.csv,6,OK
2026-05-03T09:41:00Z,8.828000,0.230000,2.030440,28093.300000,42.090000,37.290000,Week1/Day 4.csv,7,OK
2026-05-03T09:51:00Z,8.592000,0.190000,1.632480,19604.200000,41.510000,36.660000,Week1/Day 4.csv,8,OK
2026-05-03T10:01:00Z,8.484000,0.170000,1.442280,17725.800000,40.280000,37.660000,Week1/Day 4.csv,9,OK
2026-05-03T10:11:00Z,8.140000,0.120000,0.976800,11924.200000,38.840000,41.720000,Week1/Day 4.csv,10,OK
2026-05-03T10:21:00Z,8.792000,0.230000,2.022160,23288.300000,37.900000,43.780000,Week1/Day 4.csv,11,OK
2026-05-03T10:31:00Z,10.188000,0.570000,5.807160,45671.700000,41.610000,36.330000,Week1/Day 4.csv,12,OK
2026-05-03T10:41:00Z,10.316000,0.590000,6.086440,51166.700000,42.600000,34.980000,Week1/Day 4.csv,13,OK
2026-05-03T10:51:00Z,10.068000,0.540000,5.436720,46397.500000,44.650000,30.810000,Week1/Day 4.csv,14,OK
2026-05-03T11:01:00Z,9.884000,0.490000,4.843160,39058.300000,44.750000,29.540000,Week1/Day 4.csv,15,OK
2026-05-03T11:11:00Z,10.040000,0.520000,5.220800,54612.500000,45.460000,29.060000,Week1/Day 4.csv,16,OK
2026-05-03T11:21:00Z,10.356000,0.620000,6.420720,54612.500000,47.470000,26.010000,Week1/Day 4.csv,17,OK
2026-05-03T11:31:00Z,10.568000,0.670000,7.080560,54612.500000,48.860000,24.220000,Week1/Day 4.csv,18,OK
2026-05-03T11:41:00Z,10.588000,0.680000,7.199840,54612.500000,49.500000,24.340000,Week1/Day 4.csv,19,OK
2026-05-03T11:51:00Z,10.564000,0.690000,7.289160,54612.500000,50.310000,24.040000,Week1/Day 4.csv,20,OK
2026-05-03T12:01:00Z,10.540000,0.690000,7.272600,54612.500000,50.450000,23.030000,Week1/Day 4.csv,21,OK
2026-05-03T12:11:00Z,10.544000,0.690000,7.275360,54612.500000,51.220000,21.700000,Week1/Day 4.csv,22,OK
2026-05-03T12:21:00Z,10.544000,0.710000,7.486240,54612.500000,51.430000,22.210000,Week1/Day 4.csv,23,OK
2026-05-03T12:31:00Z,10.548000,0.700000,7.383600,54612.500000,51.130000,22.000000,Week1/Day 4.csv,24,OK
2026-05-03T12:41:00Z,10.520000,0.690000,7.258800,54612.500000,52.000000,22.080000,Week1/Day 4.csv,25,OK
2026-05-03T12:51:00Z,10.464000,0.690000,7.220160,54612.500000,52.410000,20.740000,Week1/Day 4.csv,26,OK
2026-05-03T13:01:00Z,10.376000,0.660000,6.848160,54612.500000,52.050000,24.880000,Week1/Day 4.csv,27,OK
2026-05-03T13:11:00Z,10.448000,0.670000,7.000160,54612.500000,52.530000,22.280000,Week1/Day 4.csv,28,OK
2026-05-03T13:21:00Z,10.344000,0.650000,6.723600,54612.500000,51.520000,23.120000,Week1/Day 4.csv,29,OK
2026-05-03T13:31:00Z,10.288000,0.640000,6.584320,54612.500000,52.830000,20.990000,Week1/Day 4.csv,30,OK
2026-05-03T13:40:00Z,10.304000,0.640000,6.594560,54612.500000,52.090000,20.920000,Week1/Day 4.csv,31,OK
2026-05-03T13:50:00Z,10.248000,0.620000,6.353760,54612.500000,53.420000,19.940000,Week1/Day 4.csv,32,OK
2026-05-03T14:00:00Z,10.168000,0.590000,5.999120,54612.500000,53.000000,19.630000,Week1/Day 4.csv,33,OK
2026-05-03T14:10:00Z,9.704000,0.470000,4.560880,50005.000000,51.870000,21.320000,Week1/Day 4.csv,34,OK
2026-05-03T14:20:00Z,9.844000,0.500000,4.922000,54612.500000,51.020000,21.290000,Week1/Day 4.csv,35,OK
2026-05-03T14:30:00Z,9.544000,0.420000,4.008480,46014.200000,50.790000,23.530000,Week1/Day 4.csv,36,OK
2026-05-03T14:40:00Z,9.196000,0.350000,3.218600,40915.000000,48.890000,24.420000,Week1/Day 4.csv,37,OK
2026-05-03T14:50:00Z,9.104000,0.320000,2.913280,36763.300000,47.400000,25.730000,Week1/Day 4.csv,38,OK
2026-05-03T15:00:00Z,9.012000,0.290000,2.613480,38721.700000,45.720000,28.090000,Week1/Day 4.csv,39,OK
2026-05-03T15:10:00Z,8.144000,0.120000,0.977280,14804.200000,42.680000,32.420000,Week1/Day 4.csv,40,OK
2026-05-03T15:20:00Z,8.072000,0.110000,0.887920,13659.200000,40.920000,34.430000,Week1/Day 4.csv,41,OK
2026-05-03T15:30:00Z,8.052000,0.110000,0.885720,13865.000000,39.900000,36.110000,Week1/Day 4.csv,42,OK
2026-05-03T15:40:00Z,8.116000,0.120000,0.973920,14515.800000,38.910000,37.600000,Week1/Day 4.csv,43,OK
2026-05-03T15:50:00Z,8.152000,0.120000,0.978240,15395.000000,38.440000,38.920000,Week1/Day 4.csv,44,OK
2026-05-03T16:00:00Z,8.140000,0.120000,0.976800,14474.200000,37.770000,41.050000,Week1/Day 4.csv,45,OK
2026-05-03T16:10:00Z,8.092000,0.110000,0.890120,13652.500000,37.110000,42.470000,Week1/Day 4.csv,46,OK
2026-05-03T16:20:00Z,8.052000,0.110000,0.885720,12995.000000,37.510000,42.500000,Week1/Day 4.csv,47,OK
2026-05-03T16:30:00Z,8.016000,0.110000,0.881760,12329.200000,37.170000,43.490000,Week1/Day 4.csv,48,OK
2026-05-03T16:40:00Z,7.988000,0.100000,0.798800,11930.000000,37.050000,43.330000,Week1/Day 4.csv,49,OK
2026-05-03T16:50:00Z,7.956000,0.100000,0.795600,10716.700000,36.840000,44.440000,Week1/Day 4.csv,50,OK
2026-05-03T17:00:00Z,7.684000,0.080000,0.614720,9071.700000,36.340000,45.790000,Week1/Day 4.csv,51,OK
2026-05-03T17:10:00Z,7.020000,0.070000,0.491400,8057.500000,35.970000,47.010000,Week1/Day 4.csv,52,OK
2026-05-03T17:20:00Z,6.036000,0.070000,0.422520,7205.000000,35.760000,47.300000,Week1/Day 4.csv,53,OK
2026-05-03T17:30:00Z,4.832000,0.060000,0.289920,6081.700000,35.510000,46.770000,Week1/Day 4.csv,54,OK
2026-05-03T17:40:00Z,4.084000,0.050000,0.204200,5095.000000,34.780000,48.140000,Week1/Day 4.csv,55,OK
2026-05-03T17:50:00Z,3.708000,0.040000,0.148320,4076.700000,34.270000,49.000000,Week1/Day 4.csv,56,OK
2026-05-03T18:00:00Z,3.348000,0.030000,0.100440,3356.700000,33.830000,46.150000,Week1/Day 4.csv,57,OK
2026-05-03T18:10:00Z,3.244000,0.030000,0.097320,2656.700000,33.220000,51.900000,Week1/Day 4.csv,58,OK
2026-05-03T18:20:00Z,3.228000,0.020000,0.064560,1901.700000,32.900000,53.890000,Week1/Day 4.csv,59,OK
2026-05-03T18:30:00Z,3.220000,0.010000,0.032200,1017.500000,32.690000,53.710000,Week1/Day 4.csv,60,OK
2026-05-03T18:40:00Z,2.896000,0.000000,0.000000,345.800000,32.270000,54.250000,Week1/Day 4.csv,61,OK
2026-05-03T18:50:00Z,2.548000,0.000000,0.000000,95.800000,32.040000,56.040000,Week1/Day 4.csv,62,OK
2026-05-03T19:00:00Z,2.492000,0.000000,0.000000,7.500000,31.920000,56.220000,Week1/Day 4.csv,63,OK
2026-05-03T19:10:00Z,0.960000,0.000000,0.000000,0.000000,31.660000,54.840000,Week1/Day 4.csv,64,OK
2026-05-03T19:20:00Z,0.352000,0.000000,0.000000,0.000000,31.480000,55.130000,Week1/Day 4.csv,65,OK
2026-05-03T19:29:00Z,0.276000,0.000000,0.000000,0.000000,31.290000,53.290000,Week1/Day 4.csv,66,OK
2026-05-03T19:39:00Z,0.272000,0.000000,0.000000,0.000000,31.080000,56.850000,Week1/Day 4.csv,67,OK
2026-05-03T19:49:00Z,0.264000,0.000000,0.000000,0.000000,31.030000,56.390000,Week1/Day 4.csv,68,OK
2026-05-03T19:59:00Z,0.264000,0.000000,0.000000,0.000000,31.000000,54.560000,Week1/Day 4.csv,69,OK
2026-05-03T20:09:00Z,0.264000,0.000000,0.000000,0.000000,30.820000,59.580000,Week1/Day 4.csv,70,OK
2026-05-03T20:19:00Z,0.268000,0.000000,0.000000,0.000000,30.750000,58.670000,Week1/Day 4.csv,71,OK
2026-05-03T20:29:00Z,0.272000,0.000000,0.000000,0.000000,30.710000,60.260000,Week1/Day 4.csv,72,OK
2026-05-03T20:39:00Z,0.280000,0.000000,0.000000,0.000000,30.710000,60.400000,Week1/Day 4.csv,73,OK
2026-05-03T20:49:00Z,0.280000,0.000000,0.000000,0.000000,30.670000,59.420000,Week1/Day 4.csv,74,OK
2026-05-03T20:59:00Z,0.272000,0.000000,0.000000,0.000000,30.750000,59.390000,Week1/Day 4.csv,75,OK
2026-05-04T08:25:00Z,8.072000,0.110000,0.887920,9353.300000,30.770000,64.010000,Week1/Day 5.csv,2,OK
2026-05-04T08:25:00Z,8.096000,0.110000,0.890560,12095.800000,30.850000,63.910000,Week1/Day 5.csv,3,OK
2026-05-04T08:35:00Z,8.468000,0.180000,1.524240,8372.500000,33.210000,54.590000,Week1/Day 5.csv,4,OK
2026-05-04T08:45:00Z,8.632000,0.220000,1.899040,10790.800000,34.930000,51.080000,Week1/Day 5.csv,5,OK
2026-05-04T08:55:00Z,8.744000,0.230000,2.011120,12857.500000,36.440000,47.670000,Week1/Day 5.csv,6,OK
2026-05-04T09:05:00Z,9.024000,0.300000,2.707200,17898.300000,38.160000,44.060000,Week1/Day 5.csv,7,OK
2026-05-04T09:15:00Z,9.008000,0.300000,2.702400,17675.800000,39.520000,41.190000,Week1/Day 5.csv,8,OK
2026-05-04T09:25:00Z,8.176000,0.130000,1.062880,13051.700000,39.230000,41.480000,Week1/Day 5.csv,9,OK
2026-05-04T09:35:00Z,8.468000,0.180000,1.524240,16320.000000,37.620000,44.090000,Week1/Day 5.csv,10,OK
2026-05-04T09:45:00Z,8.556000,0.200000,1.711200,19274.200000,37.400000,45.170000,Week1/Day 5.csv,11,OK
2026-05-04T09:55:00Z,8.312000,0.150000,1.246800,15403.300000,36.960000,44.960000,Week1/Day 5.csv,12,OK
2026-05-04T10:05:00Z,9.804000,0.490000,4.803960,31666.700000,38.420000,42.830000,Week1/Day 5.csv,13,OK
2026-05-04T10:15:00Z,10.048000,0.530000,5.325440,34241.700000,41.750000,36.610000,Week1/Day 5.csv,14,OK
2026-05-04T10:25:00Z,10.072000,0.550000,5.539600,38099.200000,44.630000,32.010000,Week1/Day 5.csv,15,OK
2026-05-04T10:35:00Z,10.228000,0.600000,6.136800,54025.800000,43.720000,32.740000,Week1/Day 5.csv,16,OK
2026-05-04T10:45:00Z,8.464000,0.190000,1.608160,18971.700000,42.820000,34.990000,Week1/Day 5.csv,17,OK
2026-05-04T10:55:00Z,10.220000,0.600000,6.132000,43935.800000,42.510000,34.350000,Week1/Day 5.csv,18,OK
2026-05-04T11:05:00Z,10.164000,0.600000,6.098400,54612.500000,45.970000,30.080000,Week1/Day 5.csv,19,OK
2026-05-04T11:15:00Z,10.228000,0.630000,6.443640,51341.700000,47.810000,27.810000,Week1/Day 5.csv,20,OK
2026-05-04T11:25:00Z,8.748000,0.250000,2.187000,24901.700000,47.420000,29.230000,Week1/Day 5.csv,21,OK
2026-05-04T11:35:00Z,10.272000,0.640000,6.574080,51827.500000,48.070000,26.750000,Week1/Day 5.csv,22,OK
2026-05-04T11:45:00Z,10.400000,0.670000,6.968000,54612.500000,48.490000,27.710000,Week1/Day 5.csv,23,OK
2026-05-04T12:28:00Z,10.348000,0.670000,6.933160,54612.500000,50.240000,21.680000,Week1/Day 5.csv,24,OK
2026-05-04T12:40:00Z,10.380000,0.680000,7.058400,54612.500000,50.570000,22.430000,Week1/Day 5.csv,25,OK
2026-05-04T13:18:00Z,10.340000,0.670000,6.927800,54612.500000,50.310000,23.040000,Week1/Day 5.csv,26,OK
2026-05-04T13:46:00Z,9.944000,0.640000,6.364160,54612.500000,50.610000,22.350000,Week1/Day 5.csv,27,OK
2026-05-04T14:17:00Z,9.780000,0.580000,5.672400,54612.500000,50.090000,23.420000,Week1/Day 5.csv,28,OK
2026-05-04T15:15:00Z,7.820000,0.090000,0.703800,10537.500000,39.970000,37.430000,Week1/Day 5.csv,29,OK
2026-05-04T15:26:00Z,7.388000,0.080000,0.591040,9225.800000,38.300000,40.150000,Week1/Day 5.csv,30,OK
2026-05-04T17:23:00Z,3.312000,0.030000,0.099360,3580.800000,33.570000,51.930000,Week1/Day 5.csv,31,OK
2026-05-04T18:35:00Z,3.132000,0.010000,0.031320,563.300000,31.570000,55.530000,Week1/Day 5.csv,32,OK
2026-05-04T20:00:00Z,0.168000,0.000000,0.000000,0.000000,30.730000,60.230000,Week1/Day 5.csv,33,OK
2026-05-05T10:16:00Z,3.292000,0.030000,0.098760,3666.700000,33.050000,53.960000,Week1/Day 6.csv,3,OK
2026-05-05T10:26:00Z,9.420000,0.390000,3.673800,54612.500000,39.540000,40.030000,Week1/Day 6.csv,4,OK
2026-05-05T10:36:00Z,10.060000,0.570000,5.734200,53589.200000,43.980000,32.420000,Week1/Day 6.csv,5,OK
2026-05-05T10:46:00Z,10.216000,0.620000,6.333920,54612.500000,46.480000,27.600000,Week1/Day 6.csv,6,OK
2026-05-05T10:56:00Z,10.160000,0.610000,6.197600,52133.300000,47.380000,26.580000,Week1/Day 6.csv,7,OK
2026-05-05T11:06:00Z,10.236000,0.640000,6.551040,54612.500000,47.290000,28.100000,Week1/Day 6.csv,8,OK
2026-05-05T11:16:00Z,10.132000,0.600000,6.079200,54612.500000,47.740000,25.830000,Week1/Day 6.csv,9,OK
2026-05-05T11:26:00Z,10.380000,0.670000,6.954600,54612.500000,47.690000,26.370000,Week1/Day 6.csv,10,OK
2026-05-05T11:36:00Z,10.296000,0.650000,6.692400,54612.500000,49.010000,23.960000,Week1/Day 6.csv,11,OK
2026-05-05T11:46:00Z,10.076000,0.580000,5.844080,54612.500000,48.070000,28.710000,Week1/Day 6.csv,12,OK
2026-05-05T11:56:00Z,10.168000,0.610000,6.202480,54612.500000,48.870000,24.060000,Week1/Day 6.csv,13,OK
2026-05-05T12:06:00Z,10.256000,0.640000,6.563840,54612.500000,50.130000,24.480000,Week1/Day 6.csv,14,OK
2026-05-05T12:16:00Z,9.756000,0.500000,4.878000,54612.500000,46.980000,26.600000,Week1/Day 6.csv,15,OK
2026-05-05T12:26:00Z,10.288000,0.640000,6.584320,54612.500000,47.850000,26.190000,Week1/Day 6.csv,16,OK
2026-05-05T12:36:00Z,10.464000,0.700000,7.324800,54612.500000,51.090000,23.440000,Week1/Day 6.csv,17,OK
2026-05-05T12:46:00Z,10.488000,0.710000,7.446480,54612.500000,50.390000,24.520000,Week1/Day 6.csv,18,OK
2026-05-05T12:56:00Z,10.452000,0.710000,7.420920,54612.500000,51.860000,22.910000,Week1/Day 6.csv,19,OK
2026-05-05T13:06:00Z,10.388000,0.690000,7.167720,54612.500000,51.870000,20.790000,Week1/Day 6.csv,20,OK
2026-05-05T13:16:00Z,10.340000,0.690000,7.134600,54612.500000,51.450000,22.680000,Week1/Day 6.csv,21,OK
2026-05-05T13:26:00Z,10.308000,0.670000,6.906360,54612.500000,50.970000,22.400000,Week1/Day 6.csv,22,OK
2026-05-05T13:36:00Z,10.316000,0.670000,6.911720,54612.500000,51.500000,21.230000,Week1/Day 6.csv,23,OK
2026-05-05T13:46:00Z,10.264000,0.650000,6.671600,54612.500000,52.300000,20.630000,Week1/Day 6.csv,24,OK
2026-05-05T13:56:00Z,10.196000,0.630000,6.423480,54612.500000,52.870000,19.770000,Week1/Day 6.csv,25,OK
2026-05-05T14:06:00Z,10.124000,0.610000,6.175640,54612.500000,52.800000,20.870000,Week1/Day 6.csv,26,OK
2026-05-05T14:16:00Z,10.024000,0.580000,5.813920,54612.500000,52.630000,22.860000,Week1/Day 6.csv,27,OK
2026-05-05T14:26:00Z,9.924000,0.560000,5.557440,54612.500000,52.170000,20.710000,Week1/Day 6.csv,28,OK
2026-05-05T14:36:00Z,9.844000,0.530000,5.217320,54612.500000,50.570000,23.090000,Week1/Day 6.csv,29,OK
2026-05-05T14:46:00Z,9.736000,0.510000,4.965360,54612.500000,50.720000,23.350000,Week1/Day 6.csv,30,OK
2026-05-05T14:56:00Z,9.608000,0.470000,4.515760,54612.500000,50.020000,22.950000,Week1/Day 6.csv,31,OK
2026-05-05T15:06:00Z,9.504000,0.440000,4.181760,54612.500000,48.760000,24.050000,Week1/Day 6.csv,32,OK
2026-05-05T15:16:00Z,7.960000,0.110000,0.875600,21519.200000,44.190000,30.360000,Week1/Day 6.csv,33,OK
2026-05-05T15:26:00Z,7.776000,0.090000,0.699840,13630.800000,40.580000,36.940000,Week1/Day 6.csv,34,OK
2026-05-05T15:36:00Z,7.500000,0.080000,0.600000,11875.800000,38.660000,40.140000,Week1/Day 6.csv,35,OK
2026-05-05T15:46:00Z,6.396000,0.070000,0.447720,10637.500000,37.260000,42.660000,Week1/Day 6.csv,36,OK
2026-05-05T15:56:00Z,5.660000,0.060000,0.339600,10169.200000,37.100000,44.220000,Week1/Day 6.csv,37,OK
2026-05-05T16:06:00Z,5.280000,0.060000,0.316800,9605.800000,36.880000,43.570000,Week1/Day 6.csv,38,OK
2026-05-05T16:34:00Z,4.220000,0.050000,0.211000,7902.500000,35.080000,50.210000,Week1/Day 6.csv,39,OK
2026-05-05T17:19:00Z,4.268000,0.050000,0.213400,6567.500000,33.980000,51.440000,Week1/Day 6.csv,40,OK
2026-05-08T12:58:00Z,3.256000,0.020000,0.065120,4070.800000,33.640000,62.030000,Week1/Day 7.csv,2,OK
2026-05-08T13:08:00Z,10.320000,0.630000,6.501600,54612.500000,47.660000,31.610000,Week1/Day 7.csv,3,OK
2026-05-08T13:18:00Z,10.360000,0.640000,6.630400,54612.500000,49.790000,29.740000,Week1/Day 7.csv,4,OK
2026-05-08T13:28:00Z,10.360000,0.630000,6.526800,54612.500000,50.660000,26.450000,Week1/Day 7.csv,5,OK
2026-05-08T13:38:00Z,10.244000,0.610000,6.248840,54612.500000,50.910000,27.420000,Week1/Day 7.csv,6,OK
2026-05-08T13:48:00Z,10.224000,0.600000,6.134400,54612.500000,50.670000,25.120000,Week1/Day 7.csv,7,OK
2026-05-08T13:58:00Z,10.160000,0.590000,5.994400,54612.500000,51.230000,26.680000,Week1/Day 7.csv,8,OK
2026-05-08T14:08:00Z,10.120000,0.570000,5.768400,54612.500000,50.790000,26.100000,Week1/Day 7.csv,9,OK
2026-05-08T14:18:00Z,10.020000,0.550000,5.511000,54612.500000,50.680000,26.000000,Week1/Day 7.csv,10,OK
2026-05-08T14:28:00Z,9.976000,0.530000,5.287280,54612.500000,49.180000,27.400000,Week1/Day 7.csv,11,OK
2026-05-08T14:38:00Z,9.864000,0.500000,4.932000,54612.500000,49.330000,27.840000,Week1/Day 7.csv,12,OK
2026-05-08T14:48:00Z,9.760000,0.480000,4.684800,54612.500000,48.810000,28.510000,Week1/Day 7.csv,13,OK
2026-05-08T14:58:00Z,9.728000,0.460000,4.474880,54612.500000,47.080000,31.060000,Week1/Day 7.csv,14,OK
2026-05-08T15:08:00Z,9.376000,0.370000,3.469120,54612.500000,45.150000,32.890000,Week1/Day 7.csv,15,OK
2026-05-08T15:18:00Z,8.132000,0.110000,0.894520,17693.300000,42.270000,38.770000,Week1/Day 7.csv,16,OK
2026-05-08T15:28:00Z,8.060000,0.110000,0.886600,16662.500000,39.640000,44.210000,Week1/Day 7.csv,17,OK
2026-05-08T15:38:00Z,8.016000,0.100000,0.801600,15578.300000,38.220000,47.560000,Week1/Day 7.csv,18,OK
2026-05-08T15:48:00Z,7.848000,0.090000,0.706320,14233.300000,37.170000,50.280000,Week1/Day 7.csv,19,OK
2026-05-08T15:58:00Z,7.920000,0.100000,0.792000,14965.000000,36.390000,53.010000,Week1/Day 7.csv,20,OK
2026-05-08T16:08:00Z,7.872000,0.090000,0.708480,13939.200000,36.040000,53.370000,Week1/Day 7.csv,21,OK
2026-05-08T16:18:00Z,7.940000,0.090000,0.714600,14094.200000,35.590000,54.960000,Week1/Day 7.csv,22,OK
2026-05-08T16:28:00Z,7.952000,0.100000,0.795200,13926.700000,35.510000,55.260000,Week1/Day 7.csv,23,OK
2026-05-08T16:38:00Z,7.924000,0.090000,0.713160,12405.800000,35.440000,54.070000,Week1/Day 7.csv,24,OK
2026-05-08T16:48:00Z,7.828000,0.090000,0.704520,11577.500000,35.440000,55.090000,Week1/Day 7.csv,25,OK
2026-05-08T16:58:00Z,6.196000,0.070000,0.433720,9363.300000,35.310000,55.290000,Week1/Day 7.csv,26,OK
2026-05-08T17:08:00Z,5.840000,0.070000,0.408800,8679.200000,34.760000,57.160000,Week1/Day 7.csv,27,OK
2026-05-08T17:18:00Z,4.860000,0.060000,0.291600,7234.200000,34.180000,60.650000,Week1/Day 7.csv,28,OK
2026-05-08T17:28:00Z,5.060000,0.060000,0.303600,7830.800000,33.800000,61.440000,Week1/Day 7.csv,29,OK
2026-05-08T17:38:00Z,4.096000,0.050000,0.204800,6531.700000,33.820000,60.590000,Week1/Day 7.csv,30,OK
2026-05-08T17:48:00Z,5.488000,0.060000,0.329280,7447.500000,33.680000,62.170000,Week1/Day 7.csv,31,OK
2026-05-08T17:58:00Z,5.864000,0.060000,0.351840,7788.300000,33.840000,62.180000,Week1/Day 7.csv,32,OK
2026-05-08T18:08:00Z,4.408000,0.050000,0.220400,5992.500000,33.250000,63.190000,Week1/Day 7.csv,33,OK
2026-05-08T18:18:00Z,3.244000,0.030000,0.097320,2743.300000,32.770000,63.090000,Week1/Day 7.csv,34,OK
2026-05-08T18:28:00Z,3.244000,0.020000,0.064880,2752.500000,32.060000,54.010000,Week1/Day 7.csv,35,OK
2026-05-08T18:38:00Z,3.232000,0.020000,0.064640,1445.000000,31.030000,53.200000,Week1/Day 7.csv,36,OK
2026-05-08T18:48:00Z,2.816000,0.000000,0.000000,230.800000,30.380000,53.330000,Week1/Day 7.csv,37,OK
2026-05-08T18:58:00Z,2.292000,0.000000,0.000000,16.700000,29.980000,54.800000,Week1/Day 7.csv,38,OK
2026-05-08T19:08:00Z,1.756000,0.000000,0.000000,0.800000,29.420000,56.510000,Week1/Day 7.csv,39,OK
2026-05-08T19:17:00Z,0.684000,0.000000,0.000000,0.000000,29.020000,59.020000,Week1/Day 7.csv,40,OK
2026-05-08T19:27:00Z,0.320000,0.000000,0.000000,0.000000,29.040000,58.740000,Week1/Day 7.csv,41,OK
2026-05-08T19:37:00Z,0.296000,0.000000,0.000000,0.000000,29.210000,56.960000,Week1/Day 7.csv,42,OK
2026-05-08T19:47:00Z,0.292000,0.000000,0.000000,0.000000,29.270000,56.750000,Week1/Day 7.csv,43,OK
2026-05-08T19:57:00Z,0.292000,0.000000,0.000000,0.000000,29.270000,57.350000,Week1/Day 7.csv,44,OK
2026-05-08T20:07:00Z,0.296000,0.000000,0.000000,0.000000,29.430000,57.360000,Week1/Day 7.csv,45,OK
2026-05-08T20:17:00Z,0.292000,0.000000,0.000000,0.000000,29.470000,58.580000,Week1/Day 7.csv,46,OK
2026-05-08T20:27:00Z,0.296000,0.000000,0.000000,0.000000,29.310000,62.000000,Week1/Day 7.csv,47,OK
2026-05-08T20:37:00Z,0.300000,0.000000,0.000000,0.000000,29.230000,62.000000,Week1/Day 7.csv,48,OK
2026-05-08T20:47:00Z,0.296000,0.000000,0.000000,0.000000,29.420000,61.370000,Week1/Day 7.csv,49,OK
2026-05-08T20:57:00Z,0.300000,0.000000,0.000000,0.000000,29.480000,61.560000,Week1/Day 7.csv,50,OK
2026-05-08T21:07:00Z,0.300000,0.000000,0.000000,0.000000,29.320000,62.570000,Week1/Day 7.csv,51,OK
2026-05-08T21:17:00Z,0.304000,0.000000,0.000000,0.000000,29.170000,61.080000,Week1/Day 7.csv,52,OK
2026-05-08T21:27:00Z,0.316000,0.000000,0.000000,0.000000,27.780000,74.120000,Week1/Day 7.csv,53,OK
2026-05-08T21:37:00Z,0.312000,0.000000,0.000000,0.000000,27.520000,73.130000,Week1/Day 7.csv,54,OK
2026-05-08T21:47:00Z,0.316000,0.000000,0.000000,0.000000,27.230000,74.710000,Week1/Day 7.csv,55,OK
2026-05-08T21:57:00Z,0.316000,0.000000,0.000000,0.000000,27.180000,76.300000,Week1/Day 7.csv,56,OK
2026-05-08T22:07:00Z,0.312000,0.000000,0.000000,0.000000,27.150000,75.660000,Week1/Day 7.csv,57,OK
2026-05-08T22:17:00Z,0.308000,0.000000,0.000000,0.000000,27.040000,76.390000,Week1/Day 7.csv,58,OK
2026-05-08T22:27:00Z,0.308000,0.000000,0.000000,0.000000,26.920000,75.420000,Week1/Day 7.csv,59,OK
2026-05-08T22:37:00Z,0.304000,0.000000,0.000000,0.000000,26.850000,74.280000,Week1/Day 7.csv,60,OK
2026-05-08T22:47:00Z,0.300000,0.000000,0.000000,0.000000,26.990000,73.810000,Week1/Day 7.csv,61,OK
2026-05-08T22:57:00Z,0.304000,0.000000,0.000000,0.000000,27.020000,73.610000,Week1/Day 7.csv,62,OK
2026-05-09T07:55:00Z,5.184000,0.060000,0.311040,8523.300000,29.680000,66.580000,Week2/Day 8.csv,2,OK
2026-05-09T08:05:00Z,6.348000,0.070000,0.444360,8445.000000,30.320000,63.550000,Week2/Day 8.csv,3,OK
2026-05-09T08:15:00Z,8.040000,0.110000,0.884400,13123.300000,30.910000,61.170000,Week2/Day 8.csv,4,OK
2026-05-09T08:25:00Z,8.048000,0.110000,0.885280,13760.000000,32.060000,58.750000,Week2/Day 8.csv,5,OK
2026-05-09T08:35:00Z,8.084000,0.120000,0.970080,14878.300000,32.760000,56.770000,Week2/Day 8.csv,6,OK
2026-05-09T08:45:00Z,8.108000,0.110000,0.891880,14513.300000,33.240000,56.460000,Week2/Day 8.csv,7,OK
2026-05-09T08:55:00Z,8.252000,0.130000,1.072760,16120.000000,33.640000,55.290000,Week2/Day 8.csv,8,OK
2026-05-09T09:05:00Z,8.372000,0.160000,1.339520,19077.500000,34.340000,54.400000,Week2/Day 8.csv,9,OK
2026-05-09T09:15:00Z,8.500000,0.180000,1.530000,20585.000000,35.320000,51.540000,Week2/Day 8.csv,10,OK
2026-05-09T09:25:00Z,8.600000,0.200000,1.720000,22374.200000,36.010000,49.220000,Week2/Day 8.csv,11,OK
2026-05-09T09:35:00Z,8.688000,0.220000,1.911360,22134.200000,36.720000,48.300000,Week2/Day 8.csv,12,OK
2026-05-09T09:45:00Z,8.740000,0.240000,2.097600,26452.500000,37.320000,47.360000,Week2/Day 8.csv,13,OK
2026-05-09T09:55:00Z,8.820000,0.260000,2.293200,28993.300000,38.170000,44.980000,Week2/Day 8.csv,14,OK
2026-05-09T10:05:00Z,8.836000,0.250000,2.209000,29830.000000,38.880000,43.720000,Week2/Day 8.csv,15,OK
2026-05-09T10:15:00Z,8.800000,0.250000,2.200000,30610.800000,39.520000,41.370000,Week2/Day 8.csv,16,OK
2026-05-09T10:25:00Z,8.748000,0.250000,2.187000,30188.300000,39.220000,42.260000,Week2/Day 8.csv,17,OK
2026-05-09T10:35:00Z,8.932000,0.290000,2.590280,33023.300000,39.740000,39.960000,Week2/Day 8.csv,18,OK
2026-05-09T10:45:00Z,9.080000,0.320000,2.905600,36421.700000,40.550000,39.050000,Week2/Day 8.csv,19,OK
2026-05-09T10:55:00Z,9.124000,0.320000,2.919680,36157.500000,40.520000,40.440000,Week2/Day 8.csv,20,OK
2026-05-09T11:05:00Z,8.804000,0.260000,2.289040,30435.800000,39.850000,39.300000,Week2/Day 8.csv,21,OK
2026-05-09T11:15:00Z,9.116000,0.330000,3.008280,38789.200000,41.220000,39.130000,Week2/Day 8.csv,22,OK
2026-05-09T11:25:00Z,9.556000,0.440000,4.204640,49190.800000,43.230000,37.250000,Week2/Day 8.csv,23,OK
2026-05-09T11:35:00Z,9.652000,0.470000,4.536440,54118.300000,44.770000,33.170000,Week2/Day 8.csv,24,OK
2026-05-09T11:45:00Z,9.736000,0.480000,4.673280,54612.500000,46.250000,31.180000,Week2/Day 8.csv,25,OK
2026-05-09T11:55:00Z,8.720000,0.240000,2.092800,31269.200000,45.680000,31.720000,Week2/Day 8.csv,26,OK
2026-05-09T12:05:00Z,9.260000,0.370000,3.426200,47985.000000,46.400000,31.120000,Week2/Day 8.csv,27,OK
2026-05-09T12:15:00Z,10.048000,0.570000,5.727360,54612.500000,48.040000,27.850000,Week2/Day 8.csv,28,OK
2026-05-09T12:25:00Z,9.992000,0.570000,5.695440,54612.500000,49.240000,27.500000,Week2/Day 8.csv,29,OK
2026-05-09T12:35:00Z,9.904000,0.540000,5.348160,54612.500000,49.170000,27.610000,Week2/Day 8.csv,30,OK
2026-05-09T12:45:00Z,10.228000,0.630000,6.443640,54612.500000,49.200000,27.140000,Week2/Day 8.csv,31,OK
2026-05-09T12:55:00Z,10.296000,0.640000,6.589440,54612.500000,52.070000,24.050000,Week2/Day 8.csv,32,OK
2026-05-09T13:05:00Z,10.292000,0.640000,6.586880,54612.500000,52.090000,22.760000,Week2/Day 8.csv,33,OK
2026-05-09T13:14:00Z,10.264000,0.620000,6.363680,54612.500000,52.090000,24.530000,Week2/Day 8.csv,34,OK
2026-05-09T13:24:00Z,10.316000,0.630000,6.499080,54612.500000,49.730000,26.270000,Week2/Day 8.csv,35,OK
2026-05-09T13:34:00Z,9.948000,0.550000,5.471400,54612.500000,50.620000,25.210000,Week2/Day 8.csv,36,OK
2026-05-09T13:44:00Z,10.184000,0.610000,6.212240,54612.500000,51.970000,25.310000,Week2/Day 8.csv,37,OK
2026-05-09T13:54:00Z,10.124000,0.590000,5.973160,54612.500000,52.130000,23.720000,Week2/Day 8.csv,38,OK
2026-05-09T14:04:00Z,10.204000,0.620000,6.326480,54612.500000,52.370000,24.410000,Week2/Day 8.csv,39,OK
2026-05-09T14:14:00Z,9.952000,0.540000,5.374080,54612.500000,50.790000,25.770000,Week2/Day 8.csv,40,OK
2026-05-09T14:24:00Z,9.788000,0.490000,4.796120,54612.500000,49.960000,27.420000,Week2/Day 8.csv,41,OK
2026-05-09T14:34:00Z,8.748000,0.240000,2.099520,34517.500000,46.310000,31.960000,Week2/Day 8.csv,42,OK
2026-05-09T14:44:00Z,9.256000,0.340000,3.147040,48176.700000,42.500000,38.090000,Week2/Day 8.csv,43,OK
2026-05-09T14:54:00Z,9.900000,0.510000,5.049000,54612.500000,46.630000,31.420000,Week2/Day 8.csv,44,OK
2026-05-09T15:04:00Z,8.892000,0.270000,2.400840,36116.700000,44.950000,34.390000,Week2/Day 8.csv,45,OK
2026-05-09T15:14:00Z,8.688000,0.230000,1.998240,28500.000000,44.430000,34.820000,Week2/Day 8.csv,46,OK
2026-05-09T15:24:00Z,8.196000,0.130000,1.065480,17384.200000,41.290000,40.720000,Week2/Day 8.csv,47,OK
2026-05-09T15:34:00Z,8.392000,0.160000,1.342720,20494.200000,40.160000,42.000000,Week2/Day 8.csv,48,OK
2026-05-09T15:44:00Z,8.408000,0.170000,1.429360,21381.700000,39.860000,43.450000,Week2/Day 8.csv,49,OK
2026-05-09T15:54:00Z,8.124000,0.120000,0.974880,15696.700000,39.630000,43.580000,Week2/Day 8.csv,50,OK
2026-05-09T16:04:00Z,6.372000,0.070000,0.446040,8900.800000,38.220000,46.690000,Week2/Day 8.csv,51,OK
2026-05-09T16:14:00Z,8.020000,0.110000,0.882200,14119.200000,37.230000,48.310000,Week2/Day 8.csv,52,OK
2026-05-09T16:24:00Z,7.952000,0.100000,0.795200,12897.500000,36.660000,50.520000,Week2/Day 8.csv,53,OK
2026-05-09T16:34:00Z,6.632000,0.070000,0.464240,10030.800000,36.550000,49.670000,Week2/Day 8.csv,54,OK
2026-05-09T16:44:00Z,7.828000,0.090000,0.704520,12105.800000,36.440000,49.560000,Week2/Day 8.csv,55,OK
2026-05-09T16:54:00Z,7.904000,0.090000,0.711360,11760.000000,36.480000,50.610000,Week2/Day 8.csv,56,OK
2026-05-09T17:04:00Z,4.312000,0.050000,0.215600,6595.800000,35.970000,51.990000,Week2/Day 8.csv,57,OK
2026-05-09T17:14:00Z,7.496000,0.080000,0.599680,10167.500000,35.840000,52.800000,Week2/Day 8.csv,58,OK
2026-05-09T17:24:00Z,5.464000,0.060000,0.327840,8223.300000,35.040000,53.300000,Week2/Day 8.csv,59,OK
2026-05-09T17:34:00Z,7.448000,0.080000,0.595840,10070.000000,35.290000,51.970000,Week2/Day 8.csv,60,OK
2026-05-09T17:44:00Z,3.416000,0.040000,0.136640,4250.000000,34.400000,57.710000,Week2/Day 8.csv,61,OK
2026-05-09T17:54:00Z,3.648000,0.040000,0.145920,4805.000000,33.640000,55.770000,Week2/Day 8.csv,62,OK
2026-05-09T18:04:00Z,3.464000,0.040000,0.138560,4215.000000,32.920000,61.430000,Week2/Day 8.csv,63,OK
2026-05-09T18:14:00Z,3.268000,0.030000,0.098040,3475.000000,32.660000,61.690000,Week2/Day 8.csv,64,OK
2026-05-09T18:24:00Z,3.236000,0.020000,0.064720,2400.800000,32.250000,63.200000,Week2/Day 8.csv,65,OK
2026-05-09T18:34:00Z,3.204000,0.010000,0.032040,805.800000,31.800000,63.660000,Week2/Day 8.csv,66,OK
2026-05-09T18:44:00Z,2.552000,0.000000,0.000000,176.700000,31.520000,65.120000,Week2/Day 8.csv,67,OK
2026-05-10T08:41:00Z,4.252000,0.050000,0.212600,15840.000000,29.780000,72.880000,Week2/Day 9.csv,2,OK
2026-05-10T08:51:00Z,7.460000,0.080000,0.596800,14890.000000,31.080000,68.500000,Week2/Day 9.csv,3,OK
2026-05-10T09:01:00Z,8.052000,0.100000,0.805200,10390.800000,32.820000,63.020000,Week2/Day 9.csv,4,OK
2026-05-10T09:11:00Z,8.480000,0.180000,1.526400,28715.800000,34.520000,58.220000,Week2/Day 9.csv,5,OK
2026-05-10T09:21:00Z,9.092000,0.300000,2.727600,26376.700000,36.670000,53.270000,Week2/Day 9.csv,6,OK
2026-05-10T09:31:00Z,9.180000,0.330000,3.029400,34621.700000,38.380000,49.120000,Week2/Day 9.csv,7,OK
2026-05-10T09:41:00Z,8.944000,0.290000,2.593760,14833.300000,39.620000,46.330000,Week2/Day 9.csv,8,OK
2026-05-10T09:51:00Z,8.704000,0.230000,2.001920,36168.300000,40.400000,47.380000,Week2/Day 9.csv,9,OK
2026-05-10T10:01:00Z,8.912000,0.280000,2.495360,35450.800000,41.970000,39.990000,Week2/Day 9.csv,10,OK
2026-05-10T10:11:00Z,9.260000,0.360000,3.333600,42763.300000,42.960000,39.070000,Week2/Day 9.csv,11,OK
2026-05-10T10:21:00Z,9.104000,0.320000,2.913280,46689.200000,43.480000,38.600000,Week2/Day 9.csv,12,OK
2026-05-10T10:31:00Z,9.432000,0.400000,3.772800,50235.800000,44.310000,37.060000,Week2/Day 9.csv,13,OK
2026-05-10T10:41:00Z,9.988000,0.550000,5.493400,54612.500000,46.870000,35.950000,Week2/Day 9.csv,14,OK
2026-05-10T10:51:00Z,9.956000,0.540000,5.376240,54612.500000,48.650000,32.590000,Week2/Day 9.csv,15,OK
2026-05-10T11:01:00Z,10.056000,0.570000,5.731920,54612.500000,49.010000,29.180000,Week2/Day 9.csv,16,OK
2026-05-10T11:11:00Z,10.100000,0.570000,5.757000,54612.500000,49.900000,27.630000,Week2/Day 9.csv,17,OK
2026-05-10T11:21:00Z,10.108000,0.580000,5.862640,54612.500000,50.970000,26.440000,Week2/Day 9.csv,18,OK
2026-05-10T11:31:00Z,10.208000,0.610000,6.226880,54612.500000,51.960000,25.330000,Week2/Day 9.csv,19,OK
2026-05-10T11:41:00Z,10.204000,0.610000,6.224440,54612.500000,52.810000,24.670000,Week2/Day 9.csv,20,OK
2026-05-10T11:51:00Z,10.092000,0.570000,5.752440,54612.500000,52.430000,25.320000,Week2/Day 9.csv,21,OK
2026-05-10T12:01:00Z,10.200000,0.620000,6.324000,54612.500000,52.980000,26.390000,Week2/Day 9.csv,22,OK
2026-05-10T12:11:00Z,10.180000,0.600000,6.108000,54612.500000,52.410000,24.070000,Week2/Day 9.csv,23,OK
2026-05-10T12:21:00Z,10.212000,0.610000,6.229320,54612.500000,52.120000,24.130000,Week2/Day 9.csv,24,OK
2026-05-10T12:31:00Z,10.168000,0.600000,6.100800,54612.500000,53.910000,23.190000,Week2/Day 9.csv,25,OK
2026-05-10T12:41:00Z,10.200000,0.610000,6.222000,54612.500000,54.270000,21.500000,Week2/Day 9.csv,26,OK
2026-05-10T12:51:00Z,10.140000,0.600000,6.084000,54612.500000,53.960000,22.550000,Week2/Day 9.csv,27,OK
2026-05-10T13:01:00Z,10.148000,0.590000,5.987320,54612.500000,54.620000,20.870000,Week2/Day 9.csv,28,OK
2026-05-10T13:11:00Z,10.076000,0.570000,5.743320,54612.500000,53.130000,21.800000,Week2/Day 9.csv,29,OK
2026-05-10T13:21:00Z,9.804000,0.510000,5.000040,54612.500000,54.020000,21.170000,Week2/Day 9.csv,30,OK
2026-05-10T13:31:00Z,9.716000,0.490000,4.760840,54612.500000,52.900000,23.420000,Week2/Day 9.csv,31,OK
2026-05-10T13:41:00Z,9.828000,0.510000,5.012280,54612.500000,52.840000,23.140000,Week2/Day 9.csv,32,OK
2026-05-10T13:51:00Z,9.476000,0.410000,3.885160,54612.500000,51.700000,24.460000,Week2/Day 9.csv,33,OK
2026-05-10T14:01:00Z,9.660000,0.460000,4.443600,54612.500000,53.360000,22.810000,Week2/Day 9.csv,34,OK
2026-05-10T14:11:00Z,9.564000,0.450000,4.303800,54612.500000,52.710000,23.840000,Week2/Day 9.csv,35,OK
2026-05-10T14:21:00Z,9.464000,0.410000,3.880240,54612.500000,52.880000,23.300000,Week2/Day 9.csv,36,OK
2026-05-10T14:31:00Z,9.392000,0.400000,3.756800,54612.500000,53.180000,24.410000,Week2/Day 9.csv,37,OK
2026-05-10T14:41:00Z,9.220000,0.350000,3.227000,54612.500000,51.880000,24.390000,Week2/Day 9.csv,38,OK
2026-05-10T14:51:00Z,8.100000,0.130000,1.053000,21625.000000,48.740000,28.490000,Week2/Day 9.csv,39,OK
2026-05-10T15:01:00Z,8.960000,0.290000,2.598400,49585.800000,48.680000,29.000000,Week2/Day 9.csv,40,OK
2026-05-10T15:11:00Z,8.636000,0.220000,1.899920,50270.000000,44.770000,34.450000,Week2/Day 9.csv,41,OK
2026-05-10T15:21:00Z,8.184000,0.130000,1.063920,22506.700000,42.660000,37.890000,Week2/Day 9.csv,42,OK
2026-05-10T15:31:00Z,8.140000,0.130000,1.058200,20135.800000,41.310000,39.460000,Week2/Day 9.csv,43,OK
2026-05-10T15:41:00Z,7.964000,0.100000,0.796400,16376.700000,39.910000,43.450000,Week2/Day 9.csv,44,OK
2026-05-10T15:51:00Z,7.608000,0.080000,0.608640,11763.300000,39.140000,45.520000,Week2/Day 9.csv,45,OK
2026-05-10T16:01:00Z,7.720000,0.080000,0.617600,10435.000000,38.120000,47.430000,Week2/Day 9.csv,46,OK
2026-05-10T16:11:00Z,8.124000,0.120000,0.974880,18227.500000,38.020000,48.250000,Week2/Day 9.csv,47,OK
2026-05-10T16:21:00Z,7.976000,0.100000,0.797600,15187.500000,38.210000,48.050000,Week2/Day 9.csv,48,OK
2026-05-10T16:30:00Z,7.912000,0.090000,0.712080,13650.800000,37.400000,49.890000,Week2/Day 9.csv,49,OK
2026-05-10T16:40:00Z,6.916000,0.070000,0.484120,9920.000000,36.540000,52.420000,Week2/Day 9.csv,50,OK
2026-05-10T16:50:00Z,4.504000,0.050000,0.225200,7107.500000,35.270000,55.880000,Week2/Day 9.csv,51,OK
2026-05-10T17:00:00Z,5.752000,0.060000,0.345120,7963.300000,35.100000,54.310000,Week2/Day 9.csv,52,OK
2026-05-10T17:10:00Z,7.776000,0.080000,0.622080,11175.000000,35.440000,55.320000,Week2/Day 9.csv,53,OK
2026-05-10T17:20:00Z,8.016000,0.100000,0.801600,14240.000000,36.370000,53.560000,Week2/Day 9.csv,54,OK
2026-05-10T17:30:00Z,7.996000,0.100000,0.799600,14106.700000,36.380000,53.460000,Week2/Day 9.csv,55,OK
2026-05-10T17:40:00Z,7.512000,0.080000,0.600960,10188.300000,36.590000,53.210000,Week2/Day 9.csv,56,OK
2026-05-10T17:50:00Z,5.704000,0.060000,0.342240,8025.000000,36.530000,52.530000,Week2/Day 9.csv,57,OK
2026-05-10T18:00:00Z,3.844000,0.050000,0.192200,5232.500000,35.420000,55.880000,Week2/Day 9.csv,58,OK
2026-05-10T18:10:00Z,3.416000,0.040000,0.136640,4159.200000,34.830000,55.670000,Week2/Day 9.csv,59,OK
2026-05-10T18:20:00Z,3.216000,0.020000,0.064320,2320.000000,34.160000,58.770000,Week2/Day 9.csv,60,OK
2026-05-10T18:30:00Z,3.208000,0.010000,0.032080,1176.700000,33.110000,61.880000,Week2/Day 9.csv,61,OK
2026-05-10T18:40:00Z,2.904000,0.000000,0.000000,395.000000,32.740000,63.490000,Week2/Day 9.csv,62,OK
2026-05-10T18:50:00Z,2.360000,0.000000,0.000000,75.000000,32.180000,64.080000,Week2/Day 9.csv,63,OK
2026-05-10T19:00:00Z,2.304000,0.000000,0.000000,8.300000,31.890000,65.230000,Week2/Day 9.csv,64,OK
2026-05-10T19:10:00Z,0.712000,0.000000,0.000000,0.000000,31.700000,66.920000,Week2/Day 9.csv,65,OK
2026-05-11T07:24:00Z,3.244000,0.010000,0.032440,1540.800000,30.220000,69.660000,Week2/Day 10.csv,2,OK
2026-05-11T07:34:00Z,3.292000,0.030000,0.098760,4220.000000,29.360000,72.310000,Week2/Day 10.csv,3,OK
2026-05-11T07:43:00Z,3.332000,0.040000,0.133280,5361.700000,29.390000,71.660000,Week2/Day 10.csv,4,OK
2026-05-11T07:53:00Z,3.364000,0.040000,0.134560,5911.700000,29.620000,71.440000,Week2/Day 10.csv,5,OK
2026-05-11T08:03:00Z,3.608000,0.050000,0.180400,6900.800000,29.810000,71.210000,Week2/Day 10.csv,6,OK
2026-05-11T08:13:00Z,4.524000,0.070000,0.316680,9605.000000,30.410000,69.690000,Week2/Day 10.csv,7,OK
2026-05-11T08:23:00Z,7.852000,0.090000,0.706680,11603.300000,31.010000,67.970000,Week2/Day 10.csv,8,OK
2026-05-11T08:33:00Z,8.048000,0.110000,0.885280,15132.500000,31.790000,66.000000,Week2/Day 10.csv,9,OK
2026-05-11T08:43:00Z,8.100000,0.110000,0.891000,14660.800000,32.580000,64.060000,Week2/Day 10.csv,10,OK
2026-05-11T08:53:00Z,8.100000,0.120000,0.972000,15678.300000,33.340000,61.790000,Week2/Day 10.csv,11,OK
2026-05-11T09:03:00Z,8.108000,0.120000,0.972960,15876.700000,33.470000,61.300000,Week2/Day 10.csv,12,OK
2026-05-11T09:13:00Z,8.236000,0.140000,1.153040,17754.200000,33.810000,60.050000,Week2/Day 10.csv,13,OK
2026-05-11T09:23:00Z,8.444000,0.170000,1.435480,29218.300000,34.920000,57.560000,Week2/Day 10.csv,14,OK
2026-05-11T09:33:00Z,8.600000,0.190000,1.634000,26385.800000,37.320000,52.370000,Week2/Day 10.csv,15,OK
2026-05-11T09:43:00Z,8.548000,0.180000,1.538640,24371.700000,37.800000,49.750000,Week2/Day 10.csv,16,OK
2026-05-11T09:53:00Z,8.908000,0.250000,2.227000,27418.300000,37.530000,49.770000,Week2/Day 10.csv,17,OK
2026-05-11T10:03:00Z,9.208000,0.320000,2.946560,39961.700000,40.210000,43.770000,Week2/Day 10.csv,18,OK
2026-05-11T10:13:00Z,9.240000,0.330000,3.049200,40282.500000,41.470000,41.260000,Week2/Day 10.csv,19,OK
2026-05-11T10:23:00Z,9.156000,0.310000,2.838360,42370.000000,43.030000,36.950000,Week2/Day 10.csv,20,OK
2026-05-11T10:33:00Z,9.148000,0.300000,2.744400,45920.000000,43.870000,38.010000,Week2/Day 10.csv,21,OK
2026-05-11T10:43:00Z,9.268000,0.330000,3.058440,51836.700000,44.820000,34.520000,Week2/Day 10.csv,22,OK
2026-05-11T10:53:00Z,9.832000,0.480000,4.719360,54612.500000,45.920000,32.850000,Week2/Day 10.csv,23,OK
2026-05-11T11:03:00Z,10.060000,0.550000,5.533000,54612.500000,47.440000,33.120000,Week2/Day 10.csv,24,OK
2026-05-11T11:13:00Z,10.012000,0.540000,5.406480,54612.500000,47.050000,31.390000,Week2/Day 10.csv,25,OK
2026-05-11T11:23:00Z,10.120000,0.570000,5.768400,54612.500000,48.470000,27.770000,Week2/Day 10.csv,26,OK
2026-05-11T11:33:00Z,10.204000,0.580000,5.918320,54612.500000,49.600000,26.730000,Week2/Day 10.csv,27,OK
2026-05-11T11:43:00Z,10.228000,0.610000,6.239080,54612.500000,50.370000,26.950000,Week2/Day 10.csv,28,OK
2026-05-11T11:53:00Z,10.340000,0.620000,6.410800,54612.500000,51.540000,24.980000,Week2/Day 10.csv,29,OK
2026-05-11T12:03:00Z,10.260000,0.620000,6.361200,54612.500000,51.970000,23.820000,Week2/Day 10.csv,30,OK
2026-05-11T12:13:00Z,10.200000,0.600000,6.120000,54612.500000,51.260000,24.940000,Week2/Day 10.csv,31,OK
2026-05-11T12:23:00Z,10.300000,0.620000,6.386000,54612.500000,50.840000,24.530000,Week2/Day 10.csv,32,OK
2026-05-11T12:33:00Z,10.304000,0.630000,6.491520,54612.500000,51.530000,23.450000,Week2/Day 10.csv,33,OK
2026-05-11T12:43:00Z,10.272000,0.630000,6.471360,54612.500000,52.000000,22.470000,Week2/Day 10.csv,34,OK
2026-05-11T12:53:00Z,10.252000,0.620000,6.356240,54612.500000,51.970000,22.180000,Week2/Day 10.csv,35,OK
2026-05-11T13:03:00Z,10.288000,0.610000,6.275680,54612.500000,51.710000,22.670000,Week2/Day 10.csv,36,OK
2026-05-11T13:13:00Z,10.288000,0.610000,6.275680,54612.500000,52.310000,21.310000,Week2/Day 10.csv,37,OK
2026-05-11T13:23:00Z,10.188000,0.600000,6.112800,54612.500000,51.880000,21.930000,Week2/Day 10.csv,38,OK
2026-05-11T13:33:00Z,10.180000,0.600000,6.108000,54612.500000,52.890000,23.460000,Week2/Day 10.csv,39,OK
2026-05-11T13:43:00Z,10.124000,0.580000,5.871920,54612.500000,53.530000,22.490000,Week2/Day 10.csv,40,OK
2026-05-11T13:53:00Z,10.068000,0.560000,5.638080,54612.500000,53.950000,21.200000,Week2/Day 10.csv,41,OK
2026-05-11T14:03:00Z,10.028000,0.560000,5.615680,54612.500000,53.550000,20.660000,Week2/Day 10.csv,42,OK
2026-05-11T14:13:00Z,9.932000,0.520000,5.164640,54612.500000,53.400000,20.690000,Week2/Day 10.csv,43,OK
2026-05-11T14:23:00Z,9.792000,0.490000,4.798080,54612.500000,53.440000,21.510000,Week2/Day 10.csv,44,OK
2026-05-11T14:33:00Z,9.684000,0.470000,4.551480,54612.500000,53.450000,22.520000,Week2/Day 10.csv,45,OK
2026-05-11T14:43:00Z,9.564000,0.440000,4.208160,54612.500000,52.080000,23.170000,Week2/Day 10.csv,46,OK
2026-05-11T14:53:00Z,9.472000,0.420000,3.978240,54612.500000,51.470000,24.290000,Week2/Day 10.csv,47,OK
2026-05-11T15:03:00Z,9.412000,0.390000,3.670680,54612.500000,49.570000,25.900000,Week2/Day 10.csv,48,OK
2026-05-11T15:13:00Z,9.252000,0.360000,3.330720,49650.000000,47.360000,29.070000,Week2/Day 10.csv,49,OK
2026-05-11T15:23:00Z,8.036000,0.110000,0.883960,43028.300000,44.520000,33.560000,Week2/Day 10.csv,50,OK
2026-05-11T15:33:00Z,7.908000,0.090000,0.711720,14327.500000,40.790000,39.570000,Week2/Day 10.csv,51,OK
2026-05-11T15:43:00Z,7.820000,0.090000,0.703800,13867.500000,39.210000,42.180000,Week2/Day 10.csv,52,OK
2026-05-11T15:52:00Z,7.804000,0.090000,0.702360,13310.000000,38.360000,44.510000,Week2/Day 10.csv,53,OK
2026-05-11T16:02:00Z,7.364000,0.080000,0.589120,12060.800000,37.510000,46.550000,Week2/Day 10.csv,54,OK
2026-05-11T16:12:00Z,7.588000,0.080000,0.607040,11956.700000,37.530000,46.840000,Week2/Day 10.csv,55,OK
2026-05-11T16:22:00Z,7.936000,0.090000,0.714240,13339.200000,37.510000,46.120000,Week2/Day 10.csv,56,OK
2026-05-11T16:32:00Z,8.304000,0.150000,1.245600,20047.500000,37.640000,46.660000,Week2/Day 10.csv,57,OK
2026-05-11T16:42:00Z,8.092000,0.120000,0.971040,16663.300000,38.580000,43.050000,Week2/Day 10.csv,58,OK
2026-05-11T16:52:00Z,8.152000,0.130000,1.059760,17357.500000,37.850000,45.410000,Week2/Day 10.csv,59,OK
2026-05-11T17:02:00Z,7.892000,0.090000,0.710280,11547.500000,37.330000,45.580000,Week2/Day 10.csv,60,OK
2026-05-11T17:12:00Z,4.440000,0.050000,0.222000,6867.500000,35.160000,43.130000,Week2/Day 10.csv,61,OK
2026-05-11T17:22:00Z,3.240000,0.030000,0.097200,3546.700000,33.730000,54.230000,Week2/Day 10.csv,62,OK
2026-05-11T17:32:00Z,3.228000,0.020000,0.064560,2716.700000,31.510000,60.110000,Week2/Day 10.csv,63,OK
2026-05-11T17:42:00Z,3.228000,0.020000,0.064560,2634.200000,31.200000,58.410000,Week2/Day 10.csv,64,OK
2026-05-11T17:52:00Z,3.236000,0.030000,0.097080,2933.300000,31.390000,59.970000,Week2/Day 10.csv,65,OK
2026-05-11T18:02:00Z,3.228000,0.020000,0.064560,1823.300000,31.560000,58.760000,Week2/Day 10.csv,66,OK
2026-05-11T18:12:00Z,3.224000,0.010000,0.032240,1045.000000,31.060000,57.060000,Week2/Day 10.csv,67,OK
2026-05-11T18:22:00Z,3.128000,0.010000,0.031280,533.300000,30.230000,56.550000,Week2/Day 10.csv,68,OK
2026-05-11T18:32:00Z,3.004000,0.000000,0.000000,341.700000,30.540000,56.740000,Week2/Day 10.csv,69,OK
2026-05-11T18:42:00Z,2.764000,0.000000,0.000000,218.300000,30.610000,59.250000,Week2/Day 10.csv,70,OK
2026-05-11T18:52:00Z,2.472000,0.000000,0.000000,43.300000,30.050000,60.520000,Week2/Day 10.csv,71,OK
2026-05-11T19:02:00Z,1.800000,0.000000,0.000000,2.500000,30.010000,56.860000,Week2/Day 10.csv,72,OK
2026-05-11T19:12:00Z,0.580000,0.000000,0.000000,0.000000,30.400000,60.840000,Week2/Day 10.csv,73,OK
2026-05-14T08:59:00Z,8.868000,0.220000,1.950960,42846.700000,30.870000,74.830000,Week2/Day 11.csv,2,OK
2026-05-14T09:10:00Z,8.904000,0.250000,2.226000,24299.200000,36.020000,60.180000,Week2/Day 11.csv,3,OK
2026-05-14T09:20:00Z,8.260000,0.140000,1.156400,16236.700000,36.580000,56.590000,Week2/Day 11.csv,4,OK
2026-05-14T09:29:00Z,8.616000,0.200000,1.723200,21637.500000,36.930000,53.910000,Week2/Day 11.csv,5,OK
2026-05-14T09:39:00Z,8.044000,0.110000,0.884840,11169.200000,38.720000,50.840000,Week2/Day 11.csv,6,OK
2026-05-14T09:49:00Z,8.304000,0.140000,1.162560,17589.200000,36.650000,55.340000,Week2/Day 11.csv,7,OK
2026-05-14T09:59:00Z,8.380000,0.150000,1.257000,18075.800000,36.750000,55.490000,Week2/Day 11.csv,8,OK
2026-05-14T10:09:00Z,8.480000,0.170000,1.441600,20712.500000,37.030000,54.600000,Week2/Day 11.csv,9,OK
2026-05-14T10:19:00Z,10.012000,0.520000,5.206240,46357.500000,39.080000,48.750000,Week2/Day 11.csv,10,OK
2026-05-14T10:29:00Z,10.128000,0.550000,5.570400,50670.800000,42.260000,42.640000,Week2/Day 11.csv,11,OK
2026-05-14T10:39:00Z,10.116000,0.550000,5.563800,54612.500000,44.580000,37.190000,Week2/Day 11.csv,12,OK
2026-05-14T10:49:00Z,9.028000,0.290000,2.618120,32618.300000,44.610000,38.480000,Week2/Day 11.csv,13,OK
2026-05-14T10:59:00Z,8.668000,0.220000,1.906960,27214.200000,42.890000,43.220000,Week2/Day 11.csv,14,OK
2026-05-14T11:09:00Z,9.664000,0.440000,4.252160,47808.300000,45.550000,36.480000,Week2/Day 11.csv,15,OK
2026-05-14T11:19:00Z,10.272000,0.590000,6.060480,54612.500000,46.410000,33.980000,Week2/Day 11.csv,16,OK
2026-05-14T11:29:00Z,10.288000,0.600000,6.172800,54612.500000,47.890000,32.220000,Week2/Day 11.csv,17,OK
2026-05-14T11:39:00Z,10.248000,0.590000,6.046320,54612.500000,49.080000,29.410000,Week2/Day 11.csv,18,OK
2026-05-14T11:49:00Z,10.360000,0.610000,6.319600,54612.500000,50.380000,25.710000,Week2/Day 11.csv,19,OK
2026-05-14T11:59:00Z,8.916000,0.280000,2.496480,38962.500000,50.260000,26.120000,Week2/Day 11.csv,20,OK
2026-05-14T12:09:00Z,10.408000,0.630000,6.557040,54612.500000,49.580000,26.560000,Week2/Day 11.csv,21,OK
2026-05-14T12:19:00Z,10.500000,0.660000,6.930000,54612.500000,51.510000,26.070000,Week2/Day 11.csv,22,OK
2026-05-14T12:29:00Z,10.288000,0.610000,6.275680,54612.500000,51.980000,25.370000,Week2/Day 11.csv,23,OK
2026-05-14T12:39:00Z,10.328000,0.620000,6.403360,54612.500000,52.130000,24.160000,Week2/Day 11.csv,24,OK
2026-05-14T12:49:00Z,10.336000,0.620000,6.408320,54612.500000,51.590000,28.430000,Week2/Day 11.csv,25,OK
2026-05-14T12:59:00Z,10.200000,0.580000,5.916000,54612.500000,49.840000,27.150000,Week2/Day 11.csv,26,OK
2026-05-14T13:09:00Z,9.828000,0.490000,4.815720,54612.500000,48.780000,29.060000,Week2/Day 11.csv,27,OK
2026-05-14T13:19:00Z,9.468000,0.400000,3.787200,53417.500000,49.540000,27.920000,Week2/Day 11.csv,28,OK
2026-05-14T13:29:00Z,10.156000,0.580000,5.890480,54612.500000,50.190000,26.880000,Week2/Day 11.csv,29,OK
2026-05-14T13:39:00Z,10.136000,0.570000,5.777520,54612.500000,51.510000,25.760000,Week2/Day 11.csv,30,OK
2026-05-14T13:49:00Z,10.112000,0.570000,5.763840,54612.500000,52.880000,26.250000,Week2/Day 11.csv,31,OK
2026-05-14T13:59:00Z,9.984000,0.530000,5.291520,54612.500000,51.700000,25.090000,Week2/Day 11.csv,32,OK
2026-05-14T14:09:00Z,9.868000,0.500000,4.934000,54612.500000,50.870000,26.320000,Week2/Day 11.csv,33,OK
2026-05-14T14:19:00Z,9.600000,0.430000,4.128000,54612.500000,49.620000,30.630000,Week2/Day 11.csv,34,OK
2026-05-14T14:29:00Z,9.024000,0.300000,2.707200,41490.800000,49.980000,28.140000,Week2/Day 11.csv,35,OK
2026-05-14T14:39:00Z,9.064000,0.310000,2.809840,42847.500000,47.480000,32.520000,Week2/Day 11.csv,36,OK
2026-05-14T14:49:00Z,8.544000,0.200000,1.708800,27822.500000,47.210000,31.800000,Week2/Day 11.csv,37,OK
2026-05-14T14:59:00Z,8.860000,0.260000,2.303600,35025.000000,44.270000,36.390000,Week2/Day 11.csv,38,OK
2026-05-14T15:09:00Z,8.592000,0.200000,1.718400,25726.700000,42.230000,38.890000,Week2/Day 11.csv,39,OK
2026-05-14T15:19:00Z,8.580000,0.200000,1.716000,25667.500000,41.310000,41.430000,Week2/Day 11.csv,40,OK
2026-05-14T15:29:00Z,8.024000,0.110000,0.882640,13935.800000,39.900000,43.820000,Week2/Day 11.csv,41,OK
2026-05-14T15:39:00Z,8.152000,0.130000,1.059760,16167.500000,37.830000,48.600000,Week2/Day 11.csv,42,OK
2026-05-14T15:49:00Z,7.688000,0.080000,0.615040,9995.000000,36.920000,50.190000,Week2/Day 11.csv,43,OK
2026-05-14T15:59:00Z,7.756000,0.080000,0.620480,10224.200000,36.380000,51.050000,Week2/Day 11.csv,44,OK
2026-05-14T16:09:00Z,7.832000,0.090000,0.704880,10817.500000,36.050000,51.670000,Week2/Day 11.csv,45,OK
2026-05-14T16:19:00Z,5.564000,0.060000,0.333840,7677.500000,34.920000,54.960000,Week2/Day 11.csv,46,OK
2026-05-14T16:29:00Z,3.352000,0.030000,0.100560,3893.300000,34.100000,57.350000,Week2/Day 11.csv,47,OK
2026-05-14T16:39:00Z,3.288000,0.030000,0.098640,3157.500000,33.780000,58.880000,Week2/Day 11.csv,48,OK
2026-05-14T16:49:00Z,7.872000,0.090000,0.708480,10965.000000,34.160000,57.290000,Week2/Day 11.csv,49,OK
2026-05-14T16:59:00Z,5.776000,0.060000,0.346560,7528.300000,34.370000,56.360000,Week2/Day 11.csv,50,OK
2026-05-14T17:08:00Z,3.228000,0.030000,0.096840,3053.300000,33.760000,57.860000,Week2/Day 11.csv,51,OK
2026-05-14T17:18:00Z,3.220000,0.010000,0.032200,1740.800000,33.090000,59.680000,Week2/Day 11.csv,52,OK
2026-05-14T17:28:00Z,3.220000,0.010000,0.032200,1530.800000,32.790000,58.200000,Week2/Day 11.csv,53,OK
2026-05-14T17:38:00Z,3.076000,0.000000,0.000000,583.300000,32.480000,62.300000,Week2/Day 11.csv,54,OK
2026-05-14T17:48:00Z,2.820000,0.000000,0.000000,456.700000,32.290000,65.240000,Week2/Day 11.csv,55,OK
2026-05-15T07:18:00Z,3.504000,0.040000,0.140160,5151.700000,29.370000,70.600000,Week2/Day 12.csv,2,OK
2026-05-15T07:28:00Z,4.120000,0.050000,0.206000,5885.800000,27.700000,76.890000,Week2/Day 12.csv,3,OK
2026-05-15T07:38:00Z,4.336000,0.050000,0.216800,6354.200000,27.230000,77.870000,Week2/Day 12.csv,4,OK
2026-05-15T07:48:00Z,4.888000,0.060000,0.293280,7105.000000,27.260000,74.840000,Week2/Day 12.csv,5,OK
2026-05-15T07:58:00Z,6.000000,0.070000,0.420000,7996.700000,27.590000,76.270000,Week2/Day 12.csv,6,OK
2026-05-15T08:08:00Z,6.972000,0.070000,0.488040,8996.700000,28.400000,74.450000,Week2/Day 12.csv,7,OK
2026-05-15T08:18:00Z,8.092000,0.110000,0.890120,10899.200000,29.320000,71.030000,Week2/Day 12.csv,8,OK
2026-05-15T08:28:00Z,8.436000,0.170000,1.434120,11759.200000,30.590000,67.380000,Week2/Day 12.csv,9,OK
2026-05-15T08:38:00Z,8.516000,0.180000,1.532880,14591.700000,31.810000,63.720000,Week2/Day 12.csv,10,OK
2026-05-15T08:48:00Z,8.744000,0.220000,1.923680,19638.300000,33.060000,60.720000,Week2/Day 12.csv,11,OK
2026-05-15T08:58:00Z,8.840000,0.230000,2.033200,25128.300000,34.490000,58.840000,Week2/Day 12.csv,12,OK
2026-05-15T09:08:00Z,9.012000,0.280000,2.523360,13764.200000,35.780000,54.180000,Week2/Day 12.csv,13,OK
2026-05-15T09:18:00Z,8.696000,0.210000,1.826160,28330.800000,36.540000,52.770000,Week2/Day 12.csv,14,OK
2026-05-15T09:28:00Z,8.972000,0.260000,2.332720,29852.500000,37.400000,48.850000,Week2/Day 12.csv,15,OK
2026-05-15T09:38:00Z,8.716000,0.220000,1.917520,37415.000000,38.130000,46.400000,Week2/Day 12.csv,16,OK
2026-05-15T09:48:00Z,8.892000,0.250000,2.223000,36641.700000,39.430000,43.870000,Week2/Day 12.csv,17,OK
2026-05-15T09:58:00Z,9.140000,0.300000,2.742000,37215.000000,40.700000,40.840000,Week2/Day 12.csv,18,OK
2026-05-15T10:08:00Z,9.908000,0.480000,4.755840,39827.500000,41.300000,38.170000,Week2/Day 12.csv,19,OK
2026-05-15T10:18:00Z,10.036000,0.520000,5.218720,47931.700000,41.520000,35.570000,Week2/Day 12.csv,20,OK
2026-05-15T10:28:00Z,10.124000,0.550000,5.568200,54612.500000,42.440000,33.140000,Week2/Day 12.csv,21,OK
2026-05-15T10:38:00Z,10.212000,0.570000,5.820840,50037.500000,43.290000,30.950000,Week2/Day 12.csv,22,OK
2026-05-15T10:48:00Z,10.240000,0.580000,5.939200,54612.500000,44.170000,29.880000,Week2/Day 12.csv,23,OK
2026-05-15T10:58:00Z,10.328000,0.600000,6.196800,51920.800000,44.770000,30.480000,Week2/Day 12.csv,24,OK
2026-05-15T11:08:00Z,10.376000,0.610000,6.329360,54612.500000,45.920000,27.680000,Week2/Day 12.csv,25,OK
2026-05-15T11:18:00Z,10.336000,0.610000,6.304960,54612.500000,48.110000,26.670000,Week2/Day 12.csv,26,OK
2026-05-15T11:28:00Z,10.444000,0.630000,6.579720,54612.500000,47.570000,27.250000,Week2/Day 12.csv,27,OK
2026-05-15T11:37:00Z,10.452000,0.650000,6.793800,54612.500000,47.000000,27.320000,Week2/Day 12.csv,28,OK
2026-05-15T11:47:00Z,10.516000,0.650000,6.835400,54612.500000,47.700000,26.790000,Week2/Day 12.csv,29,OK
2026-05-15T11:57:00Z,10.528000,0.650000,6.843200,54612.500000,47.470000,26.070000,Week2/Day 12.csv,30,OK
2026-05-15T12:07:00Z,10.492000,0.650000,6.819800,54612.500000,47.080000,25.930000,Week2/Day 12.csv,31,OK
2026-05-15T12:17:00Z,10.484000,0.650000,6.814600,54612.500000,46.880000,26.240000,Week2/Day 12.csv,32,OK
2026-05-15T12:27:00Z,10.516000,0.650000,6.835400,54612.500000,48.190000,26.270000,Week2/Day 12.csv,33,OK
2026-05-15T12:37:00Z,10.484000,0.650000,6.814600,54612.500000,47.480000,26.610000,Week2/Day 12.csv,34,OK
2026-05-15T12:47:00Z,10.188000,0.570000,5.807160,54612.500000,48.010000,27.360000,Week2/Day 12.csv,35,OK
2026-05-15T12:57:00Z,10.276000,0.600000,6.165600,54612.500000,46.980000,26.040000,Week2/Day 12.csv,36,OK
2026-05-15T13:07:00Z,10.284000,0.600000,6.170400,54612.500000,46.760000,26.540000,Week2/Day 12.csv,37,OK
2026-05-15T13:17:00Z,10.416000,0.620000,6.457920,54612.500000,47.390000,26.080000,Week2/Day 12.csv,38,OK
2026-05-15T13:27:00Z,10.072000,0.550000,5.539600,54612.500000,48.270000,27.390000,Week2/Day 12.csv,39,OK
2026-05-15T13:37:00Z,10.100000,0.540000,5.454000,54612.500000,47.330000,27.680000,Week2/Day 12.csv,40,OK
2026-05-15T13:47:00Z,10.120000,0.560000,5.667200,54612.500000,47.340000,28.470000,Week2/Day 12.csv,41,OK
2026-05-15T13:57:00Z,10.000000,0.520000,5.200000,54612.500000,46.700000,29.470000,Week2/Day 12.csv,42,OK
2026-05-15T14:07:00Z,9.888000,0.490000,4.845120,54612.500000,45.130000,30.420000,Week2/Day 12.csv,43,OK
2026-05-15T14:17:00Z,9.904000,0.490000,4.852960,54612.500000,45.470000,30.240000,Week2/Day 12.csv,44,OK
2026-05-15T14:27:00Z,9.932000,0.490000,4.866680,54612.500000,46.030000,28.970000,Week2/Day 12.csv,45,OK
2026-05-15T14:37:00Z,9.552000,0.410000,3.916320,53255.800000,45.090000,30.180000,Week2/Day 12.csv,46,OK
2026-05-15T14:47:00Z,9.364000,0.360000,3.371040,47810.800000,44.060000,31.510000,Week2/Day 12.csv,47,OK
2026-05-15T14:57:00Z,9.212000,0.330000,3.039960,41505.000000,43.640000,32.840000,Week2/Day 12.csv,48,OK
2026-05-15T15:07:00Z,8.660000,0.210000,1.818600,42355.000000,40.420000,38.050000,Week2/Day 12.csv,49,OK
2026-05-15T15:17:00Z,8.468000,0.170000,1.439560,23023.300000,39.270000,40.800000,Week2/Day 12.csv,50,OK
2026-05-15T15:27:00Z,8.396000,0.160000,1.343360,21062.500000,38.330000,44.060000,Week2/Day 12.csv,51,OK
2026-05-15T15:37:00Z,8.360000,0.150000,1.254000,19811.700000,37.680000,44.470000,Week2/Day 12.csv,52,OK
2026-05-15T15:47:00Z,8.272000,0.140000,1.158080,18545.000000,36.520000,47.540000,Week2/Day 12.csv,53,OK
2026-05-15T15:57:00Z,8.288000,0.140000,1.160320,17565.000000,36.580000,47.770000,Week2/Day 12.csv,54,OK
2026-05-15T16:07:00Z,8.224000,0.130000,1.069120,16388.300000,36.440000,48.050000,Week2/Day 12.csv,55,OK
2026-05-15T16:17:00Z,8.144000,0.120000,0.977280,14722.500000,35.960000,48.960000,Week2/Day 12.csv,56,OK
2026-05-15T16:27:00Z,7.992000,0.100000,0.799200,13005.000000,35.170000,50.460000,Week2/Day 12.csv,57,OK
2026-05-15T16:37:00Z,7.948000,0.090000,0.715320,11575.000000,34.980000,52.300000,Week2/Day 12.csv,58,OK
2026-05-15T16:47:00Z,7.680000,0.080000,0.614400,9913.300000,34.420000,52.120000,Week2/Day 12.csv,59,OK
2026-05-15T16:57:00Z,7.696000,0.080000,0.615680,10297.500000,33.840000,53.340000,Week2/Day 12.csv,60,OK
2026-05-15T17:07:00Z,6.088000,0.070000,0.426160,8042.500000,33.510000,56.480000,Week2/Day 12.csv,61,OK
2026-05-15T17:17:00Z,4.388000,0.050000,0.219400,6267.500000,33.560000,56.390000,Week2/Day 12.csv,62,OK
2026-05-15T17:27:00Z,5.420000,0.060000,0.325200,7251.700000,33.370000,55.480000,Week2/Day 12.csv,63,OK
2026-05-15T17:37:00Z,4.588000,0.060000,0.275280,6663.300000,33.270000,58.610000,Week2/Day 12.csv,64,OK
2026-05-15T17:47:00Z,3.820000,0.040000,0.152800,5013.300000,32.750000,57.880000,Week2/Day 12.csv,65,OK
2026-05-15T17:57:00Z,3.392000,0.030000,0.101760,3788.300000,32.740000,61.180000,Week2/Day 12.csv,66,OK
2026-05-15T18:06:00Z,3.252000,0.030000,0.097560,3015.800000,32.120000,63.640000,Week2/Day 12.csv,67,OK
2026-05-15T18:16:00Z,3.236000,0.020000,0.064720,1916.700000,31.530000,63.970000,Week2/Day 12.csv,68,OK
2026-05-15T18:26:00Z,3.220000,0.010000,0.032200,1065.000000,31.160000,67.100000,Week2/Day 12.csv,69,OK
2026-05-15T18:36:00Z,3.012000,0.000000,0.000000,442.500000,30.780000,67.530000,Week2/Day 12.csv,70,OK
2026-05-15T18:46:00Z,2.396000,0.000000,0.000000,102.500000,30.610000,67.560000,Week2/Day 12.csv,71,OK
2026-05-15T18:56:00Z,2.272000,0.000000,0.000000,24.200000,30.470000,69.730000,Week2/Day 12.csv,72,OK
2026-05-15T19:06:00Z,0.956000,0.000000,0.000000,0.800000,30.390000,71.770000,Week2/Day 12.csv,73,OK
2026-05-15T19:16:00Z,0.348000,0.000000,0.000000,0.000000,30.480000,71.010000,Week2/Day 12.csv,74,OK
2026-05-15T19:26:00Z,0.288000,0.000000,0.000000,0.000000,30.490000,70.840000,Week2/Day 12.csv,75,OK
2026-05-15T19:36:00Z,0.296000,0.000000,0.000000,0.000000,30.440000,68.890000,Week2/Day 12.csv,76,OK
2026-05-15T19:46:00Z,0.300000,0.000000,0.000000,0.000000,30.550000,68.270000,Week2/Day 12.csv,77,OK
2026-05-15T19:56:00Z,0.300000,0.000000,0.000000,0.000000,30.550000,70.170000,Week2/Day 12.csv,78,OK
2026-05-15T20:06:00Z,0.280000,0.000000,0.000000,0.000000,30.470000,70.010000,Week2/Day 12.csv,79,OK
2026-05-15T20:16:00Z,0.280000,0.000000,0.000000,0.000000,30.340000,70.090000,Week2/Day 12.csv,80,OK
2026-05-17T07:16:00Z,4.092000,0.050000,0.204600,5650.000000,28.560000,73.960000,Week2/Day 13.csv,2,OK
2026-05-17T07:26:00Z,7.808000,0.080000,0.624640,9138.300000,27.980000,76.200000,Week2/Day 13.csv,3,OK
2026-05-17T07:36:00Z,5.592000,0.060000,0.335520,7980.000000,28.100000,74.240000,Week2/Day 13.csv,4,OK
2026-05-17T07:46:00Z,7.292000,0.070000,0.510440,9101.700000,28.210000,74.430000,Week2/Day 13.csv,5,OK
2026-05-17T07:56:00Z,5.592000,0.060000,0.335520,8237.500000,28.350000,75.150000,Week2/Day 13.csv,6,OK
2026-05-17T08:06:00Z,7.932000,0.090000,0.713880,10110.000000,28.580000,75.020000,Week2/Day 13.csv,7,OK
2026-05-17T08:16:00Z,8.388000,0.140000,1.174320,13913.300000,29.530000,71.640000,Week2/Day 13.csv,8,OK
2026-05-17T08:26:00Z,8.052000,0.100000,0.805200,11661.700000,30.050000,70.600000,Week2/Day 13.csv,9,OK
2026-05-17T08:36:00Z,8.540000,0.180000,1.537200,16470.000000,30.740000,68.170000,Week2/Day 13.csv,10,OK
2026-05-17T08:46:00Z,8.776000,0.210000,1.842960,23361.700000,32.740000,63.980000,Week2/Day 13.csv,11,OK
2026-05-17T08:56:00Z,8.880000,0.230000,2.042400,24519.200000,34.170000,59.900000,Week2/Day 13.csv,12,OK
2026-05-17T09:06:00Z,8.688000,0.190000,1.650720,18665.000000,34.390000,59.370000,Week2/Day 13.csv,13,OK
2026-05-17T09:16:00Z,8.348000,0.140000,1.168720,17469.200000,34.930000,58.650000,Week2/Day 13.csv,14,OK
2026-05-17T09:26:00Z,9.032000,0.250000,2.258000,32908.300000,34.120000,61.520000,Week2/Day 13.csv,15,OK
2026-05-17T09:36:00Z,8.552000,0.180000,1.539360,24813.300000,35.300000,57.350000,Week2/Day 13.csv,16,OK
2026-05-17T09:46:00Z,8.668000,0.190000,1.646920,23319.200000,35.630000,55.780000,Week2/Day 13.csv,17,OK
2026-05-17T09:56:00Z,9.060000,0.280000,2.536800,33565.000000,36.640000,52.430000,Week2/Day 13.csv,18,OK
2026-05-17T10:06:00Z,8.448000,0.180000,1.520640,21473.300000,37.800000,50.290000,Week2/Day 13.csv,19,OK
2026-05-17T10:16:00Z,10.000000,0.500000,5.000000,54612.500000,39.490000,46.900000,Week2/Day 13.csv,20,OK
2026-05-17T10:26:00Z,9.400000,0.370000,3.478000,38335.800000,40.260000,42.820000,Week2/Day 13.csv,21,OK
2026-05-17T10:36:00Z,8.344000,0.150000,1.251600,17929.200000,39.550000,45.470000,Week2/Day 13.csv,22,OK
2026-05-17T10:46:00Z,10.320000,0.580000,5.985600,54612.500000,38.780000,46.740000,Week2/Day 13.csv,23,OK
2026-05-17T10:56:00Z,10.336000,0.580000,5.994880,54612.500000,41.650000,41.440000,Week2/Day 13.csv,24,OK
2026-05-17T11:06:00Z,9.648000,0.420000,4.052160,43912.500000,37.770000,48.510000,Week2/Day 13.csv,25,OK
2026-05-17T11:16:00Z,10.008000,0.500000,5.004000,54612.500000,38.490000,46.410000,Week2/Day 13.csv,26,OK
2026-05-17T11:26:00Z,8.804000,0.250000,2.201000,31647.500000,41.460000,38.700000,Week2/Day 13.csv,27,OK
2026-05-17T11:36:00Z,10.512000,0.630000,6.622560,54612.500000,42.570000,39.560000,Week2/Day 13.csv,28,OK
2026-05-17T11:46:00Z,8.052000,0.110000,0.885720,13800.800000,40.630000,42.380000,Week2/Day 13.csv,29,OK
2026-05-17T11:56:00Z,9.748000,0.450000,4.386600,52416.700000,40.550000,41.610000,Week2/Day 13.csv,30,OK
2026-05-17T12:06:00Z,10.516000,0.640000,6.730240,54612.500000,44.080000,36.610000,Week2/Day 13.csv,31,OK
2026-05-17T12:16:00Z,10.068000,0.530000,5.336040,54612.500000,44.950000,33.620000,Week2/Day 13.csv,32,OK
2026-05-17T12:26:00Z,10.628000,0.670000,7.120760,54612.500000,45.920000,30.960000,Week2/Day 13.csv,33,OK
2026-05-17T12:36:00Z,10.252000,0.590000,6.048680,54612.500000,46.550000,31.400000,Week2/Day 13.csv,34,OK
2026-05-17T12:46:00Z,10.384000,0.610000,6.334240,54612.500000,45.230000,33.460000,Week2/Day 13.csv,35,OK
2026-05-17T12:56:00Z,10.020000,0.530000,5.310600,54612.500000,46.870000,29.700000,Week2/Day 13.csv,36,OK
2026-05-17T13:05:00Z,9.856000,0.480000,4.730880,54612.500000,43.330000,35.830000,Week2/Day 13.csv,37,OK
2026-05-17T13:15:00Z,9.176000,0.330000,3.028080,41076.700000,43.500000,36.320000,Week2/Day 13.csv,38,OK
2026-05-17T13:25:00Z,9.320000,0.360000,3.355200,44612.500000,42.980000,37.420000,Week2/Day 13.csv,39,OK
2026-05-17T13:35:00Z,9.160000,0.320000,2.931200,39698.300000,42.110000,38.370000,Week2/Day 13.csv,40,OK
2026-05-17T13:45:00Z,9.284000,0.350000,3.249400,42980.000000,41.870000,38.720000,Week2/Day 13.csv,41,OK
2026-05-17T13:55:00Z,9.388000,0.370000,3.473560,45495.000000,41.360000,40.320000,Week2/Day 13.csv,42,OK
2026-05-17T14:05:00Z,9.212000,0.340000,3.132080,42180.800000,43.040000,37.390000,Week2/Day 13.csv,43,OK
2026-05-17T14:15:00Z,9.096000,0.300000,2.728800,37946.700000,41.570000,40.280000,Week2/Day 13.csv,44,OK
2026-05-17T14:25:00Z,9.012000,0.280000,2.523360,35261.700000,41.060000,41.350000,Week2/Day 13.csv,45,OK
2026-05-17T14:35:00Z,9.232000,0.330000,3.046560,41028.300000,42.170000,39.840000,Week2/Day 13.csv,46,OK
2026-05-17T14:45:00Z,8.752000,0.230000,2.012960,29035.800000,41.170000,41.310000,Week2/Day 13.csv,47,OK
2026-05-17T14:55:00Z,8.572000,0.200000,1.714400,26922.500000,41.090000,41.540000,Week2/Day 13.csv,48,OK
2026-05-17T15:05:00Z,9.044000,0.290000,2.622760,38705.800000,40.840000,41.070000,Week2/Day 13.csv,49,OK
2026-05-17T15:15:00Z,8.448000,0.180000,1.520640,23788.300000,38.410000,46.770000,Week2/Day 13.csv,50,OK
2026-05-17T15:25:00Z,8.260000,0.140000,1.156400,20025.800000,38.380000,47.560000,Week2/Day 13.csv,51,OK
2026-05-17T15:35:00Z,8.408000,0.160000,1.345280,21651.700000,37.140000,49.560000,Week2/Day 13.csv,52,OK
2026-05-17T15:45:00Z,8.412000,0.170000,1.430040,21339.200000,37.220000,49.790000,Week2/Day 13.csv,53,OK
2026-05-17T15:55:00Z,8.280000,0.140000,1.159200,18595.000000,37.180000,49.200000,Week2/Day 13.csv,54,OK
2026-05-17T16:05:00Z,7.888000,0.090000,0.709920,11470.800000,35.620000,52.770000,Week2/Day 13.csv,55,OK
2026-05-17T16:15:00Z,7.884000,0.090000,0.709560,10874.200000,34.680000,54.290000,Week2/Day 13.csv,56,OK
2026-05-17T16:25:00Z,6.312000,0.070000,0.441840,8674.200000,33.830000,58.320000,Week2/Day 13.csv,57,OK
2026-05-17T16:35:00Z,7.552000,0.080000,0.604160,9895.800000,33.700000,58.980000,Week2/Day 13.csv,58,OK
2026-05-17T16:45:00Z,6.764000,0.070000,0.473480,8515.800000,33.680000,60.250000,Week2/Day 13.csv,59,OK
2026-05-17T16:55:00Z,7.688000,0.080000,0.615040,9675.800000,33.630000,59.290000,Week2/Day 13.csv,60,OK
2026-05-17T17:05:00Z,6.680000,0.070000,0.467600,8441.700000,33.350000,61.540000,Week2/Day 13.csv,61,OK
2026-05-17T17:15:00Z,5.336000,0.060000,0.320160,7843.300000,33.290000,61.550000,Week2/Day 13.csv,62,OK
2026-05-17T17:25:00Z,5.732000,0.060000,0.343920,7854.200000,32.970000,61.990000,Week2/Day 13.csv,63,OK
2026-05-17T17:35:00Z,4.628000,0.050000,0.231400,6637.500000,33.010000,62.690000,Week2/Day 13.csv,64,OK
2026-05-17T17:45:00Z,3.464000,0.030000,0.103920,4026.700000,32.540000,63.250000,Week2/Day 13.csv,65,OK
2026-05-17T17:55:00Z,3.236000,0.020000,0.064720,2595.000000,31.780000,66.110000,Week2/Day 13.csv,66,OK
2026-05-17T18:05:00Z,3.228000,0.010000,0.032280,1551.700000,31.520000,67.240000,Week2/Day 13.csv,67,OK
2026-05-17T18:15:00Z,3.232000,0.010000,0.032320,1336.700000,31.210000,67.690000,Week2/Day 13.csv,68,OK
2026-05-17T18:25:00Z,3.164000,0.010000,0.031640,749.200000,31.030000,69.040000,Week2/Day 13.csv,69,OK
2026-05-17T18:35:00Z,3.164000,0.010000,0.031640,631.700000,30.830000,69.940000,Week2/Day 13.csv,70,OK
2026-05-17T18:45:00Z,2.576000,0.000000,0.000000,234.200000,30.590000,70.180000,Week2/Day 13.csv,71,OK
2026-05-17T18:55:00Z,2.576000,0.000000,0.000000,100.000000,30.450000,69.280000,Week2/Day 13.csv,72,OK
2026-05-17T19:05:00Z,1.816000,0.000000,0.000000,3.300000,30.410000,69.780000,Week2/Day 13.csv,73,OK
2026-05-19T09:38:00Z,3.284000,0.020000,0.065680,2218.300000,28.740000,79.140000,Week2/Day 14.csv,2,OK
2026-05-19T09:48:00Z,8.520000,0.160000,1.363200,20734.200000,29.330000,76.120000,Week2/Day 14.csv,3,OK
2026-05-19T09:58:00Z,8.412000,0.160000,1.345920,19945.800000,29.140000,77.190000,Week2/Day 14.csv,4,OK
2026-05-19T10:08:00Z,8.340000,0.140000,1.167600,18045.000000,29.040000,76.650000,Week2/Day 14.csv,5,OK
2026-05-19T10:18:00Z,8.280000,0.130000,1.076400,17007.500000,29.070000,77.450000,Week2/Day 14.csv,6,OK
2026-05-19T10:28:00Z,8.236000,0.130000,1.070680,16159.200000,28.660000,79.880000,Week2/Day 14.csv,7,OK
2026-05-19T10:38:00Z,8.236000,0.120000,0.988320,16189.200000,28.610000,79.270000,Week2/Day 14.csv,8,OK
2026-05-19T10:48:00Z,8.340000,0.140000,1.167600,17975.000000,28.260000,85.300000,Week2/Day 14.csv,9,OK
2026-05-19T10:58:00Z,8.580000,0.170000,1.458600,22353.300000,28.050000,85.380000,Week2/Day 14.csv,10,OK
2026-05-19T11:08:00Z,8.700000,0.190000,1.653000,24308.300000,28.510000,86.590000,Week2/Day 14.csv,11,OK
2026-05-19T11:18:00Z,8.820000,0.220000,1.940400,26991.700000,28.510000,86.840000,Week2/Day 14.csv,12,OK
2026-05-19T11:28:00Z,8.524000,0.160000,1.363840,20630.800000,29.480000,80.200000,Week2/Day 14.csv,13,OK
2026-05-19T11:38:00Z,8.560000,0.170000,1.455200,22596.700000,29.690000,77.730000,Week2/Day 14.csv,14,OK
2026-05-19T11:48:00Z,8.552000,0.170000,1.453840,23775.800000,30.470000,76.270000,Week2/Day 14.csv,15,OK
2026-05-19T11:58:00Z,8.624000,0.180000,1.552320,25342.500000,30.940000,73.780000,Week2/Day 14.csv,16,OK
2026-05-19T12:08:00Z,8.516000,0.170000,1.447720,23182.500000,31.480000,71.170000,Week2/Day 14.csv,17,OK
2026-05-19T12:18:00Z,8.496000,0.160000,1.359360,22185.800000,31.520000,71.060000,Week2/Day 14.csv,18,OK
2026-05-19T12:28:00Z,8.400000,0.140000,1.176000,20695.000000,31.650000,70.900000,Week2/Day 14.csv,19,OK
2026-05-19T12:38:00Z,7.964000,0.090000,0.716760,12700.800000,31.490000,69.830000,Week2/Day 14.csv,20,OK
2026-05-19T12:48:00Z,8.276000,0.130000,1.075880,18388.300000,31.000000,71.360000,Week2/Day 14.csv,21,OK
2026-05-19T12:58:00Z,8.856000,0.220000,1.948320,31083.300000,32.170000,68.280000,Week2/Day 14.csv,22,OK
2026-05-19T13:07:00Z,8.560000,0.180000,1.540800,25760.000000,32.810000,65.910000,Week2/Day 14.csv,23,OK
2026-05-19T13:17:00Z,8.392000,0.150000,1.258800,21584.200000,32.880000,63.790000,Week2/Day 14.csv,24,OK
2026-05-19T13:27:00Z,8.256000,0.130000,1.073280,19075.800000,32.660000,65.980000,Week2/Day 14.csv,25,OK
2026-05-19T13:37:00Z,8.384000,0.150000,1.257600,21140.000000,32.620000,65.570000,Week2/Day 14.csv,26,OK
2026-05-19T13:47:00Z,8.420000,0.160000,1.347200,22810.800000,32.660000,66.370000,Week2/Day 14.csv,27,OK
2026-05-19T13:57:00Z,8.472000,0.160000,1.355520,22854.200000,32.970000,67.700000,Week2/Day 14.csv,28,OK
2026-05-19T14:07:00Z,8.344000,0.150000,1.251600,21326.700000,32.570000,64.720000,Week2/Day 14.csv,29,OK
2026-05-19T14:17:00Z,8.524000,0.170000,1.449080,25195.000000,32.230000,66.230000,Week2/Day 14.csv,30,OK
2026-05-19T14:27:00Z,8.400000,0.160000,1.344000,22233.300000,32.270000,68.410000,Week2/Day 14.csv,31,OK
2026-05-19T14:37:00Z,8.532000,0.170000,1.450440,23775.000000,32.450000,66.320000,Week2/Day 14.csv,32,OK
2026-05-19T14:47:00Z,8.460000,0.160000,1.353600,20905.000000,32.740000,66.800000,Week2/Day 14.csv,33,OK
2026-05-19T14:57:00Z,8.024000,0.100000,0.802400,13462.500000,31.660000,69.500000,Week2/Day 14.csv,34,OK
2026-05-19T15:07:00Z,7.736000,0.080000,0.618880,11423.300000,29.980000,76.300000,Week2/Day 14.csv,35,OK
2026-05-19T15:17:00Z,7.788000,0.080000,0.623040,11710.800000,29.530000,75.570000,Week2/Day 14.csv,36,OK
2026-05-19T15:27:00Z,7.820000,0.080000,0.625600,11521.700000,29.760000,76.330000,Week2/Day 14.csv,37,OK
2026-05-19T15:37:00Z,7.680000,0.080000,0.614400,10709.200000,29.840000,72.060000,Week2/Day 14.csv,38,OK
2026-05-19T15:47:00Z,7.436000,0.070000,0.520520,9853.300000,29.870000,74.760000,Week2/Day 14.csv,39,OK
2026-05-19T15:57:00Z,7.944000,0.090000,0.714960,12139.200000,30.150000,71.890000,Week2/Day 14.csv,40,OK
2026-05-19T16:07:00Z,8.188000,0.120000,0.982560,16325.000000,30.620000,71.230000,Week2/Day 14.csv,41,OK
2026-05-19T16:17:00Z,8.340000,0.140000,1.167600,18080.000000,31.280000,68.240000,Week2/Day 14.csv,42,OK
2026-05-19T16:27:00Z,8.220000,0.130000,1.068600,16788.300000,31.850000,65.820000,Week2/Day 14.csv,43,OK
2026-05-19T16:37:00Z,8.160000,0.120000,0.979200,15168.300000,32.060000,67.030000,Week2/Day 14.csv,44,OK
2026-05-19T16:47:00Z,8.032000,0.100000,0.803200,13845.000000,31.580000,67.310000,Week2/Day 14.csv,45,OK
2026-05-19T16:57:00Z,8.036000,0.100000,0.803600,13037.500000,31.530000,69.690000,Week2/Day 14.csv,46,OK
2026-05-19T17:07:00Z,7.740000,0.080000,0.619200,10584.200000,31.270000,68.740000,Week2/Day 14.csv,47,OK
2026-05-19T17:17:00Z,5.480000,0.060000,0.328800,8052.500000,30.810000,72.310000,Week2/Day 14.csv,48,OK
2026-05-19T17:27:00Z,5.448000,0.060000,0.326880,8406.700000,30.480000,72.310000,Week2/Day 14.csv,49,OK
2026-05-19T17:37:00Z,4.164000,0.050000,0.208200,6561.700000,30.160000,74.740000,Week2/Day 14.csv,50,OK
2026-05-19T17:47:00Z,3.900000,0.040000,0.156000,5669.200000,29.790000,75.710000,Week2/Day 14.csv,51,OK
2026-05-19T17:57:00Z,3.468000,0.040000,0.138720,4636.700000,29.430000,76.220000,Week2/Day 14.csv,52,OK
2026-05-19T18:07:00Z,3.276000,0.030000,0.098280,3272.500000,28.940000,77.240000,Week2/Day 14.csv,53,OK
2026-05-19T18:17:00Z,3.260000,0.020000,0.065200,2315.000000,28.570000,78.690000,Week2/Day 14.csv,54,OK
2026-05-19T18:27:00Z,3.244000,0.010000,0.032440,1235.800000,28.180000,80.810000,Week2/Day 14.csv,55,OK
2026-05-19T18:37:00Z,3.024000,0.000000,0.000000,486.700000,27.790000,80.910000,Week2/Day 14.csv,56,OK
2026-05-19T18:47:00Z,2.504000,0.000000,0.000000,135.000000,27.410000,82.910000,Week2/Day 14.csv,57,OK
2026-05-19T18:57:00Z,2.460000,0.000000,0.000000,17.500000,27.240000,83.290000,Week2/Day 14.csv,58,OK
2026-05-19T19:07:00Z,0.844000,0.000000,0.000000,0.800000,27.130000,84.440000,Week2/Day 14.csv,59,OK
2026-05-19T19:17:00Z,0.328000,0.000000,0.000000,0.000000,26.920000,84.940000,Week2/Day 14.csv,60,OK
2026-05-19T19:27:00Z,0.280000,0.000000,0.000000,0.000000,26.700000,85.260000,Week2/Day 14.csv,61,OK
2026-05-19T19:37:00Z,0.276000,0.000000,0.000000,0.000000,26.570000,86.460000,Week2/Day 14.csv,62,OK
2026-05-19T19:47:00Z,0.276000,0.000000,0.000000,0.000000,26.460000,86.520000,Week2/Day 14.csv,63,OK
2026-05-19T19:56:00Z,0.276000,0.000000,0.000000,0.000000,26.350000,86.500000,Week2/Day 14.csv,64,OK
2026-05-19T20:06:00Z,0.276000,0.000000,0.000000,0.000000,26.270000,88.950000,Week2/Day 14.csv,65,OK
2026-05-20T07:37:00Z,3.972000,0.060000,0.238320,6400.000000,28.330000,79.330000,Week3/Day 15.csv,2,OK
2026-05-20T07:47:00Z,8.228000,0.110000,0.905080,13333.300000,28.550000,77.290000,Week3/Day 15.csv,3,OK
2026-05-20T07:57:00Z,7.256000,0.070000,0.507920,8862.500000,29.090000,76.360000,Week3/Day 15.csv,4,OK
2026-05-20T08:07:00Z,6.356000,0.070000,0.444920,9078.300000,28.940000,76.060000,Week3/Day 15.csv,5,OK
2026-05-20T08:17:00Z,8.320000,0.120000,0.998400,14648.300000,29.760000,74.890000,Week3/Day 15.csv,6,OK
2026-05-20T08:27:00Z,8.232000,0.110000,0.905520,14313.300000,30.250000,72.340000,Week3/Day 15.csv,7,OK
2026-05-20T08:37:00Z,8.168000,0.100000,0.816800,13660.800000,30.450000,71.600000,Week3/Day 15.csv,8,OK
2026-05-20T08:47:00Z,8.272000,0.120000,0.992640,14960.800000,30.880000,71.800000,Week3/Day 15.csv,9,OK
2026-05-20T08:57:00Z,8.272000,0.120000,0.992640,15088.300000,31.120000,70.630000,Week3/Day 15.csv,10,OK
2026-05-20T09:07:00Z,8.380000,0.140000,1.173200,17534.200000,31.740000,67.650000,Week3/Day 15.csv,11,OK
2026-05-20T09:17:00Z,8.336000,0.130000,1.083680,17731.700000,31.880000,66.940000,Week3/Day 15.csv,12,OK
2026-05-20T09:27:00Z,8.576000,0.170000,1.457920,22149.200000,32.460000,66.960000,Week3/Day 15.csv,13,OK
2026-05-20T09:37:00Z,8.600000,0.180000,1.548000,23981.700000,32.620000,63.040000,Week3/Day 15.csv,14,OK
2026-05-20T09:47:00Z,8.848000,0.220000,1.946560,31114.200000,33.480000,64.040000,Week3/Day 15.csv,15,OK
2026-05-20T09:57:00Z,8.872000,0.230000,2.040560,31378.300000,34.570000,57.200000,Week3/Day 15.csv,16,OK
2026-05-20T10:07:00Z,8.940000,0.240000,2.145600,32812.500000,35.280000,56.810000,Week3/Day 15.csv,17,OK
2026-05-20T10:17:00Z,9.168000,0.280000,2.567040,40020.800000,36.600000,53.590000,Week3/Day 15.csv,18,OK
2026-05-20T10:27:00Z,8.936000,0.240000,2.144640,30920.800000,37.580000,48.610000,Week3/Day 15.csv,19,OK
2026-05-20T10:37:00Z,9.060000,0.270000,2.446200,33074.200000,38.460000,51.680000,Week3/Day 15.csv,20,OK
2026-05-20T10:47:00Z,9.780000,0.410000,4.009800,45589.200000,38.550000,48.120000,Week3/Day 15.csv,21,OK
2026-05-20T10:57:00Z,10.392000,0.560000,5.819520,54612.500000,39.920000,44.010000,Week3/Day 15.csv,22,OK
2026-05-20T11:07:00Z,10.720000,0.670000,7.182400,54612.500000,42.310000,42.080000,Week3/Day 15.csv,23,OK
2026-05-20T11:17:00Z,9.100000,0.300000,2.730000,37366.700000,42.930000,40.180000,Week3/Day 15.csv,24,OK
2026-05-20T11:27:00Z,9.180000,0.310000,2.845800,40968.300000,40.410000,46.180000,Week3/Day 15.csv,25,OK
2026-05-20T11:37:00Z,8.676000,0.220000,1.908720,29525.000000,41.740000,42.150000,Week3/Day 15.csv,26,OK
2026-05-20T11:47:00Z,8.488000,0.180000,1.527840,24981.700000,39.770000,45.370000,Week3/Day 15.csv,27,OK
2026-05-20T11:57:00Z,10.480000,0.620000,6.497600,54612.500000,42.360000,42.060000,Week3/Day 15.csv,28,OK
2026-05-20T12:07:00Z,11.008000,0.750000,8.256000,54612.500000,46.460000,34.550000,Week3/Day 15.csv,29,OK
2026-05-20T12:17:00Z,9.700000,0.460000,4.462000,54612.500000,49.890000,27.070000,Week3/Day 15.csv,30,OK
2026-05-20T12:27:00Z,9.636000,0.440000,4.239840,54612.500000,48.200000,32.390000,Week3/Day 15.csv,31,OK
2026-05-20T12:37:00Z,10.284000,0.590000,6.067560,54612.500000,47.010000,30.590000,Week3/Day 15.csv,32,OK
2026-05-20T12:47:00Z,10.264000,0.580000,5.953120,54612.500000,46.830000,32.810000,Week3/Day 15.csv,33,OK
2026-05-20T13:32:00Z,9.636000,0.430000,4.143480,54612.500000,48.430000,26.960000,Week3/Day 15.csv,34,OK
2026-05-20T13:46:00Z,10.116000,0.540000,5.462640,54612.500000,48.720000,29.020000,Week3/Day 15.csv,35,OK
2026-05-20T14:56:00Z,10.072000,0.530000,5.338160,54612.500000,46.370000,32.060000,Week3/Day 15.csv,36,OK
2026-05-20T15:43:00Z,7.712000,0.080000,0.616960,9185.800000,37.250000,48.710000,Week3/Day 15.csv,37,OK
2026-05-20T19:29:00Z,0.168000,0.000000,0.000000,0.000000,29.310000,73.380000,Week3/Day 15.csv,38,OK
2026-05-23T09:21:00Z,3.292000,0.030000,0.098760,2009.200000,29.370000,79.400000,Week3/Day 16.csv,2,OK
2026-05-23T09:31:00Z,9.160000,0.250000,2.290000,38763.300000,32.480000,67.980000,Week3/Day 16.csv,3,OK
2026-05-23T09:41:00Z,9.048000,0.240000,2.171520,43637.500000,34.700000,63.750000,Week3/Day 16.csv,4,OK
2026-05-23T09:51:00Z,9.420000,0.320000,3.014400,45869.200000,36.430000,55.930000,Week3/Day 16.csv,5,OK
2026-05-23T10:01:00Z,8.712000,0.190000,1.655280,26345.800000,35.530000,59.490000,Week3/Day 16.csv,6,OK
2026-05-23T10:11:00Z,8.876000,0.230000,2.041480,28875.000000,35.350000,57.740000,Week3/Day 16.csv,7,OK
2026-05-23T10:21:00Z,8.616000,0.190000,1.637040,23709.200000,34.650000,64.110000,Week3/Day 16.csv,8,OK
2026-05-23T10:31:00Z,9.224000,0.310000,2.859440,38892.500000,36.000000,58.560000,Week3/Day 16.csv,9,OK
2026-05-23T10:41:00Z,8.600000,0.190000,1.634000,24128.300000,36.690000,56.300000,Week3/Day 16.csv,10,OK
2026-05-23T10:51:00Z,9.524000,0.360000,3.428640,42754.200000,35.230000,60.550000,Week3/Day 16.csv,11,OK
2026-05-23T11:01:00Z,4.016000,0.050000,0.200800,6184.200000,33.380000,66.500000,Week3/Day 16.csv,12,OK
2026-05-23T11:11:00Z,8.172000,0.120000,0.980640,16629.200000,32.320000,67.590000,Week3/Day 16.csv,13,OK
2026-05-23T11:21:00Z,8.152000,0.120000,0.978240,16658.300000,32.380000,68.620000,Week3/Day 16.csv,14,OK
2026-05-23T11:31:00Z,8.284000,0.140000,1.159760,19280.000000,32.590000,65.740000,Week3/Day 16.csv,15,OK
2026-05-23T11:41:00Z,8.452000,0.160000,1.352320,22210.800000,32.850000,65.830000,Week3/Day 16.csv,16,OK
2026-05-23T11:51:00Z,8.184000,0.120000,0.982080,16264.200000,32.900000,66.990000,Week3/Day 16.csv,17,OK
2026-05-23T12:01:00Z,8.244000,0.130000,1.071720,17906.700000,32.970000,66.060000,Week3/Day 16.csv,18,OK
2026-05-23T12:10:00Z,8.556000,0.180000,1.540080,23550.000000,33.370000,65.550000,Week3/Day 16.csv,19,OK
2026-05-23T12:20:00Z,8.752000,0.210000,1.837920,26765.800000,34.140000,63.480000,Week3/Day 16.csv,20,OK
2026-05-23T12:30:00Z,8.624000,0.200000,1.724800,26018.300000,34.380000,60.940000,Week3/Day 16.csv,21,OK
2026-05-23T12:40:00Z,9.196000,0.300000,2.758800,38821.700000,35.910000,57.450000,Week3/Day 16.csv,22,OK
2026-05-23T12:50:00Z,8.680000,0.210000,1.822800,26828.300000,35.740000,57.090000,Week3/Day 16.csv,23,OK
2026-05-23T13:00:00Z,8.396000,0.150000,1.259400,20373.300000,34.880000,59.750000,Week3/Day 16.csv,24,OK
2026-05-23T13:10:00Z,8.272000,0.140000,1.158080,18092.500000,33.760000,63.130000,Week3/Day 16.csv,25,OK
2026-05-23T13:20:00Z,8.524000,0.180000,1.534320,24961.700000,33.740000,61.060000,Week3/Day 16.csv,26,OK
2026-05-23T13:30:00Z,8.160000,0.120000,0.979200,16745.800000,33.070000,64.160000,Week3/Day 16.csv,27,OK
2026-05-23T13:40:00Z,4.800000,0.060000,0.288000,7491.700000,32.070000,67.630000,Week3/Day 16.csv,28,OK
2026-05-23T13:50:00Z,5.676000,0.060000,0.340560,8320.800000,31.260000,71.120000,Week3/Day 16.csv,29,OK
2026-05-23T14:00:00Z,6.080000,0.070000,0.425600,8900.000000,31.100000,70.790000,Week3/Day 16.csv,30,OK
2026-05-23T14:10:00Z,6.276000,0.070000,0.439320,8697.500000,30.890000,72.860000,Week3/Day 16.csv,31,OK
2026-05-23T14:20:00Z,8.012000,0.100000,0.801200,12533.300000,31.300000,72.970000,Week3/Day 16.csv,32,OK
2026-05-23T14:30:00Z,8.412000,0.150000,1.261800,19754.200000,32.180000,68.830000,Week3/Day 16.csv,33,OK
2026-05-23T14:40:00Z,8.312000,0.140000,1.163680,18433.300000,32.920000,67.060000,Week3/Day 16.csv,34,OK
2026-05-23T14:50:00Z,8.512000,0.180000,1.532160,22870.000000,33.490000,64.170000,Week3/Day 16.csv,35,OK
2026-05-23T15:00:00Z,8.488000,0.170000,1.442960,22246.700000,33.920000,61.560000,Week3/Day 16.csv,36,OK
2026-05-23T15:10:00Z,9.128000,0.280000,2.555840,32415.800000,34.110000,61.420000,Week3/Day 16.csv,37,OK
2026-05-23T15:20:00Z,8.472000,0.160000,1.355520,20863.300000,34.890000,60.060000,Week3/Day 16.csv,38,OK
2026-05-23T15:30:00Z,8.436000,0.160000,1.349760,20537.500000,34.530000,59.040000,Week3/Day 16.csv,39,OK
2026-05-23T15:40:00Z,8.372000,0.150000,1.255800,19648.300000,34.020000,60.640000,Week3/Day 16.csv,40,OK
2026-05-23T15:50:00Z,8.432000,0.160000,1.349120,19720.000000,34.470000,61.410000,Week3/Day 16.csv,41,OK
2026-05-23T16:00:00Z,8.116000,0.120000,0.973920,15094.200000,33.690000,62.470000,Week3/Day 16.csv,42,OK
2026-05-23T16:10:00Z,8.320000,0.140000,1.164800,17352.500000,33.330000,62.870000,Week3/Day 16.csv,43,OK
2026-05-23T16:20:00Z,8.084000,0.100000,0.808400,12980.800000,33.420000,62.560000,Week3/Day 16.csv,44,OK
2026-05-23T16:30:00Z,8.072000,0.110000,0.887920,13425.800000,32.750000,63.700000,Week3/Day 16.csv,45,OK
2026-05-23T16:40:00Z,7.996000,0.100000,0.799600,12301.700000,32.410000,64.830000,Week3/Day 16.csv,46,OK
2026-05-23T16:50:00Z,7.788000,0.080000,0.623040,10453.300000,31.980000,65.800000,Week3/Day 16.csv,47,OK
2026-05-23T17:00:00Z,4.580000,0.050000,0.229000,6713.300000,31.450000,68.160000,Week3/Day 16.csv,48,OK
2026-05-23T17:10:00Z,5.920000,0.060000,0.355200,8165.000000,31.070000,69.420000,Week3/Day 16.csv,49,OK
2026-05-23T17:20:00Z,6.964000,0.070000,0.487480,8972.500000,31.290000,70.710000,Week3/Day 16.csv,50,OK
2026-05-23T17:30:00Z,4.240000,0.050000,0.212000,6446.700000,31.160000,70.830000,Week3/Day 16.csv,51,OK
2026-05-23T17:40:00Z,4.256000,0.050000,0.212800,6304.200000,30.740000,70.900000,Week3/Day 16.csv,52,OK
2026-05-23T17:50:00Z,4.064000,0.050000,0.203200,6163.300000,30.550000,73.280000,Week3/Day 16.csv,53,OK
2026-05-23T18:00:00Z,3.492000,0.040000,0.139680,4545.000000,30.310000,73.400000,Week3/Day 16.csv,54,OK
2026-05-23T18:10:00Z,3.260000,0.020000,0.065200,2790.800000,29.870000,73.530000,Week3/Day 16.csv,55,OK
2026-05-23T18:20:00Z,3.248000,0.010000,0.032480,1545.800000,29.470000,76.560000,Week3/Day 16.csv,56,OK
2026-05-23T18:30:00Z,3.208000,0.010000,0.032080,925.000000,29.090000,76.560000,Week3/Day 16.csv,57,OK
2026-05-23T18:40:00Z,2.960000,0.000000,0.000000,429.200000,28.830000,77.390000,Week3/Day 16.csv,58,OK
2026-05-23T18:50:00Z,2.408000,0.000000,0.000000,90.800000,28.610000,80.010000,Week3/Day 16.csv,59,OK
2026-05-23T19:00:00Z,2.552000,0.000000,0.000000,15.000000,28.440000,80.130000,Week3/Day 16.csv,60,OK
2026-05-23T19:10:00Z,1.000000,0.000000,0.000000,0.800000,28.310000,79.580000,Week3/Day 16.csv,61,OK
2026-05-23T19:19:00Z,0.372000,0.000000,0.000000,0.000000,28.200000,80.650000,Week3/Day 16.csv,62,OK
2026-05-23T19:29:00Z,0.284000,0.000000,0.000000,0.000000,28.150000,81.950000,Week3/Day 16.csv,63,OK
2026-05-23T19:39:00Z,0.280000,0.000000,0.000000,0.000000,28.110000,82.090000,Week3/Day 16.csv,64,OK
2026-05-23T19:49:00Z,0.284000,0.000000,0.000000,0.000000,28.060000,80.510000,Week3/Day 16.csv,65,OK
2026-05-24T09:29:00Z,8.328000,0.130000,1.082640,19065.800000,28.200000,72.940000,Week3/Day 17.csv,2,OK
2026-05-24T09:39:00Z,8.536000,0.150000,1.280400,20795.000000,28.560000,71.980000,Week3/Day 17.csv,3,OK
2026-05-24T09:49:00Z,8.612000,0.160000,1.377920,21890.000000,29.300000,69.180000,Week3/Day 17.csv,4,OK
2026-05-24T09:59:00Z,8.556000,0.160000,1.368960,21616.700000,29.720000,67.780000,Week3/Day 17.csv,5,OK
2026-05-24T10:09:00Z,8.500000,0.160000,1.360000,21240.800000,30.030000,66.630000,Week3/Day 17.csv,6,OK
2026-05-24T10:19:00Z,8.608000,0.160000,1.377280,22297.500000,30.050000,65.110000,Week3/Day 17.csv,7,OK
2026-05-24T10:29:00Z,9.044000,0.240000,2.170560,31874.200000,31.300000,62.090000,Week3/Day 17.csv,8,OK
2026-05-24T10:39:00Z,9.268000,0.300000,2.780400,38005.000000,33.580000,57.430000,Week3/Day 17.csv,9,OK
2026-05-24T10:49:00Z,9.668000,0.390000,3.770520,48849.200000,35.560000,50.400000,Week3/Day 17.csv,10,OK
2026-05-24T10:59:00Z,9.848000,0.440000,4.333120,54612.500000,38.690000,44.250000,Week3/Day 17.csv,11,OK
2026-05-24T11:09:00Z,10.132000,0.530000,5.369960,54612.500000,40.340000,39.130000,Week3/Day 17.csv,12,OK
2026-05-24T11:19:00Z,9.848000,0.460000,4.530080,54612.500000,40.710000,41.170000,Week3/Day 17.csv,13,OK
2026-05-24T11:29:00Z,9.192000,0.310000,2.849520,41918.300000,39.370000,40.580000,Week3/Day 17.csv,14,OK
2026-05-24T11:39:00Z,8.996000,0.270000,2.428920,37538.300000,37.940000,43.220000,Week3/Day 17.csv,15,OK
2026-05-24T11:49:00Z,8.968000,0.260000,2.331680,36233.300000,37.560000,46.640000,Week3/Day 17.csv,16,OK
2026-05-24T11:59:00Z,9.384000,0.350000,3.284400,47375.000000,37.220000,46.570000,Week3/Day 17.csv,17,OK
2026-05-24T12:09:00Z,8.888000,0.250000,2.222000,34653.300000,37.160000,49.160000,Week3/Day 17.csv,18,OK
2026-05-24T12:19:00Z,9.176000,0.310000,2.844560,43225.000000,36.920000,47.630000,Week3/Day 17.csv,19,OK
2026-05-24T12:29:00Z,9.320000,0.330000,3.075600,46309.200000,37.960000,47.860000,Week3/Day 17.csv,20,OK
2026-05-24T12:39:00Z,9.492000,0.370000,3.512040,52535.000000,38.710000,41.780000,Week3/Day 17.csv,21,OK
2026-05-24T12:49:00Z,8.736000,0.230000,2.009280,31741.700000,38.100000,43.170000,Week3/Day 17.csv,22,OK
2026-05-24T12:59:00Z,8.620000,0.190000,1.637800,27210.800000,36.820000,48.210000,Week3/Day 17.csv,23,OK
2026-05-24T13:09:00Z,8.424000,0.170000,1.432080,23145.000000,35.290000,50.190000,Week3/Day 17.csv,24,OK
2026-05-24T13:19:00Z,8.464000,0.170000,1.438880,24186.700000,34.720000,50.590000,Week3/Day 17.csv,25,OK
2026-05-24T13:29:00Z,8.680000,0.200000,1.736000,28093.300000,35.370000,50.600000,Week3/Day 17.csv,26,OK
2026-05-24T13:39:00Z,8.788000,0.220000,1.933360,31290.800000,35.590000,52.650000,Week3/Day 17.csv,27,OK
2026-05-24T13:49:00Z,8.652000,0.200000,1.730400,27935.800000,35.580000,50.930000,Week3/Day 17.csv,28,OK
2026-05-24T13:59:00Z,8.512000,0.180000,1.532160,24700.000000,35.320000,52.750000,Week3/Day 17.csv,29,OK
2026-05-24T14:09:00Z,9.092000,0.290000,2.636680,43455.800000,36.040000,50.370000,Week3/Day 17.csv,30,OK
2026-05-24T14:19:00Z,9.208000,0.320000,2.946560,49868.300000,38.760000,45.130000,Week3/Day 17.csv,31,OK
2026-05-24T14:29:00Z,9.700000,0.420000,4.074000,54612.500000,41.130000,39.580000,Week3/Day 17.csv,32,OK
2026-05-24T14:39:00Z,9.504000,0.370000,3.516480,54612.500000,43.310000,34.500000,Week3/Day 17.csv,33,OK
2026-05-24T14:49:00Z,9.384000,0.350000,3.284400,54612.500000,43.290000,35.820000,Week3/Day 17.csv,34,OK
2026-05-24T14:59:00Z,9.216000,0.310000,2.856960,54048.300000,42.310000,36.510000,Week3/Day 17.csv,35,OK
2026-05-24T15:09:00Z,8.624000,0.200000,1.724800,52158.300000,39.160000,42.160000,Week3/Day 17.csv,36,OK
2026-05-24T15:19:00Z,8.208000,0.130000,1.067040,21628.300000,36.710000,46.070000,Week3/Day 17.csv,37,OK
2026-05-24T15:29:00Z,8.124000,0.120000,0.974880,19260.800000,35.200000,49.650000,Week3/Day 17.csv,38,OK
2026-05-24T15:39:00Z,7.932000,0.090000,0.713880,14114.200000,34.080000,55.110000,Week3/Day 17.csv,39,OK
2026-05-24T15:49:00Z,7.820000,0.080000,0.625600,12300.000000,32.650000,57.240000,Week3/Day 17.csv,40,OK
2026-05-24T15:59:00Z,7.824000,0.090000,0.704160,12473.300000,32.620000,60.150000,Week3/Day 17.csv,41,OK
2026-05-24T16:09:00Z,7.844000,0.090000,0.705960,12179.200000,31.740000,60.790000,Week3/Day 17.csv,42,OK
2026-05-24T16:18:00Z,7.816000,0.090000,0.703440,12394.200000,31.890000,60.070000,Week3/Day 17.csv,43,OK
2026-05-24T16:28:00Z,7.172000,0.070000,0.502040,10807.500000,31.720000,59.990000,Week3/Day 17.csv,44,OK
2026-05-24T16:38:00Z,6.196000,0.070000,0.433720,9234.200000,31.460000,62.050000,Week3/Day 17.csv,45,OK
2026-05-24T16:48:00Z,6.228000,0.070000,0.435960,8595.000000,30.960000,62.790000,Week3/Day 17.csv,46,OK
2026-05-24T16:58:00Z,4.836000,0.060000,0.290160,7356.700000,30.760000,63.240000,Week3/Day 17.csv,47,OK
2026-05-24T17:08:00Z,4.680000,0.060000,0.280800,7357.500000,30.780000,63.830000,Week3/Day 17.csv,48,OK
2026-05-24T17:18:00Z,4.232000,0.050000,0.211600,6477.500000,30.430000,64.220000,Week3/Day 17.csv,49,OK
2026-05-24T17:28:00Z,3.292000,0.030000,0.098760,3870.000000,29.930000,64.470000,Week3/Day 17.csv,50,OK
2026-05-24T17:38:00Z,3.268000,0.030000,0.098040,3233.300000,29.540000,65.770000,Week3/Day 17.csv,51,OK
2026-05-24T17:48:00Z,3.280000,0.030000,0.098400,3668.300000,29.200000,65.670000,Week3/Day 17.csv,52,OK
2026-05-24T17:58:00Z,3.308000,0.030000,0.099240,3785.800000,29.030000,65.440000,Week3/Day 17.csv,53,OK
2026-05-24T18:08:00Z,3.288000,0.030000,0.098640,3486.700000,28.850000,66.970000,Week3/Day 17.csv,54,OK
2026-05-24T18:18:00Z,3.260000,0.020000,0.065200,2515.000000,28.810000,68.080000,Week3/Day 17.csv,55,OK
2026-05-24T18:28:00Z,3.252000,0.010000,0.032520,1526.700000,28.730000,70.960000,Week3/Day 17.csv,56,OK
2026-05-24T18:38:00Z,3.228000,0.010000,0.032280,974.200000,28.460000,70.230000,Week3/Day 17.csv,57,OK
2026-05-24T18:48:00Z,3.124000,0.010000,0.031240,465.800000,28.010000,71.200000,Week3/Day 17.csv,58,OK
2026-05-24T18:58:00Z,2.512000,0.000000,0.000000,75.000000,27.630000,73.010000,Week3/Day 17.csv,59,OK
2026-05-24T19:08:00Z,1.552000,0.000000,0.000000,3.300000,27.360000,78.580000,Week3/Day 17.csv,60,OK
2026-05-24T19:18:00Z,0.464000,0.000000,0.000000,0.000000,27.080000,79.090000,Week3/Day 17.csv,61,OK
2026-05-25T08:38:00Z,0.244000,0.000000,0.000000,15710.800000,32.060000,63.880000,Week3/Day 18.csv,2,OK
2026-05-25T08:48:00Z,8.720000,0.210000,1.831200,18662.500000,33.100000,60.940000,Week3/Day 18.csv,3,OK
2026-05-25T08:58:00Z,8.848000,0.240000,2.123520,24335.000000,34.340000,56.040000,Week3/Day 18.csv,4,OK
2026-05-25T09:08:00Z,8.516000,0.180000,1.532880,14529.200000,34.940000,56.200000,Week3/Day 18.csv,5,OK
2026-05-25T09:18:00Z,8.624000,0.200000,1.724800,31880.800000,36.120000,52.780000,Week3/Day 18.csv,6,OK
2026-05-25T09:28:00Z,9.056000,0.280000,2.535680,38236.700000,36.770000,49.930000,Week3/Day 18.csv,7,OK
2026-05-25T09:38:00Z,8.168000,0.120000,0.980160,16120.800000,35.390000,54.020000,Week3/Day 18.csv,8,OK
2026-05-25T09:48:00Z,9.612000,0.410000,3.940920,40997.500000,36.930000,50.310000,Week3/Day 18.csv,9,OK
2026-05-25T09:58:00Z,10.012000,0.470000,4.705640,43807.500000,37.930000,47.340000,Week3/Day 18.csv,10,OK
2026-05-25T10:08:00Z,9.992000,0.480000,4.796160,48642.500000,39.110000,42.880000,Week3/Day 18.csv,11,OK
2026-05-25T10:18:00Z,10.160000,0.510000,5.181600,51348.300000,40.090000,40.810000,Week3/Day 18.csv,12,OK
2026-05-25T10:28:00Z,10.136000,0.530000,5.372080,54612.500000,41.030000,40.610000,Week3/Day 18.csv,13,OK
2026-05-25T10:38:00Z,9.740000,0.430000,4.188200,49914.200000,41.720000,37.690000,Week3/Day 18.csv,14,OK
2026-05-25T10:48:00Z,10.244000,0.560000,5.736640,54612.500000,41.870000,38.850000,Week3/Day 18.csv,15,OK
2026-05-25T10:58:00Z,10.292000,0.570000,5.866440,54612.500000,43.490000,33.380000,Week3/Day 18.csv,16,OK
2026-05-25T11:08:00Z,10.372000,0.580000,6.015760,54612.500000,43.830000,33.660000,Week3/Day 18.csv,17,OK
2026-05-25T11:18:00Z,10.412000,0.600000,6.247200,54612.500000,45.240000,30.430000,Week3/Day 18.csv,18,OK
2026-05-25T11:28:00Z,10.512000,0.620000,6.517440,54612.500000,45.990000,31.880000,Week3/Day 18.csv,19,OK
2026-05-25T11:38:00Z,10.492000,0.630000,6.609960,54612.500000,46.020000,28.550000,Week3/Day 18.csv,20,OK
2026-05-25T11:48:00Z,10.548000,0.640000,6.750720,54612.500000,46.930000,26.360000,Week3/Day 18.csv,21,OK
2026-05-25T11:58:00Z,10.608000,0.640000,6.789120,54612.500000,46.960000,26.710000,Week3/Day 18.csv,22,OK
2026-05-25T12:08:00Z,10.656000,0.670000,7.139520,54612.500000,47.400000,26.460000,Week3/Day 18.csv,23,OK
2026-05-25T12:18:00Z,10.532000,0.640000,6.740480,54612.500000,47.780000,24.950000,Week3/Day 18.csv,24,OK
2026-05-25T12:28:00Z,10.556000,0.650000,6.861400,54612.500000,47.970000,23.500000,Week3/Day 18.csv,25,OK
2026-05-25T12:38:00Z,10.576000,0.650000,6.874400,54612.500000,48.710000,22.680000,Week3/Day 18.csv,26,OK
2026-05-25T12:48:00Z,10.548000,0.640000,6.750720,54612.500000,48.990000,23.740000,Week3/Day 18.csv,27,OK
2026-05-25T12:57:00Z,10.500000,0.640000,6.720000,54612.500000,49.860000,22.770000,Week3/Day 18.csv,28,OK
2026-05-25T13:07:00Z,10.496000,0.630000,6.612480,54612.500000,49.290000,23.630000,Week3/Day 18.csv,29,OK
2026-05-25T13:17:00Z,10.464000,0.630000,6.592320,54612.500000,48.220000,23.410000,Week3/Day 18.csv,30,OK
2026-05-25T13:27:00Z,10.496000,0.630000,6.612480,54612.500000,49.430000,25.340000,Week3/Day 18.csv,31,OK
2026-05-25T13:37:00Z,10.404000,0.620000,6.450480,54612.500000,49.420000,23.740000,Week3/Day 18.csv,32,OK
2026-05-25T13:47:00Z,10.316000,0.600000,6.189600,54612.500000,49.800000,23.000000,Week3/Day 18.csv,33,OK
2026-05-25T13:57:00Z,10.320000,0.590000,6.088800,54612.500000,49.180000,24.190000,Week3/Day 18.csv,34,OK
2026-05-25T14:07:00Z,10.264000,0.580000,5.953120,54612.500000,49.420000,23.920000,Week3/Day 18.csv,35,OK
2026-05-25T14:17:00Z,10.180000,0.560000,5.700800,54612.500000,49.520000,24.470000,Week3/Day 18.csv,36,OK
2026-05-25T14:27:00Z,10.080000,0.530000,5.342400,54612.500000,48.820000,25.000000,Week3/Day 18.csv,37,OK
2026-05-25T14:37:00Z,10.016000,0.510000,5.108160,54612.500000,47.440000,27.040000,Week3/Day 18.csv,38,OK
2026-05-25T14:47:00Z,9.940000,0.490000,4.870600,54612.500000,45.580000,28.870000,Week3/Day 18.csv,39,OK
2026-05-25T14:57:00Z,9.824000,0.470000,4.617280,54612.500000,45.180000,29.680000,Week3/Day 18.csv,40,OK
2026-05-25T15:07:00Z,8.068000,0.120000,0.968160,54612.500000,42.580000,34.600000,Week3/Day 18.csv,41,OK
2026-05-25T15:17:00Z,7.976000,0.100000,0.797600,14924.200000,39.930000,38.570000,Week3/Day 18.csv,42,OK
2026-05-25T15:27:00Z,7.912000,0.090000,0.712080,14019.200000,37.800000,43.380000,Week3/Day 18.csv,43,OK
2026-05-25T15:37:00Z,7.776000,0.090000,0.699840,13067.500000,36.580000,45.280000,Week3/Day 18.csv,44,OK
2026-05-25T15:47:00Z,7.732000,0.080000,0.618560,12356.700000,36.310000,45.360000,Week3/Day 18.csv,45,OK
2026-05-25T15:57:00Z,7.480000,0.080000,0.598400,11877.500000,35.630000,48.060000,Week3/Day 18.csv,46,OK
2026-05-25T16:07:00Z,7.092000,0.070000,0.496440,11422.500000,35.380000,47.500000,Week3/Day 18.csv,47,OK
2026-05-25T16:17:00Z,6.740000,0.070000,0.471800,10825.800000,35.130000,49.930000,Week3/Day 18.csv,48,OK
2026-05-25T16:27:00Z,5.912000,0.070000,0.413840,9935.000000,35.370000,49.230000,Week3/Day 18.csv,49,OK
2026-05-25T16:37:00Z,5.484000,0.060000,0.329040,9330.000000,35.120000,50.730000,Week3/Day 18.csv,50,OK
2026-05-25T16:47:00Z,4.788000,0.060000,0.287280,8390.800000,34.640000,51.290000,Week3/Day 18.csv,51,OK
2026-05-25T16:57:00Z,4.420000,0.050000,0.221000,7789.200000,34.510000,51.850000,Week3/Day 18.csv,52,OK
2026-05-25T17:07:00Z,4.148000,0.050000,0.207400,7081.700000,33.840000,53.790000,Week3/Day 18.csv,53,OK
2026-05-25T17:17:00Z,3.964000,0.050000,0.198200,6414.200000,33.570000,53.650000,Week3/Day 18.csv,54,OK
2026-05-25T17:27:00Z,3.772000,0.040000,0.150880,5671.700000,33.300000,54.800000,Week3/Day 18.csv,55,OK
2026-05-25T17:37:00Z,3.508000,0.040000,0.140320,5044.200000,33.070000,54.890000,Week3/Day 18.csv,56,OK
2026-05-25T17:47:00Z,3.480000,0.040000,0.139200,4549.200000,32.760000,55.900000,Week3/Day 18.csv,57,OK
2026-05-25T17:57:00Z,3.468000,0.040000,0.138720,4440.000000,32.770000,55.640000,Week3/Day 18.csv,58,OK
2026-05-25T18:07:00Z,3.556000,0.040000,0.142240,4405.000000,32.490000,56.540000,Week3/Day 18.csv,59,OK
2026-05-25T18:17:00Z,3.392000,0.030000,0.101760,3882.500000,32.600000,55.730000,Week3/Day 18.csv,60,OK
2026-05-25T18:27:00Z,3.240000,0.030000,0.097200,2775.000000,32.380000,58.410000,Week3/Day 18.csv,61,OK
2026-05-25T18:37:00Z,3.232000,0.020000,0.064640,1926.700000,31.950000,59.530000,Week3/Day 18.csv,62,OK
2026-05-25T18:47:00Z,3.232000,0.020000,0.064640,1322.500000,31.520000,59.710000,Week3/Day 18.csv,63,OK
2026-05-25T18:56:00Z,3.228000,0.010000,0.032280,411.700000,31.340000,60.920000,Week3/Day 18.csv,64,OK
2026-05-25T19:06:00Z,2.644000,0.000000,0.000000,14.200000,31.000000,60.840000,Week3/Day 18.csv,65,OK
2026-05-25T19:16:00Z,1.256000,0.000000,0.000000,0.800000,30.720000,62.170000,Week3/Day 18.csv,66,OK
2026-05-25T19:26:00Z,0.508000,0.000000,0.000000,0.000000,30.550000,62.030000,Week3/Day 18.csv,67,OK
2026-05-25T19:36:00Z,0.296000,0.000000,0.000000,0.000000,30.410000,63.830000,Week3/Day 18.csv,68,OK
2026-05-25T19:46:00Z,0.272000,0.000000,0.000000,0.000000,30.340000,63.700000,Week3/Day 18.csv,69,OK
2026-05-26T08:59:00Z,8.820000,0.230000,2.028600,51738.300000,29.810000,75.490000,Week3/Day 19.csv,2,OK
2026-05-26T09:10:00Z,8.376000,0.150000,1.256400,18840.800000,34.100000,59.250000,Week3/Day 19.csv,3,OK
2026-05-26T09:19:00Z,8.224000,0.130000,1.069120,16368.300000,34.320000,58.430000,Week3/Day 19.csv,4,OK
2026-05-26T09:29:00Z,3.628000,0.040000,0.145120,4010.000000,33.500000,61.110000,Week3/Day 19.csv,5,OK
2026-05-26T09:39:00Z,3.976000,0.050000,0.198800,6205.000000,32.340000,63.930000,Week3/Day 19.csv,6,OK
2026-05-26T09:49:00Z,7.160000,0.070000,0.501200,10902.500000,32.120000,64.620000,Week3/Day 19.csv,7,OK
2026-05-26T09:59:00Z,8.040000,0.100000,0.804000,14754.200000,32.320000,64.090000,Week3/Day 19.csv,8,OK
2026-05-26T10:09:00Z,10.252000,0.550000,5.638600,54612.500000,37.500000,49.530000,Week3/Day 19.csv,9,OK
2026-05-26T10:19:00Z,8.020000,0.110000,0.882200,12217.500000,38.410000,47.410000,Week3/Day 19.csv,10,OK
2026-05-26T10:29:00Z,8.420000,0.160000,1.347200,21844.200000,36.550000,51.810000,Week3/Day 19.csv,11,OK
2026-05-26T10:39:00Z,10.420000,0.590000,6.147800,54612.500000,37.520000,50.270000,Week3/Day 19.csv,12,OK
2026-05-26T10:49:00Z,10.488000,0.600000,6.292800,54612.500000,39.970000,46.310000,Week3/Day 19.csv,13,OK
2026-05-26T10:59:00Z,8.744000,0.230000,2.011120,30316.700000,41.870000,40.420000,Week3/Day 19.csv,14,OK
2026-05-26T11:09:00Z,10.400000,0.600000,6.240000,54612.500000,43.950000,36.830000,Week3/Day 19.csv,15,OK
2026-05-26T11:19:00Z,10.108000,0.530000,5.357240,54612.500000,44.720000,34.560000,Week3/Day 19.csv,16,OK
2026-05-26T11:29:00Z,10.524000,0.630000,6.630120,54612.500000,46.450000,31.830000,Week3/Day 19.csv,17,OK
2026-05-26T11:39:00Z,9.084000,0.300000,2.725200,40695.000000,46.820000,31.730000,Week3/Day 19.csv,18,OK
2026-05-26T11:49:00Z,10.592000,0.650000,6.884800,54612.500000,46.750000,31.140000,Week3/Day 19.csv,19,OK
2026-05-26T11:59:00Z,10.664000,0.670000,7.144880,54612.500000,46.480000,30.550000,Week3/Day 19.csv,20,OK
2026-05-26T12:09:00Z,10.776000,0.700000,7.543200,54612.500000,47.270000,30.500000,Week3/Day 19.csv,21,OK
2026-05-26T12:19:00Z,10.644000,0.660000,7.025040,54612.500000,48.420000,29.350000,Week3/Day 19.csv,22,OK
2026-05-26T12:29:00Z,10.708000,0.680000,7.281440,54612.500000,50.220000,25.190000,Week3/Day 19.csv,23,OK
2026-05-26T12:39:00Z,10.604000,0.650000,6.892600,54612.500000,49.540000,28.190000,Week3/Day 19.csv,24,OK
2026-05-26T12:49:00Z,10.604000,0.650000,6.892600,54612.500000,50.710000,26.290000,Week3/Day 19.csv,25,OK
2026-05-26T12:59:00Z,10.456000,0.610000,6.378160,54612.500000,50.400000,24.790000,Week3/Day 19.csv,26,OK
2026-05-26T13:09:00Z,10.476000,0.620000,6.495120,54612.500000,50.640000,25.120000,Week3/Day 19.csv,27,OK
2026-05-26T13:19:00Z,10.424000,0.600000,6.254400,54612.500000,51.250000,26.360000,Week3/Day 19.csv,28,OK
2026-05-26T13:29:00Z,10.456000,0.620000,6.482720,54612.500000,50.400000,24.860000,Week3/Day 19.csv,29,OK
2026-05-26T13:39:00Z,10.316000,0.580000,5.983280,54612.500000,49.030000,26.310000,Week3/Day 19.csv,30,OK
2026-05-26T13:49:00Z,10.016000,0.500000,5.008000,54612.500000,50.380000,24.820000,Week3/Day 19.csv,31,OK
2026-05-26T13:59:00Z,9.468000,0.390000,3.692520,54612.500000,50.280000,25.620000,Week3/Day 19.csv,32,OK
2026-05-26T14:09:00Z,10.148000,0.530000,5.378440,54612.500000,50.560000,25.500000,Week3/Day 19.csv,33,OK
2026-05-26T14:19:00Z,10.072000,0.510000,5.136720,54612.500000,50.010000,26.170000,Week3/Day 19.csv,34,OK
2026-05-26T14:29:00Z,9.896000,0.470000,4.651120,54612.500000,49.570000,28.280000,Week3/Day 19.csv,35,OK
2026-05-26T14:39:00Z,9.744000,0.440000,4.287360,54612.500000,49.140000,27.720000,Week3/Day 19.csv,36,OK
2026-05-26T14:49:00Z,9.600000,0.410000,3.936000,54612.500000,48.890000,28.020000,Week3/Day 19.csv,37,OK
2026-05-26T14:59:00Z,9.560000,0.400000,3.824000,54612.500000,47.800000,29.510000,Week3/Day 19.csv,38,OK
2026-05-26T15:09:00Z,8.412000,0.160000,1.345920,51017.500000,43.970000,36.390000,Week3/Day 19.csv,39,OK
2026-05-26T15:19:00Z,8.080000,0.110000,0.888800,17035.800000,41.110000,41.260000,Week3/Day 19.csv,40,OK
2026-05-26T15:29:00Z,7.964000,0.100000,0.796400,14660.800000,39.580000,43.730000,Week3/Day 19.csv,41,OK
2026-05-26T15:39:00Z,7.916000,0.090000,0.712440,13934.200000,38.360000,46.320000,Week3/Day 19.csv,42,OK
2026-05-26T15:49:00Z,8.032000,0.110000,0.883520,15193.300000,37.860000,47.850000,Week3/Day 19.csv,43,OK
2026-05-26T15:59:00Z,8.280000,0.140000,1.159200,17659.200000,37.270000,49.560000,Week3/Day 19.csv,44,OK
2026-05-26T16:09:00Z,7.956000,0.100000,0.795600,13846.700000,37.370000,49.600000,Week3/Day 19.csv,45,OK
2026-05-26T16:19:00Z,7.392000,0.080000,0.591360,10900.000000,36.490000,51.050000,Week3/Day 19.csv,46,OK
2026-05-26T16:28:00Z,6.496000,0.070000,0.454720,10033.300000,36.280000,50.710000,Week3/Day 19.csv,47,OK
2026-05-26T16:38:00Z,6.568000,0.070000,0.459760,10101.700000,36.080000,49.050000,Week3/Day 19.csv,48,OK
2026-05-26T16:48:00Z,6.044000,0.070000,0.423080,9267.500000,35.510000,52.120000,Week3/Day 19.csv,49,OK
2026-05-26T16:58:00Z,4.692000,0.060000,0.281520,7335.800000,35.050000,54.020000,Week3/Day 19.csv,50,OK
2026-05-26T17:08:00Z,4.396000,0.050000,0.219800,7078.300000,34.630000,55.120000,Week3/Day 19.csv,51,OK
2026-05-26T18:06:00Z,3.224000,0.020000,0.064480,2295.000000,32.630000,60.260000,Week3/Day 19.csv,52,OK
2026-05-26T18:18:00Z,3.224000,0.020000,0.064480,1737.500000,32.230000,59.640000,Week3/Day 19.csv,53,OK
2026-05-29T09:59:00Z,0.892000,0.000000,0.000000,9.200000,18.780000,95.090000,Week6/Day 42.csv,2,OK
2026-05-29T10:03:00Z,0.876000,0.000000,0.000000,23.300000,31.160000,72.120000,Week3/Day 21.csv,2,OK
2026-05-29T10:04:00Z,2.348000,0.000000,0.000000,24.200000,31.160000,71.910000,Week3/Day 21.csv,3,OK
2026-05-29T10:09:00Z,3.440000,0.030000,0.103200,4160.800000,28.130000,94.750000,Week6/Day 42.csv,3,OK
2026-05-29T10:14:00Z,10.472000,0.630000,6.597360,54612.500000,36.740000,51.700000,Week3/Day 21.csv,4,OK
2026-05-29T10:19:00Z,4.084000,0.050000,0.204200,5646.700000,32.980000,95.840000,Week6/Day 42.csv,4,OK
2026-05-29T10:24:00Z,8.036000,0.110000,0.883960,13180.000000,39.450000,44.130000,Week3/Day 21.csv,5,OK
2026-05-29T10:33:00Z,8.908000,0.270000,2.405160,31454.200000,37.630000,50.810000,Week3/Day 21.csv,6,OK
2026-05-29T10:44:00Z,9.592000,0.430000,4.124560,53858.300000,42.780000,39.150000,Week3/Day 21.csv,7,OK
2026-05-29T10:53:00Z,9.824000,0.480000,4.715520,54612.500000,42.370000,42.490000,Week3/Day 21.csv,8,OK
2026-05-29T11:03:00Z,10.472000,0.640000,6.702080,54612.500000,46.070000,35.570000,Week3/Day 21.csv,9,OK
2026-05-29T11:13:00Z,10.640000,0.690000,7.341600,54612.500000,48.090000,30.640000,Week3/Day 21.csv,10,OK
2026-05-29T11:23:00Z,10.292000,0.600000,6.175200,54612.500000,47.720000,29.570000,Week3/Day 21.csv,11,OK
2026-05-29T11:33:00Z,10.628000,0.700000,7.439600,54612.500000,48.500000,29.850000,Week3/Day 21.csv,12,OK
2026-05-29T11:43:00Z,10.660000,0.700000,7.462000,54612.500000,49.530000,27.590000,Week3/Day 21.csv,13,OK
2026-05-29T11:53:00Z,10.608000,0.690000,7.319520,54612.500000,49.530000,28.940000,Week3/Day 21.csv,14,OK
2026-05-29T12:03:00Z,10.532000,0.680000,7.161760,54612.500000,49.890000,27.000000,Week3/Day 21.csv,15,OK
2026-05-29T12:13:00Z,10.624000,0.700000,7.436800,54612.500000,50.550000,25.870000,Week3/Day 21.csv,16,OK
2026-05-29T12:23:00Z,10.516000,0.680000,7.150880,54612.500000,50.880000,25.900000,Week3/Day 21.csv,17,OK
2026-05-29T12:33:00Z,10.368000,0.650000,6.739200,54612.500000,51.490000,23.760000,Week3/Day 21.csv,18,OK
2026-05-29T12:43:00Z,10.616000,0.710000,7.537360,54612.500000,51.120000,25.970000,Week3/Day 21.csv,19,OK
2026-05-29T12:53:00Z,10.620000,0.710000,7.540200,54612.500000,50.840000,25.940000,Week3/Day 21.csv,20,OK
2026-05-29T13:03:00Z,10.540000,0.690000,7.272600,54612.500000,51.420000,23.030000,Week3/Day 21.csv,21,OK
2026-05-29T13:13:00Z,10.460000,0.670000,7.008200,54612.500000,50.940000,24.580000,Week3/Day 21.csv,22,OK
2026-05-29T13:23:00Z,10.408000,0.660000,6.869280,54612.500000,51.360000,26.250000,Week3/Day 21.csv,23,OK
2026-05-29T13:33:00Z,10.428000,0.660000,6.882480,54612.500000,49.890000,27.750000,Week3/Day 21.csv,24,OK
2026-05-29T13:43:00Z,10.600000,0.700000,7.420000,54612.500000,50.290000,26.720000,Week3/Day 21.csv,25,OK
2026-05-29T13:53:00Z,10.396000,0.660000,6.861360,54612.500000,51.220000,25.400000,Week3/Day 21.csv,26,OK
2026-05-29T14:03:00Z,8.224000,0.140000,1.151360,20106.700000,49.970000,26.310000,Week3/Day 21.csv,27,OK
2026-05-29T14:13:00Z,10.300000,0.610000,6.283000,54612.500000,46.510000,30.400000,Week3/Day 21.csv,28,OK
2026-05-29T14:23:00Z,8.188000,0.130000,1.064440,18500.800000,45.910000,33.030000,Week3/Day 21.csv,29,OK
2026-05-29T14:33:00Z,10.276000,0.610000,6.268360,54612.500000,46.490000,31.950000,Week3/Day 21.csv,30,OK
2026-05-29T14:43:00Z,8.360000,0.160000,1.337600,21230.800000,45.290000,33.780000,Week3/Day 21.csv,31,OK
2026-05-29T14:53:00Z,9.912000,0.510000,5.055120,54612.500000,45.680000,33.550000,Week3/Day 21.csv,32,OK
2026-05-29T15:03:00Z,7.988000,0.110000,0.878680,32023.300000,43.870000,35.470000,Week3/Day 21.csv,33,OK
2026-05-29T15:13:00Z,7.668000,0.080000,0.613440,11312.500000,40.370000,40.750000,Week3/Day 21.csv,34,OK
2026-05-29T15:23:00Z,7.504000,0.080000,0.600320,10670.800000,38.240000,43.630000,Week3/Day 21.csv,35,OK
2026-05-29T15:33:00Z,7.232000,0.080000,0.578560,10263.300000,36.730000,47.170000,Week3/Day 21.csv,36,OK
2026-05-29T15:43:00Z,6.880000,0.070000,0.481600,9942.500000,36.160000,49.530000,Week3/Day 21.csv,37,OK
2026-05-29T15:53:00Z,6.236000,0.070000,0.436520,9577.500000,35.920000,50.830000,Week3/Day 21.csv,38,OK
2026-05-29T16:03:00Z,5.476000,0.060000,0.328560,8755.000000,35.840000,50.200000,Week3/Day 21.csv,39,OK
2026-05-29T16:13:00Z,4.896000,0.060000,0.293760,7945.800000,35.560000,52.530000,Week3/Day 21.csv,40,OK
2026-05-29T16:23:00Z,5.240000,0.060000,0.314400,7929.200000,35.180000,54.140000,Week3/Day 21.csv,41,OK
2026-05-29T16:33:00Z,7.436000,0.080000,0.594880,9750.800000,35.270000,53.950000,Week3/Day 21.csv,42,OK
2026-05-29T16:43:00Z,7.472000,0.080000,0.597760,9735.800000,34.950000,53.700000,Week3/Day 21.csv,43,OK
2026-05-29T16:53:00Z,8.044000,0.110000,0.884840,12980.800000,35.160000,53.880000,Week3/Day 21.csv,44,OK
2026-05-29T17:03:00Z,8.040000,0.110000,0.884400,12730.800000,35.600000,51.130000,Week3/Day 21.csv,45,OK
2026-05-29T17:13:00Z,7.900000,0.100000,0.790000,11555.000000,35.800000,51.420000,Week3/Day 21.csv,46,OK
2026-05-29T17:14:00Z,9.084000,0.390000,3.542760,49968.300000,33.660000,77.300000,Week6/Day 42.csv,5,OK
2026-05-29T17:23:00Z,7.620000,0.080000,0.609600,9315.800000,35.760000,50.750000,Week3/Day 21.csv,47,OK
2026-05-29T17:24:00Z,8.536000,0.230000,1.963280,31220.800000,45.390000,100.000000,Week6/Day 42.csv,6,OK
2026-05-29T17:33:00Z,7.188000,0.080000,0.575040,8835.000000,35.180000,52.700000,Week3/Day 21.csv,48,OK
2026-05-29T17:34:00Z,9.352000,0.460000,4.301920,54612.500000,45.530000,55.870000,Week6/Day 42.csv,7,OK
2026-05-29T17:43:00Z,4.080000,0.050000,0.204000,5550.000000,34.950000,53.800000,Week3/Day 21.csv,49,OK
2026-05-29T17:44:00Z,9.400000,0.440000,4.136000,54612.500000,45.640000,57.540000,Week6/Day 42.csv,8,OK
2026-05-29T17:52:00Z,3.612000,0.040000,0.144480,4393.300000,34.350000,55.170000,Week3/Day 21.csv,50,OK
2026-05-29T17:56:00Z,8.504000,0.220000,1.870880,41505.000000,35.550000,67.030000,Week6/Day 42.csv,9,OK
2026-05-29T17:58:00Z,8.536000,0.230000,1.963280,35406.700000,35.100000,68.030000,Week6/Day 42.csv,10,OK
2026-05-29T18:02:00Z,3.224000,0.020000,0.064480,2785.800000,33.460000,57.310000,Week3/Day 21.csv,51,OK
2026-05-29T18:05:00Z,7.924000,0.110000,0.871640,13950.000000,34.420000,71.010000,Week6/Day 42.csv,11,OK
2026-05-29T18:07:00Z,6.012000,0.070000,0.420840,8632.500000,33.860000,73.540000,Week6/Day 42.csv,12,OK
2026-05-29T18:12:00Z,3.216000,0.010000,0.032160,1726.700000,33.260000,55.340000,Week3/Day 21.csv,52,OK
2026-05-29T18:14:00Z,4.332000,0.050000,0.216600,7891.700000,31.750000,78.170000,Week6/Day 42.csv,13,OK
2026-05-29T18:17:00Z,3.244000,0.020000,0.064880,2708.300000,31.100000,81.170000,Week6/Day 42.csv,14,OK
2026-05-29T18:18:00Z,3.240000,0.010000,0.032400,1769.200000,30.760000,80.730000,Week6/Day 42.csv,15,OK
2026-05-29T18:22:00Z,3.192000,0.010000,0.031920,951.700000,32.920000,57.990000,Week3/Day 21.csv,53,OK
2026-05-29T18:22:00Z,7.780000,0.090000,0.700200,12011.700000,28.570000,83.370000,Week6/Day 42.csv,16,OK
2026-05-29T18:23:00Z,8.072000,0.120000,0.968640,16332.500000,28.350000,85.280000,Week6/Day 42.csv,17,OK
2026-05-29T18:27:00Z,8.408000,0.200000,1.681600,27733.300000,28.330000,92.450000,Week6/Day 42.csv,18,OK
2026-05-29T18:30:00Z,8.276000,0.170000,1.406920,22820.800000,29.070000,85.500000,Week6/Day 42.csv,19,OK
2026-05-29T18:32:00Z,2.668000,0.000000,0.000000,315.800000,32.440000,56.740000,Week3/Day 21.csv,54,OK
2026-05-29T18:32:00Z,8.332000,0.190000,1.583080,26233.300000,29.500000,87.620000,Week6/Day 42.csv,20,OK
2026-05-29T18:37:00Z,8.256000,0.170000,1.403520,23144.200000,29.970000,83.710000,Week6/Day 42.csv,21,OK
2026-05-29T18:38:00Z,8.308000,0.170000,1.412360,23600.800000,30.100000,84.290000,Week6/Day 42.csv,22,OK
2026-05-29T18:42:00Z,2.520000,0.000000,0.000000,110.000000,32.030000,59.010000,Week3/Day 21.csv,55,OK
2026-05-29T18:46:00Z,8.160000,0.140000,1.142400,19253.300000,31.030000,80.170000,Week6/Day 42.csv,23,OK
2026-05-29T18:49:00Z,3.460000,0.040000,0.138400,4688.300000,30.930000,80.230000,Week6/Day 42.csv,24,OK
2026-05-29T18:52:00Z,2.244000,0.000000,0.000000,14.200000,31.750000,62.110000,Week3/Day 21.csv,56,OK
2026-05-29T18:53:00Z,4.500000,0.050000,0.225000,7633.300000,29.300000,88.080000,Week6/Day 42.csv,25,OK
2026-05-29T18:58:00Z,8.264000,0.170000,1.404880,22650.800000,27.320000,95.560000,Week6/Day 42.csv,26,OK
2026-05-29T19:01:00Z,8.044000,0.120000,0.965280,16239.200000,27.390000,96.870000,Week6/Day 42.csv,27,OK
2026-05-29T19:02:00Z,1.072000,0.000000,0.000000,0.800000,31.460000,60.060000,Week3/Day 21.csv,57,OK
2026-05-29T19:09:00Z,7.936000,0.100000,0.793600,14039.200000,27.710000,97.150000,Week6/Day 42.csv,28,OK
2026-05-29T19:11:00Z,8.016000,0.110000,0.881760,15444.200000,27.840000,96.740000,Week6/Day 42.csv,29,OK
2026-05-29T19:12:00Z,0.392000,0.000000,0.000000,0.000000,31.240000,63.040000,Week3/Day 21.csv,58,OK
2026-05-29T19:21:00Z,3.344000,0.040000,0.133760,5104.200000,23.730000,100.000000,Week6/Day 42.csv,30,OK
2026-05-29T19:22:00Z,0.292000,0.000000,0.000000,0.000000,31.180000,64.300000,Week3/Day 21.csv,59,OK
2026-05-29T19:32:00Z,0.288000,0.000000,0.000000,0.000000,31.160000,64.400000,Week3/Day 21.csv,60,OK
2026-05-29T19:38:00Z,6.216000,0.070000,0.435120,9188.300000,24.280000,100.000000,Week6/Day 42.csv,31,OK
2026-05-29T19:40:00Z,5.124000,0.060000,0.307440,7812.500000,24.330000,100.000000,Week6/Day 42.csv,32,OK
2026-05-29T19:42:00Z,0.280000,0.000000,0.000000,0.000000,31.090000,66.090000,Week3/Day 21.csv,61,OK
2026-05-29T19:52:00Z,0.288000,0.000000,0.000000,0.000000,31.040000,66.540000,Week3/Day 21.csv,62,OK
2026-05-29T19:53:00Z,7.296000,0.070000,0.510720,10092.500000,25.330000,100.000000,Week6/Day 42.csv,33,OK
2026-05-29T19:56:00Z,5.792000,0.060000,0.347520,8690.800000,25.470000,100.000000,Week6/Day 42.csv,34,OK
2026-05-29T20:02:00Z,0.288000,0.000000,0.000000,0.000000,31.070000,65.980000,Week3/Day 21.csv,63,OK
2026-05-29T20:11:00Z,3.368000,0.040000,0.134720,5630.000000,25.160000,100.000000,Week6/Day 42.csv,35,OK
2026-05-29T20:12:00Z,0.296000,0.000000,0.000000,0.000000,30.740000,65.320000,Week3/Day 21.csv,64,OK
2026-05-29T20:15:00Z,3.360000,0.040000,0.134400,5002.500000,24.860000,100.000000,Week6/Day 42.csv,36,OK
2026-05-29T20:32:00Z,3.368000,0.040000,0.134720,5310.800000,25.100000,100.000000,Week6/Day 42.csv,37,OK
2026-05-29T20:36:00Z,3.368000,0.040000,0.134720,5276.700000,25.300000,100.000000,Week6/Day 42.csv,38,OK
2026-05-29T20:57:00Z,3.320000,0.030000,0.099600,4132.500000,25.550000,100.000000,Week6/Day 42.csv,39,OK
2026-05-29T21:01:00Z,3.304000,0.030000,0.099120,3733.300000,25.710000,100.000000,Week6/Day 42.csv,40,OK
2026-05-29T21:28:00Z,3.272000,0.010000,0.032720,1490.000000,25.690000,100.000000,Week6/Day 42.csv,41,OK
2026-05-29T21:30:00Z,3.272000,0.010000,0.032720,1763.300000,25.660000,100.000000,Week6/Day 42.csv,42,OK
2026-05-30T08:33:00Z,3.288000,0.030000,0.098640,2091.700000,29.710000,76.000000,Week4/Day 22.csv,2,OK
2026-05-30T08:43:00Z,9.148000,0.280000,2.561440,36386.700000,32.550000,67.240000,Week4/Day 22.csv,3,OK
2026-05-30T08:53:00Z,8.996000,0.260000,2.338960,24775.800000,35.750000,58.170000,Week4/Day 22.csv,4,OK
2026-05-30T09:03:00Z,8.588000,0.200000,1.717600,23634.200000,37.710000,53.470000,Week4/Day 22.csv,5,OK
2026-05-30T09:13:00Z,8.364000,0.160000,1.338240,18552.500000,36.600000,56.560000,Week4/Day 22.csv,6,OK
2026-05-30T09:23:00Z,8.932000,0.260000,2.322320,47456.700000,36.070000,56.400000,Week4/Day 22.csv,7,OK
2026-05-30T09:33:00Z,8.788000,0.230000,2.021240,28161.700000,37.850000,52.060000,Week4/Day 22.csv,8,OK
2026-05-30T09:43:00Z,8.488000,0.180000,1.527840,21325.000000,39.800000,49.070000,Week4/Day 22.csv,9,OK
2026-05-30T09:53:00Z,8.488000,0.190000,1.612720,22649.200000,41.060000,47.120000,Week4/Day 22.csv,10,OK
2026-05-30T10:03:00Z,10.352000,0.630000,6.521760,54612.500000,43.700000,41.560000,Week4/Day 22.csv,11,OK
2026-05-30T10:13:00Z,8.460000,0.190000,1.607400,22589.200000,44.430000,36.930000,Week4/Day 22.csv,12,OK
2026-05-30T10:23:00Z,8.372000,0.170000,1.423240,20839.200000,39.720000,49.170000,Week4/Day 22.csv,13,OK
2026-05-30T10:33:00Z,10.128000,0.560000,5.671680,54612.500000,38.430000,49.320000,Week4/Day 22.csv,14,OK
2026-05-30T10:43:00Z,10.520000,0.660000,6.943200,54612.500000,42.740000,39.780000,Week4/Day 22.csv,15,OK
2026-05-30T10:53:00Z,10.548000,0.680000,7.172640,54612.500000,45.800000,34.790000,Week4/Day 22.csv,16,OK
2026-05-30T11:03:00Z,8.120000,0.120000,0.974400,14911.700000,44.100000,36.120000,Week4/Day 22.csv,17,OK
2026-05-30T11:13:00Z,8.248000,0.140000,1.154720,18594.200000,38.980000,48.590000,Week4/Day 22.csv,18,OK
2026-05-30T11:23:00Z,9.160000,0.330000,3.022800,40749.200000,37.440000,48.970000,Week4/Day 22.csv,19,OK
2026-05-30T11:33:00Z,9.796000,0.490000,4.800040,54612.500000,42.710000,40.530000,Week4/Day 22.csv,20,OK
2026-05-30T11:43:00Z,10.528000,0.680000,7.159040,54612.500000,45.730000,35.520000,Week4/Day 22.csv,21,OK
2026-05-30T11:53:00Z,10.528000,0.680000,7.159040,54612.500000,47.110000,34.100000,Week4/Day 22.csv,22,OK
2026-05-30T12:03:00Z,10.492000,0.680000,7.134560,54612.500000,47.650000,33.270000,Week4/Day 22.csv,23,OK
2026-05-30T12:13:00Z,10.480000,0.670000,7.021600,54612.500000,46.820000,32.200000,Week4/Day 22.csv,24,OK
2026-05-30T12:23:00Z,10.508000,0.670000,7.040360,54612.500000,47.280000,31.180000,Week4/Day 22.csv,25,OK
2026-05-30T12:33:00Z,10.488000,0.680000,7.131840,54612.500000,47.690000,32.870000,Week4/Day 22.csv,26,OK
2026-05-30T12:43:00Z,10.488000,0.670000,7.026960,40704.200000,48.010000,29.960000,Week4/Day 22.csv,27,OK
2026-05-30T12:53:00Z,10.480000,0.670000,7.021600,54612.500000,47.070000,30.770000,Week4/Day 22.csv,28,OK
2026-05-30T13:03:00Z,10.484000,0.660000,6.919440,54612.500000,47.280000,32.170000,Week4/Day 22.csv,29,OK
2026-05-30T13:13:00Z,10.536000,0.670000,7.059120,54612.500000,48.110000,32.150000,Week4/Day 22.csv,30,OK
2026-05-30T13:23:00Z,10.540000,0.680000,7.167200,54612.500000,49.770000,26.320000,Week4/Day 22.csv,31,OK
2026-05-30T13:33:00Z,10.384000,0.640000,6.645760,54612.500000,50.360000,27.680000,Week4/Day 22.csv,32,OK
2026-05-30T13:43:00Z,10.336000,0.630000,6.511680,54612.500000,49.840000,29.700000,Week4/Day 22.csv,33,OK
2026-05-30T13:53:00Z,10.320000,0.620000,6.398400,54612.500000,49.920000,27.930000,Week4/Day 22.csv,34,OK
2026-05-30T14:03:00Z,10.256000,0.600000,6.153600,54612.500000,49.430000,28.810000,Week4/Day 22.csv,35,OK
2026-05-30T14:13:00Z,10.160000,0.590000,5.994400,54612.500000,50.050000,25.280000,Week4/Day 22.csv,36,OK
2026-05-30T14:23:00Z,10.080000,0.560000,5.644800,54612.500000,50.410000,27.150000,Week4/Day 22.csv,37,OK
2026-05-30T14:33:00Z,9.988000,0.530000,5.293640,54612.500000,49.930000,27.870000,Week4/Day 22.csv,38,OK
2026-05-30T14:43:00Z,9.856000,0.500000,4.928000,54612.500000,50.210000,27.260000,Week4/Day 22.csv,39,OK
2026-05-30T14:53:00Z,8.580000,0.210000,1.801800,54612.500000,48.000000,30.100000,Week4/Day 22.csv,40,OK
2026-05-30T15:03:00Z,7.752000,0.080000,0.620160,10344.200000,43.550000,35.040000,Week4/Day 22.csv,41,OK
2026-05-30T15:13:00Z,7.308000,0.080000,0.584640,9433.300000,39.800000,41.630000,Week4/Day 22.csv,42,OK
2026-05-30T15:23:00Z,6.672000,0.070000,0.467040,8676.700000,37.320000,46.310000,Week4/Day 22.csv,43,OK
2026-05-30T15:33:00Z,6.088000,0.070000,0.426160,8096.700000,36.090000,51.910000,Week4/Day 22.csv,44,OK
2026-05-30T15:43:00Z,5.516000,0.060000,0.330960,7678.300000,35.630000,51.160000,Week4/Day 22.csv,45,OK
2026-05-30T15:53:00Z,4.900000,0.060000,0.294000,7324.200000,35.080000,52.260000,Week4/Day 22.csv,46,OK
2026-05-30T16:03:00Z,4.304000,0.050000,0.215200,6876.700000,34.670000,54.670000,Week4/Day 22.csv,47,OK
2026-05-30T16:13:00Z,4.144000,0.050000,0.207200,6578.300000,33.850000,55.530000,Week4/Day 22.csv,48,OK
2026-05-30T16:23:00Z,3.944000,0.050000,0.197200,6340.000000,33.650000,57.850000,Week4/Day 22.csv,49,OK
2026-05-30T16:33:00Z,3.804000,0.040000,0.152160,6026.700000,33.260000,58.810000,Week4/Day 22.csv,50,OK
2026-05-30T16:43:00Z,3.508000,0.040000,0.140320,5272.500000,32.950000,59.830000,Week4/Day 22.csv,51,OK
2026-05-30T16:52:00Z,3.504000,0.040000,0.140160,5107.500000,32.720000,60.910000,Week4/Day 22.csv,52,OK
2026-05-30T17:02:00Z,3.412000,0.030000,0.102360,4770.800000,32.340000,61.730000,Week4/Day 22.csv,53,OK
2026-05-30T17:12:00Z,3.276000,0.030000,0.098280,4423.300000,32.270000,61.430000,Week4/Day 22.csv,54,OK
2026-05-30T17:22:00Z,3.264000,0.030000,0.097920,4071.700000,31.870000,62.450000,Week4/Day 22.csv,55,OK
2026-05-30T17:32:00Z,3.252000,0.030000,0.097560,3725.800000,31.780000,64.020000,Week4/Day 22.csv,56,OK
2026-05-30T17:42:00Z,3.248000,0.020000,0.064960,3412.500000,31.410000,65.350000,Week4/Day 22.csv,57,OK
2026-05-30T17:52:00Z,3.240000,0.020000,0.064800,3044.200000,31.300000,66.850000,Week4/Day 22.csv,58,OK
2026-05-30T18:02:00Z,3.232000,0.020000,0.064640,2554.200000,31.070000,68.710000,Week4/Day 22.csv,59,OK
2026-05-30T18:12:00Z,3.236000,0.010000,0.032360,1874.200000,30.830000,69.720000,Week4/Day 22.csv,60,OK
2026-05-30T18:22:00Z,3.228000,0.010000,0.032280,1200.000000,30.640000,69.400000,Week4/Day 22.csv,61,OK
2026-05-30T18:32:00Z,3.088000,0.000000,0.000000,532.500000,30.270000,68.370000,Week4/Day 22.csv,62,OK
2026-05-30T18:42:00Z,2.552000,0.000000,0.000000,151.700000,30.050000,71.250000,Week4/Day 22.csv,63,OK
2026-05-30T18:52:00Z,2.408000,0.000000,0.000000,26.700000,29.820000,71.970000,Week4/Day 22.csv,64,OK
2026-05-30T19:02:00Z,1.216000,0.000000,0.000000,0.800000,29.640000,71.770000,Week4/Day 22.csv,65,OK
2026-05-30T19:12:00Z,0.456000,0.000000,0.000000,0.000000,29.570000,72.360000,Week4/Day 22.csv,66,OK
2026-05-30T19:22:00Z,0.296000,0.000000,0.000000,0.000000,29.470000,74.030000,Week4/Day 22.csv,67,OK
2026-05-31T08:35:00Z,2.756000,0.000000,0.000000,3.300000,29.980000,70.670000,Week4/Day 23.csv,2,OK
2026-05-31T08:45:00Z,8.748000,0.210000,1.837080,7830.000000,34.610000,55.780000,Week4/Day 23.csv,3,OK
2026-05-31T08:55:00Z,8.668000,0.200000,1.733600,46476.700000,37.160000,51.450000,Week4/Day 23.csv,4,OK
2026-05-31T09:05:00Z,8.484000,0.170000,1.442280,50717.500000,38.940000,45.250000,Week4/Day 23.csv,5,OK
2026-05-31T09:15:00Z,8.508000,0.180000,1.531440,52290.000000,40.920000,39.580000,Week4/Day 23.csv,6,OK
2026-05-31T09:25:00Z,9.620000,0.400000,3.848000,51349.200000,42.030000,38.590000,Week4/Day 23.csv,7,OK
2026-05-31T09:35:00Z,10.068000,0.510000,5.134680,50808.300000,42.780000,37.410000,Week4/Day 23.csv,8,OK
2026-05-31T09:45:00Z,10.240000,0.550000,5.632000,54612.500000,43.520000,38.100000,Week4/Day 23.csv,9,OK
2026-05-31T09:55:00Z,10.272000,0.570000,5.855040,52600.000000,44.250000,34.370000,Week4/Day 23.csv,10,OK
2026-05-31T10:05:00Z,8.068000,0.110000,0.887480,14711.700000,39.210000,44.820000,Week4/Day 23.csv,11,OK
2026-05-31T10:15:00Z,10.324000,0.590000,6.091160,54612.500000,39.910000,40.710000,Week4/Day 23.csv,12,OK
2026-05-31T10:25:00Z,9.384000,0.360000,3.378240,46503.300000,40.430000,41.160000,Week4/Day 23.csv,13,OK
2026-05-31T10:35:00Z,9.980000,0.500000,4.990000,52402.500000,41.880000,38.870000,Week4/Day 23.csv,14,OK
2026-05-31T10:45:00Z,10.808000,0.720000,7.781760,54612.500000,43.870000,34.410000,Week4/Day 23.csv,15,OK
2026-05-31T10:55:00Z,10.484000,0.640000,6.709760,54612.500000,47.380000,31.740000,Week4/Day 23.csv,16,OK
2026-05-31T11:05:00Z,8.144000,0.130000,1.058720,16520.800000,42.300000,39.150000,Week4/Day 23.csv,17,OK
2026-05-31T11:14:00Z,10.592000,0.670000,7.096640,54612.500000,41.600000,38.120000,Week4/Day 23.csv,18,OK
2026-05-31T11:24:00Z,8.656000,0.230000,1.990880,31601.700000,46.190000,32.210000,Week4/Day 23.csv,19,OK
2026-05-31T11:34:00Z,10.396000,0.630000,6.549480,54612.500000,48.590000,29.210000,Week4/Day 23.csv,20,OK
2026-05-31T11:44:00Z,10.540000,0.670000,7.061800,54612.500000,50.520000,27.410000,Week4/Day 23.csv,21,OK
2026-05-31T11:54:00Z,10.724000,0.710000,7.614040,54612.500000,51.650000,24.570000,Week4/Day 23.csv,22,OK
2026-05-31T12:04:00Z,10.496000,0.660000,6.927360,54612.500000,52.780000,23.860000,Week4/Day 23.csv,23,OK
2026-05-31T12:14:00Z,10.636000,0.690000,7.338840,54612.500000,51.350000,25.000000,Week4/Day 23.csv,24,OK
2026-05-31T12:24:00Z,10.656000,0.710000,7.565760,54612.500000,52.120000,24.180000,Week4/Day 23.csv,25,OK
2026-05-31T12:34:00Z,10.660000,0.710000,7.568600,54612.500000,52.920000,23.450000,Week4/Day 23.csv,26,OK
2026-05-31T14:56:00Z,7.912000,0.100000,0.791200,17895.800000,44.640000,32.350000,Week4/Day 23.csv,27,OK
2026-05-31T15:06:00Z,7.956000,0.100000,0.795600,13337.500000,40.730000,39.020000,Week4/Day 23.csv,28,OK
2026-06-02T08:11:00Z,1.284000,0.000000,0.000000,1.700000,29.680000,75.010000,Week4/Day 24.csv,2,OK
2026-06-02T08:21:00Z,9.152000,0.270000,2.471040,27743.300000,30.590000,70.670000,Week4/Day 24.csv,3,OK
2026-06-02T08:31:00Z,8.112000,0.100000,0.811200,13275.000000,31.610000,68.210000,Week4/Day 24.csv,4,OK
2026-06-02T08:41:00Z,8.444000,0.150000,1.266600,18081.700000,31.320000,66.780000,Week4/Day 24.csv,5,OK
2026-06-02T08:51:00Z,8.796000,0.220000,1.935120,26010.800000,32.450000,64.500000,Week4/Day 24.csv,6,OK
2026-06-02T09:01:00Z,8.836000,0.210000,1.855560,26914.200000,33.770000,60.920000,Week4/Day 24.csv,7,OK
2026-06-02T09:11:00Z,8.632000,0.180000,1.553760,23465.800000,33.920000,62.070000,Week4/Day 24.csv,8,OK
2026-06-02T09:21:00Z,8.596000,0.180000,1.547280,22553.300000,33.610000,62.410000,Week4/Day 24.csv,9,OK
2026-06-02T09:31:00Z,8.368000,0.140000,1.171520,18974.200000,33.280000,62.670000,Week4/Day 24.csv,10,OK
2026-06-02T09:41:00Z,8.476000,0.160000,1.356160,20310.800000,33.460000,65.020000,Week4/Day 24.csv,11,OK
2026-06-02T09:51:00Z,8.476000,0.150000,1.271400,20305.000000,33.510000,62.150000,Week4/Day 24.csv,12,OK
2026-06-02T10:01:00Z,8.624000,0.180000,1.552320,24113.300000,33.620000,62.460000,Week4/Day 24.csv,13,OK
2026-06-02T10:11:00Z,8.960000,0.230000,2.060800,28760.800000,34.620000,58.900000,Week4/Day 24.csv,14,OK
2026-06-02T10:21:00Z,8.596000,0.200000,1.719200,25570.800000,35.100000,56.810000,Week4/Day 24.csv,15,OK
2026-06-02T10:31:00Z,9.812000,0.450000,4.415400,54612.500000,36.990000,51.780000,Week4/Day 24.csv,16,OK
2026-06-02T10:41:00Z,9.832000,0.470000,4.621040,54612.500000,39.800000,45.730000,Week4/Day 24.csv,17,OK
2026-06-02T10:51:00Z,10.100000,0.560000,5.656000,54612.500000,43.060000,39.560000,Week4/Day 24.csv,18,OK
2026-06-02T11:01:00Z,9.332000,0.360000,3.359520,46350.000000,43.780000,36.880000,Week4/Day 24.csv,19,OK
2026-06-02T11:11:00Z,10.376000,0.620000,6.433120,54612.500000,42.270000,41.600000,Week4/Day 24.csv,20,OK
2026-06-02T11:21:00Z,10.600000,0.700000,7.420000,54612.500000,46.370000,34.470000,Week4/Day 24.csv,21,OK
2026-06-02T11:31:00Z,10.156000,0.570000,5.788920,54612.500000,46.750000,33.060000,Week4/Day 24.csv,22,OK
2026-06-02T11:41:00Z,9.800000,0.480000,4.704000,54612.500000,44.520000,36.520000,Week4/Day 24.csv,23,OK
2026-06-02T11:51:00Z,11.016000,0.820000,9.033120,54612.500000,45.040000,32.770000,Week4/Day 24.csv,24,OK
2026-06-02T12:01:00Z,9.440000,0.400000,3.776000,52951.700000,45.140000,32.460000,Week4/Day 24.csv,25,OK
2026-06-02T12:11:00Z,9.988000,0.530000,5.293640,54612.500000,42.950000,35.310000,Week4/Day 24.csv,26,OK
2026-06-02T12:21:00Z,9.632000,0.450000,4.334400,54612.500000,45.340000,33.320000,Week4/Day 24.csv,27,OK
2026-06-02T12:31:00Z,9.372000,0.380000,3.561360,49175.000000,44.510000,33.110000,Week4/Day 24.csv,28,OK
2026-06-02T12:41:00Z,9.028000,0.300000,2.708400,38834.200000,42.140000,36.580000,Week4/Day 24.csv,29,OK
2026-06-02T12:51:00Z,9.308000,0.370000,3.443960,48449.200000,42.310000,36.570000,Week4/Day 24.csv,30,OK
2026-06-02T13:01:00Z,9.312000,0.360000,3.352320,47361.700000,43.130000,34.770000,Week4/Day 24.csv,31,OK
2026-06-02T13:11:00Z,8.236000,0.140000,1.153040,18435.800000,43.110000,36.480000,Week4/Day 24.csv,32,OK
2026-06-02T13:21:00Z,9.308000,0.370000,3.443960,48419.200000,40.550000,41.340000,Week4/Day 24.csv,33,OK
2026-06-02T13:31:00Z,10.884000,0.780000,8.489520,54612.500000,44.380000,35.210000,Week4/Day 24.csv,34,OK
2026-06-02T13:41:00Z,11.072000,0.830000,9.189760,54612.500000,44.180000,36.920000,Week4/Day 24.csv,35,OK
2026-06-02T13:51:00Z,9.312000,0.360000,3.352320,48255.000000,45.780000,32.580000,Week4/Day 24.csv,36,OK
2026-06-02T14:01:00Z,9.984000,0.540000,5.391360,54612.500000,42.840000,37.220000,Week4/Day 24.csv,37,OK
2026-06-02T14:11:00Z,9.212000,0.350000,3.224200,45651.700000,44.840000,35.010000,Week4/Day 24.csv,38,OK
2026-06-02T14:21:00Z,9.124000,0.310000,2.828440,40416.700000,43.840000,35.120000,Week4/Day 24.csv,39,OK
2026-06-02T14:31:00Z,8.860000,0.270000,2.392200,35013.300000,42.630000,38.480000,Week4/Day 24.csv,40,OK
2026-06-02T14:41:00Z,8.652000,0.230000,1.989960,28221.700000,42.640000,37.220000,Week4/Day 24.csv,41,OK
2026-06-02T14:50:00Z,8.492000,0.180000,1.528560,23649.200000,39.730000,43.330000,Week4/Day 24.csv,42,OK
2026-06-02T15:00:00Z,8.436000,0.170000,1.434120,21498.300000,37.860000,47.330000,Week4/Day 24.csv,43,OK
2026-06-02T15:10:00Z,8.340000,0.150000,1.251000,19941.700000,36.330000,51.960000,Week4/Day 24.csv,44,OK
2026-06-02T15:20:00Z,8.112000,0.120000,0.973440,15383.300000,34.660000,56.020000,Week4/Day 24.csv,45,OK
2026-06-02T15:30:00Z,6.292000,0.070000,0.440440,8628.300000,33.820000,58.050000,Week4/Day 24.csv,46,OK
2026-06-02T15:40:00Z,6.336000,0.070000,0.443520,9080.000000,33.070000,60.450000,Week4/Day 24.csv,47,OK
2026-06-02T15:50:00Z,7.968000,0.100000,0.796800,13010.800000,33.030000,60.950000,Week4/Day 24.csv,48,OK
2026-06-02T16:00:00Z,7.836000,0.080000,0.626880,11161.700000,32.760000,61.020000,Week4/Day 24.csv,49,OK
2026-06-02T16:10:00Z,4.692000,0.060000,0.281520,7325.800000,32.330000,63.290000,Week4/Day 24.csv,50,OK
2026-06-02T16:20:00Z,6.152000,0.070000,0.430640,9425.000000,31.660000,64.760000,Week4/Day 24.csv,51,OK
2026-06-02T16:30:00Z,3.488000,0.040000,0.139520,4656.700000,31.380000,68.450000,Week4/Day 24.csv,52,OK
2026-06-02T16:40:00Z,3.740000,0.040000,0.149600,5101.700000,30.420000,71.130000,Week4/Day 24.csv,53,OK
2026-06-02T16:50:00Z,3.236000,0.010000,0.032360,1946.700000,29.830000,71.830000,Week4/Day 24.csv,54,OK
2026-06-02T17:00:00Z,2.576000,0.000000,0.000000,335.800000,28.840000,70.470000,Week4/Day 24.csv,55,OK
2026-06-02T17:10:00Z,2.608000,0.000000,0.000000,350.800000,26.580000,94.700000,Week4/Day 24.csv,56,OK
2026-06-02T17:20:00Z,2.952000,0.000000,0.000000,536.700000,25.280000,100.000000,Week4/Day 24.csv,57,OK
2026-06-02T17:30:00Z,3.120000,0.000000,0.000000,671.700000,25.450000,100.000000,Week4/Day 24.csv,58,OK
2026-06-02T17:40:00Z,2.688000,0.000000,0.000000,442.500000,25.570000,100.000000,Week4/Day 24.csv,59,OK
2026-06-02T17:50:00Z,2.820000,0.000000,0.000000,451.700000,25.840000,100.000000,Week4/Day 24.csv,60,OK
2026-06-02T18:00:00Z,2.620000,0.000000,0.000000,348.300000,25.780000,100.000000,Week4/Day 24.csv,61,OK
2026-06-02T18:10:00Z,2.624000,0.000000,0.000000,337.500000,25.350000,100.000000,Week4/Day 24.csv,62,OK
2026-06-02T18:20:00Z,2.604000,0.000000,0.000000,244.200000,25.430000,100.000000,Week4/Day 24.csv,63,OK
2026-06-02T18:30:00Z,2.496000,0.000000,0.000000,130.000000,25.260000,100.000000,Week4/Day 24.csv,64,OK
2026-06-02T18:40:00Z,2.356000,0.000000,0.000000,50.800000,24.450000,100.000000,Week4/Day 24.csv,65,OK
2026-06-02T18:50:00Z,1.960000,0.000000,0.000000,6.700000,24.470000,100.000000,Week4/Day 24.csv,66,OK
2026-06-02T19:00:00Z,0.648000,0.000000,0.000000,0.000000,24.170000,100.000000,Week4/Day 24.csv,67,OK
2026-06-03T08:41:00Z,1.176000,0.000000,0.000000,4.200000,28.580000,87.160000,Week4/Day 25.csv,2,OK
2026-06-03T08:51:00Z,3.284000,0.010000,0.032840,1928.300000,26.960000,91.620000,Week4/Day 25.csv,3,OK
2026-06-03T09:01:00Z,3.296000,0.020000,0.065920,2507.500000,25.860000,91.100000,Week4/Day 25.csv,4,OK
2026-06-03T09:11:00Z,3.304000,0.020000,0.066080,2497.500000,25.120000,98.910000,Week4/Day 25.csv,5,OK
2026-06-03T09:21:00Z,3.352000,0.030000,0.100560,3750.800000,24.840000,100.000000,Week4/Day 25.csv,6,OK
2026-06-03T09:31:00Z,3.308000,0.020000,0.066160,2255.000000,24.630000,100.000000,Week4/Day 25.csv,7,OK
2026-06-03T09:41:00Z,3.340000,0.030000,0.100200,3255.000000,24.650000,100.000000,Week4/Day 25.csv,8,OK
2026-06-03T09:51:00Z,3.360000,0.030000,0.100800,4079.200000,24.700000,100.000000,Week4/Day 25.csv,9,OK
2026-06-03T10:01:00Z,3.368000,0.030000,0.101040,4000.800000,24.670000,100.000000,Week4/Day 25.csv,10,OK
2026-06-03T10:10:00Z,3.436000,0.040000,0.137440,5362.500000,24.680000,100.000000,Week4/Day 25.csv,11,OK
2026-06-03T10:20:00Z,4.844000,0.080000,0.387520,9570.800000,24.870000,100.000000,Week4/Day 25.csv,12,OK
2026-06-03T10:30:00Z,8.284000,0.120000,0.994080,15233.300000,25.650000,100.000000,Week4/Day 25.csv,13,OK
2026-06-03T10:40:00Z,8.504000,0.150000,1.275600,18903.300000,26.500000,100.000000,Week4/Day 25.csv,14,OK
2026-06-03T10:50:00Z,8.436000,0.130000,1.096680,15889.200000,26.440000,98.540000,Week4/Day 25.csv,15,OK
2026-06-03T11:00:00Z,8.444000,0.140000,1.182160,16446.700000,26.610000,99.340000,Week4/Day 25.csv,16,OK
2026-06-03T11:10:00Z,8.560000,0.160000,1.369600,15679.200000,26.060000,97.540000,Week4/Day 25.csv,17,OK
2026-06-03T11:20:00Z,8.248000,0.120000,0.989760,12201.700000,26.550000,98.660000,Week4/Day 25.csv,18,OK
2026-06-03T11:30:00Z,8.244000,0.120000,0.989280,13740.000000,26.240000,98.140000,Week4/Day 25.csv,19,OK
2026-06-03T11:50:00Z,8.728000,0.180000,1.571040,21285.000000,26.330000,96.490000,Week4/Day 25.csv,21,OK
2026-06-03T12:00:00Z,8.660000,0.170000,1.472200,20195.800000,26.840000,94.690000,Week4/Day 25.csv,22,OK
2026-06-03T12:10:00Z,8.800000,0.200000,1.760000,24055.000000,27.540000,90.060000,Week4/Day 25.csv,23,OK
2026-06-03T12:20:00Z,9.016000,0.240000,2.163840,28315.000000,28.800000,88.920000,Week4/Day 25.csv,24,OK
2026-06-03T12:30:00Z,9.596000,0.400000,3.838400,50124.200000,30.160000,82.800000,Week4/Day 25.csv,25,OK
2026-06-03T12:40:00Z,9.112000,0.290000,2.642480,34920.000000,32.220000,71.780000,Week4/Day 25.csv,26,OK
2026-06-03T12:50:00Z,8.944000,0.250000,2.236000,30465.000000,32.710000,69.610000,Week4/Day 25.csv,27,OK
2026-06-03T13:00:00Z,8.748000,0.220000,1.924560,27372.500000,32.370000,65.640000,Week4/Day 25.csv,28,OK
2026-06-03T13:10:00Z,8.696000,0.210000,1.826160,25848.300000,32.280000,70.170000,Week4/Day 25.csv,29,OK
2026-06-03T13:20:00Z,8.556000,0.180000,1.540080,21670.000000,31.850000,69.110000,Week4/Day 25.csv,30,OK
2026-06-03T13:30:00Z,8.376000,0.150000,1.256400,19083.300000,31.360000,72.500000,Week4/Day 25.csv,31,OK
2026-06-03T13:40:00Z,8.580000,0.190000,1.630200,24468.300000,31.010000,67.500000,Week4/Day 25.csv,32,OK
2026-06-03T13:50:00Z,8.412000,0.160000,1.345920,20593.300000,31.600000,67.450000,Week4/Day 25.csv,33,OK
2026-06-03T14:00:00Z,8.240000,0.140000,1.153600,16994.200000,31.170000,73.000000,Week4/Day 25.csv,34,OK
2026-06-03T14:10:00Z,8.228000,0.130000,1.069640,16761.700000,30.890000,74.010000,Week4/Day 25.csv,35,OK
2026-06-03T14:20:00Z,8.152000,0.120000,0.978240,14977.500000,30.570000,75.260000,Week4/Day 25.csv,36,OK
2026-06-03T14:30:00Z,8.140000,0.110000,0.895400,13891.700000,30.620000,76.730000,Week4/Day 25.csv,37,OK
2026-06-03T14:40:00Z,8.076000,0.120000,0.969120,14487.500000,30.060000,76.450000,Week4/Day 25.csv,38,OK
2026-06-03T14:50:00Z,8.176000,0.120000,0.981120,15445.000000,30.240000,74.370000,Week4/Day 25.csv,39,OK
2026-06-03T15:00:00Z,8.208000,0.130000,1.067040,16298.300000,30.040000,74.760000,Week4/Day 25.csv,40,OK
2026-06-03T15:10:00Z,8.260000,0.140000,1.156400,17876.700000,29.940000,74.310000,Week4/Day 25.csv,41,OK
2026-06-03T15:20:00Z,8.084000,0.110000,0.889240,13465.000000,29.920000,75.460000,Week4/Day 25.csv,42,OK
2026-06-03T15:30:00Z,8.016000,0.100000,0.801600,12937.500000,29.690000,77.330000,Week4/Day 25.csv,43,OK
2026-06-03T15:40:00Z,8.004000,0.100000,0.800400,12195.000000,29.470000,78.020000,Week4/Day 25.csv,44,OK
2026-06-03T15:50:00Z,7.804000,0.080000,0.624320,10508.300000,29.140000,78.570000,Week4/Day 25.csv,45,OK
2026-06-03T16:00:00Z,7.300000,0.080000,0.584000,9461.700000,29.060000,79.890000,Week4/Day 25.csv,46,OK
2026-06-03T16:10:00Z,6.860000,0.070000,0.480200,9252.500000,29.060000,78.730000,Week4/Day 25.csv,47,OK
2026-06-03T16:20:00Z,6.716000,0.070000,0.470120,9339.200000,29.180000,78.930000,Week4/Day 25.csv,48,OK
2026-06-03T16:30:00Z,6.432000,0.070000,0.450240,9217.500000,29.130000,79.990000,Week4/Day 25.csv,49,OK
2026-06-03T16:39:00Z,6.476000,0.070000,0.453320,9221.700000,28.940000,78.640000,Week4/Day 25.csv,50,OK
2026-06-03T16:49:00Z,6.192000,0.070000,0.433440,8989.200000,29.020000,80.850000,Week4/Day 25.csv,51,OK
2026-06-03T16:59:00Z,5.968000,0.060000,0.358080,8585.000000,28.980000,79.520000,Week4/Day 25.csv,52,OK
2026-06-03T17:09:00Z,5.948000,0.060000,0.356880,8408.300000,28.760000,78.000000,Week4/Day 25.csv,53,OK
2026-06-03T17:19:00Z,5.816000,0.060000,0.348960,8144.200000,28.740000,80.840000,Week4/Day 25.csv,54,OK
2026-06-03T17:29:00Z,5.476000,0.060000,0.328560,7688.300000,28.730000,77.970000,Week4/Day 25.csv,55,OK
2026-06-03T17:39:00Z,4.340000,0.050000,0.217000,6487.500000,28.680000,78.050000,Week4/Day 25.csv,56,OK
2026-06-03T17:49:00Z,3.516000,0.040000,0.140640,4638.300000,28.390000,78.080000,Week4/Day 25.csv,57,OK
2026-06-03T17:59:00Z,3.288000,0.030000,0.098640,3073.300000,27.930000,85.180000,Week4/Day 25.csv,58,OK
2026-06-03T18:09:00Z,3.264000,0.020000,0.065280,1840.800000,27.350000,95.340000,Week4/Day 25.csv,59,OK
2026-06-03T18:19:00Z,3.204000,0.010000,0.032040,810.800000,26.940000,89.500000,Week4/Day 25.csv,60,OK
2026-06-03T18:29:00Z,2.916000,0.000000,0.000000,443.300000,26.590000,91.070000,Week4/Day 25.csv,61,OK
2026-06-03T18:39:00Z,2.540000,0.000000,0.000000,169.200000,26.100000,100.000000,Week4/Day 25.csv,62,OK
2026-06-03T18:49:00Z,2.260000,0.000000,0.000000,32.500000,25.690000,90.950000,Week4/Day 25.csv,63,OK
2026-06-03T18:59:00Z,1.080000,0.000000,0.000000,2.500000,25.450000,93.810000,Week4/Day 25.csv,64,OK
2026-06-03T19:09:00Z,0.348000,0.000000,0.000000,0.000000,25.290000,96.310000,Week4/Day 25.csv,65,OK
2026-06-03T19:19:00Z,0.288000,0.000000,0.000000,0.000000,25.140000,96.470000,Week4/Day 25.csv,66,OK
2026-06-03T19:29:00Z,0.280000,0.000000,0.000000,0.000000,24.980000,95.090000,Week4/Day 25.csv,67,OK
2026-06-03T19:39:00Z,0.280000,0.000000,0.000000,0.000000,24.850000,100.000000,Week4/Day 25.csv,68,OK
2026-06-03T19:49:00Z,0.280000,0.000000,0.000000,0.000000,24.800000,96.800000,Week4/Day 25.csv,69,OK
2026-06-03T19:59:00Z,0.280000,0.000000,0.000000,0.000000,24.830000,98.010000,Week4/Day 25.csv,70,OK
2026-06-03T20:09:00Z,0.284000,0.000000,0.000000,0.000000,24.800000,98.290000,Week4/Day 25.csv,71,OK
2026-06-03T20:19:00Z,0.284000,0.000000,0.000000,0.000000,24.720000,97.720000,Week4/Day 25.csv,72,OK
2026-06-03T20:29:00Z,0.284000,0.000000,0.000000,0.000000,24.770000,98.510000,Week4/Day 25.csv,73,OK
2026-06-04T07:56:00Z,2.304000,0.000000,0.000000,44.200000,27.550000,82.820000,Week4/Day 26.csv,2,OK
2026-06-04T08:06:00Z,7.880000,0.090000,0.709200,9090.800000,27.420000,80.040000,Week4/Day 26.csv,3,OK
2026-06-04T08:16:00Z,7.384000,0.080000,0.590720,7493.300000,27.630000,81.030000,Week4/Day 26.csv,4,OK
2026-06-04T08:26:00Z,7.880000,0.090000,0.709200,8686.700000,27.880000,80.060000,Week4/Day 26.csv,5,OK
2026-06-04T08:36:00Z,8.268000,0.120000,0.992160,12006.700000,28.750000,76.650000,Week4/Day 26.csv,6,OK
2026-06-04T08:46:00Z,8.368000,0.140000,1.171520,13650.000000,29.780000,75.650000,Week4/Day 26.csv,7,OK
2026-06-04T08:56:00Z,8.320000,0.140000,1.164800,9410.000000,31.340000,67.960000,Week4/Day 26.csv,8,OK
2026-06-04T09:06:00Z,8.944000,0.260000,2.325440,13253.300000,33.700000,62.880000,Week4/Day 26.csv,9,OK
2026-06-04T09:16:00Z,9.144000,0.290000,2.651760,34811.700000,35.280000,57.910000,Week4/Day 26.csv,10,OK
2026-06-04T09:26:00Z,7.820000,0.090000,0.703800,29569.200000,35.870000,54.830000,Week4/Day 26.csv,11,OK
2026-06-04T09:36:00Z,8.100000,0.110000,0.891000,36036.700000,36.160000,56.660000,Week4/Day 26.csv,12,OK
2026-06-04T09:46:00Z,9.212000,0.300000,2.763600,45013.300000,37.460000,53.130000,Week4/Day 26.csv,13,OK
2026-06-04T09:56:00Z,8.388000,0.170000,1.425960,20690.000000,36.510000,53.250000,Week4/Day 26.csv,14,OK
2026-06-04T10:06:00Z,4.028000,0.050000,0.201400,5652.500000,34.640000,59.800000,Week4/Day 26.csv,15,OK
2026-06-04T10:16:00Z,4.092000,0.050000,0.204600,6665.800000,32.400000,66.160000,Week4/Day 26.csv,16,OK
2026-06-04T10:26:00Z,4.224000,0.050000,0.211200,7490.800000,31.500000,70.050000,Week4/Day 26.csv,17,OK
2026-06-04T10:36:00Z,3.292000,0.030000,0.098760,4504.200000,25.060000,96.430000,Week4/Day 26.csv,18,OK
2026-06-04T10:45:00Z,3.320000,0.030000,0.099600,4470.000000,24.420000,100.000000,Week4/Day 26.csv,19,OK
2026-06-04T10:55:00Z,3.376000,0.040000,0.135040,5471.700000,24.560000,100.000000,Week4/Day 26.csv,20,OK
2026-06-04T11:05:00Z,3.392000,0.040000,0.135680,5705.800000,24.640000,99.680000,Week4/Day 26.csv,21,OK
2026-06-04T11:15:00Z,5.028000,0.080000,0.402240,10453.300000,24.940000,97.920000,Week4/Day 26.csv,22,OK
2026-06-04T11:25:00Z,7.908000,0.090000,0.711720,11165.000000,25.250000,80.660000,Week4/Day 26.csv,23,OK
2026-06-04T11:35:00Z,8.252000,0.130000,1.072760,17620.000000,25.210000,99.850000,Week4/Day 26.csv,24,OK
2026-06-04T11:45:00Z,8.500000,0.160000,1.360000,20716.700000,26.350000,95.570000,Week4/Day 26.csv,25,OK
2026-06-04T11:55:00Z,8.484000,0.170000,1.442280,23020.800000,27.650000,93.070000,Week4/Day 26.csv,26,OK
2026-06-04T12:05:00Z,8.812000,0.220000,1.938640,31895.000000,28.500000,92.620000,Week4/Day 26.csv,27,OK
2026-06-04T12:15:00Z,8.708000,0.210000,1.828680,29093.300000,29.690000,88.930000,Week4/Day 26.csv,28,OK
2026-06-04T12:25:00Z,8.600000,0.180000,1.548000,22711.700000,29.730000,83.450000,Week4/Day 26.csv,29,OK
2026-06-04T12:35:00Z,8.616000,0.190000,1.637040,24410.800000,29.880000,84.410000,Week4/Day 26.csv,30,OK
2026-06-04T12:45:00Z,8.532000,0.170000,1.450440,22689.200000,29.900000,85.360000,Week4/Day 26.csv,31,OK
2026-06-04T12:55:00Z,8.496000,0.170000,1.444320,21127.500000,30.310000,79.060000,Week4/Day 26.csv,32,OK
2026-06-04T13:05:00Z,8.452000,0.160000,1.352320,19540.800000,30.780000,75.620000,Week4/Day 26.csv,33,OK
2026-06-04T13:15:00Z,8.536000,0.170000,1.451120,20584.200000,30.960000,76.190000,Week4/Day 26.csv,34,OK
2026-06-04T13:25:00Z,8.488000,0.160000,1.358080,20405.000000,31.180000,75.570000,Week4/Day 26.csv,35,OK
2026-06-04T13:35:00Z,8.556000,0.170000,1.454520,21545.000000,30.970000,75.510000,Week4/Day 26.csv,36,OK
2026-06-04T13:45:00Z,8.516000,0.170000,1.447720,21023.300000,31.240000,75.220000,Week4/Day 26.csv,37,OK
2026-06-04T13:55:00Z,8.500000,0.170000,1.445000,20775.000000,31.290000,74.470000,Week4/Day 26.csv,38,OK
2026-06-04T14:05:00Z,8.316000,0.140000,1.164240,17351.700000,31.520000,73.890000,Week4/Day 26.csv,39,OK
2026-06-04T14:15:00Z,8.452000,0.150000,1.267800,18960.000000,31.500000,74.420000,Week4/Day 26.csv,40,OK
2026-06-04T14:25:00Z,8.396000,0.150000,1.259400,18168.300000,31.400000,75.430000,Week4/Day 26.csv,41,OK
2026-06-04T14:35:00Z,8.284000,0.130000,1.076920,16377.500000,31.310000,75.440000,Week4/Day 26.csv,42,OK
2026-06-04T14:45:00Z,8.212000,0.130000,1.067560,15420.800000,30.960000,73.170000,Week4/Day 26.csv,43,OK
2026-06-04T14:55:00Z,8.212000,0.120000,0.985440,15388.300000,31.100000,75.830000,Week4/Day 26.csv,44,OK
2026-06-04T15:05:00Z,8.216000,0.120000,0.985920,14821.700000,31.050000,75.580000,Week4/Day 26.csv,45,OK
2026-06-04T15:15:00Z,8.096000,0.110000,0.890560,13320.800000,31.020000,72.640000,Week4/Day 26.csv,46,OK
2026-06-04T15:25:00Z,8.080000,0.100000,0.808000,12359.200000,30.800000,74.750000,Week4/Day 26.csv,47,OK
2026-06-04T15:35:00Z,8.068000,0.100000,0.806800,12657.500000,30.540000,79.930000,Week4/Day 26.csv,48,OK
2026-06-04T15:45:00Z,8.052000,0.100000,0.805200,12977.500000,30.380000,75.920000,Week4/Day 26.csv,49,OK
2026-06-04T15:55:00Z,8.088000,0.110000,0.889680,13496.700000,30.200000,77.270000,Week4/Day 26.csv,50,OK
2026-06-04T16:05:00Z,8.072000,0.100000,0.807200,12102.500000,30.770000,78.600000,Week4/Day 26.csv,51,OK
2026-06-04T16:15:00Z,8.128000,0.110000,0.894080,13069.200000,30.330000,78.760000,Week4/Day 26.csv,52,OK
2026-06-04T16:25:00Z,8.000000,0.100000,0.800000,12045.800000,30.240000,76.360000,Week4/Day 26.csv,53,OK
2026-06-04T16:35:00Z,7.728000,0.080000,0.618240,10389.200000,30.450000,76.710000,Week4/Day 26.csv,54,OK
2026-06-04T16:45:00Z,7.364000,0.080000,0.589120,9534.200000,30.200000,78.080000,Week4/Day 26.csv,55,OK
2026-06-04T16:55:00Z,6.144000,0.070000,0.430080,8377.500000,30.140000,76.570000,Week4/Day 26.csv,56,OK
2026-06-04T17:05:00Z,5.136000,0.060000,0.308160,7341.700000,29.850000,80.650000,Week4/Day 26.csv,57,OK
2026-06-04T17:15:00Z,4.280000,0.050000,0.214000,6345.000000,29.650000,80.280000,Week4/Day 26.csv,58,OK
2026-06-04T17:25:00Z,3.332000,0.030000,0.099960,3740.800000,29.180000,79.580000,Week4/Day 26.csv,59,OK
2026-06-04T17:35:00Z,3.280000,0.020000,0.065600,2895.800000,28.400000,84.630000,Week4/Day 26.csv,60,OK
2026-06-04T17:44:00Z,3.268000,0.020000,0.065360,2226.700000,27.970000,85.430000,Week4/Day 26.csv,61,OK
2026-06-04T17:54:00Z,3.264000,0.020000,0.065280,2000.800000,27.730000,86.780000,Week4/Day 26.csv,62,OK
2026-06-04T18:04:00Z,3.264000,0.020000,0.065280,1695.000000,27.600000,86.580000,Week4/Day 26.csv,63,OK
2026-06-04T18:14:00Z,3.252000,0.010000,0.032520,1130.000000,27.360000,87.330000,Week4/Day 26.csv,64,OK
2026-06-04T18:24:00Z,3.152000,0.010000,0.031520,617.500000,26.990000,88.930000,Week4/Day 26.csv,65,OK
2026-06-04T18:34:00Z,2.596000,0.000000,0.000000,191.700000,26.740000,90.520000,Week4/Day 26.csv,66,OK
2026-06-04T18:44:00Z,2.304000,0.000000,0.000000,45.000000,26.480000,90.050000,Week4/Day 26.csv,67,OK
2026-06-04T18:54:00Z,1.756000,0.000000,0.000000,6.700000,26.350000,91.150000,Week4/Day 26.csv,68,OK
2026-06-04T19:04:00Z,0.456000,0.000000,0.000000,0.000000,26.140000,92.110000,Week4/Day 26.csv,69,OK
2026-06-06T09:11:00Z,2.288000,0.000000,0.000000,233.300000,27.400000,87.080000,Week4/Day 27.csv,2,OK
2026-06-06T09:21:00Z,9.504000,0.350000,3.326400,36255.000000,30.830000,76.520000,Week4/Day 27.csv,3,OK
2026-06-06T09:31:00Z,8.452000,0.170000,1.436840,18605.000000,32.410000,68.340000,Week4/Day 27.csv,4,OK
2026-06-06T09:40:00Z,8.656000,0.200000,1.731200,23208.300000,32.600000,68.500000,Week4/Day 27.csv,5,OK
2026-06-06T09:50:00Z,8.796000,0.220000,1.935120,25010.800000,32.560000,68.060000,Week4/Day 27.csv,6,OK
2026-06-06T10:00:00Z,8.924000,0.240000,2.141760,26226.700000,33.470000,62.570000,Week4/Day 27.csv,7,OK
2026-06-06T10:10:00Z,9.176000,0.300000,2.752800,31859.200000,34.000000,62.580000,Week4/Day 27.csv,8,OK
2026-06-06T10:20:00Z,8.964000,0.260000,2.330640,29413.300000,34.830000,61.180000,Week4/Day 27.csv,9,OK
2026-06-06T13:26:00Z,3.300000,0.020000,0.066000,3263.300000,23.620000,100.000000,Week4/Day 27.csv,10,OK
2026-06-06T14:17:00Z,3.400000,0.040000,0.136000,5706.700000,23.820000,100.000000,Week4/Day 27.csv,11,OK
2026-06-08T09:05:00Z,2.392000,0.000000,0.000000,9.200000,26.550000,95.430000,Week4/Day 28.csv,2,OK
2026-06-08T09:15:00Z,3.352000,0.040000,0.134080,4752.500000,27.260000,95.980000,Week4/Day 28.csv,3,OK
2026-06-08T09:25:00Z,8.756000,0.170000,1.488520,20038.300000,26.580000,98.780000,Week4/Day 28.csv,4,OK
2026-06-08T09:35:00Z,9.036000,0.230000,2.078280,23415.000000,28.150000,94.460000,Week4/Day 28.csv,5,OK
2026-06-08T09:45:00Z,9.164000,0.260000,2.382640,25075.000000,29.080000,88.630000,Week4/Day 28.csv,6,OK
2026-06-08T09:55:00Z,9.788000,0.400000,3.915200,34055.800000,30.310000,85.750000,Week4/Day 28.csv,7,OK
2026-06-08T10:05:00Z,8.884000,0.230000,2.043320,24435.000000,31.110000,83.500000,Week4/Day 28.csv,8,OK
2026-06-08T10:15:00Z,8.608000,0.180000,1.549440,18922.500000,30.870000,80.720000,Week4/Day 28.csv,9,OK
2026-06-08T10:25:00Z,8.480000,0.170000,1.441600,18860.000000,30.880000,83.410000,Week4/Day 28.csv,10,OK
2026-06-08T10:35:00Z,7.856000,0.090000,0.707040,9763.300000,29.000000,88.300000,Week4/Day 28.csv,11,OK
2026-06-08T10:45:00Z,3.252000,0.010000,0.032520,1104.200000,26.770000,96.400000,Week4/Day 28.csv,12,OK
2026-06-08T10:55:00Z,8.080000,0.100000,0.808000,12032.500000,25.560000,100.000000,Week4/Day 28.csv,13,OK
2026-06-08T11:05:00Z,8.388000,0.140000,1.174320,15770.000000,26.670000,98.330000,Week4/Day 28.csv,14,OK
2026-06-08T11:15:00Z,8.768000,0.210000,1.841280,23010.000000,27.270000,97.750000,Week4/Day 28.csv,15,OK
2026-06-08T11:25:00Z,8.444000,0.160000,1.351040,18280.800000,27.780000,92.190000,Week4/Day 28.csv,16,OK
2026-06-08T11:35:00Z,8.840000,0.220000,1.944800,24435.800000,27.890000,93.940000,Week4/Day 28.csv,17,OK
2026-06-08T11:45:00Z,8.960000,0.240000,2.150400,27069.200000,29.270000,86.440000,Week4/Day 28.csv,18,OK
2026-06-08T11:55:00Z,8.872000,0.230000,2.040560,25246.700000,29.850000,86.620000,Week4/Day 28.csv,19,OK
2026-06-08T12:05:00Z,9.056000,0.250000,2.264000,27706.700000,30.180000,84.360000,Week4/Day 28.csv,20,OK
2026-06-08T12:15:00Z,9.012000,0.250000,2.253000,27535.000000,30.630000,81.400000,Week4/Day 28.csv,21,OK
2026-06-08T12:25:00Z,9.104000,0.260000,2.367040,28956.700000,30.450000,81.220000,Week4/Day 28.csv,22,OK
2026-06-08T12:35:00Z,9.280000,0.300000,2.784000,34655.000000,32.010000,77.850000,Week4/Day 28.csv,23,OK
2026-06-08T12:45:00Z,9.204000,0.290000,2.669160,33660.800000,31.950000,75.270000,Week4/Day 28.csv,24,OK
2026-06-08T12:55:00Z,9.188000,0.280000,2.572640,32435.000000,32.470000,75.920000,Week4/Day 28.csv,25,OK
2026-06-08T13:05:00Z,8.472000,0.160000,1.355520,18191.700000,32.810000,72.280000,Week4/Day 28.csv,26,OK
2026-06-08T13:15:00Z,9.832000,0.440000,4.326080,54612.500000,32.370000,75.460000,Week4/Day 28.csv,27,OK
2026-06-08T13:25:00Z,10.548000,0.620000,6.539760,54612.500000,34.360000,66.990000,Week4/Day 28.csv,28,OK
2026-06-08T13:35:00Z,8.148000,0.120000,0.977760,14192.500000,33.500000,74.090000,Week4/Day 28.csv,29,OK
2026-06-08T13:45:00Z,8.216000,0.120000,0.985920,13376.700000,31.790000,77.750000,Week4/Day 28.csv,30,OK
2026-06-08T13:55:00Z,7.972000,0.100000,0.797200,9861.700000,31.140000,78.280000,Week4/Day 28.csv,31,OK
2026-06-08T14:05:00Z,3.740000,0.040000,0.149600,4906.700000,29.620000,84.320000,Week4/Day 28.csv,32,OK
2026-06-08T14:14:00Z,8.132000,0.120000,0.975840,12773.300000,28.710000,88.490000,Week4/Day 28.csv,33,OK
2026-06-08T14:24:00Z,8.080000,0.110000,0.888800,13125.000000,28.760000,87.360000,Week4/Day 28.csv,34,OK
2026-06-08T14:34:00Z,8.260000,0.140000,1.156400,16265.800000,29.090000,85.240000,Week4/Day 28.csv,35,OK
2026-06-08T14:44:00Z,8.172000,0.120000,0.980640,14975.800000,29.440000,84.700000,Week4/Day 28.csv,36,OK
2026-06-08T14:54:00Z,7.052000,0.070000,0.493640,8166.700000,29.320000,83.010000,Week4/Day 28.csv,37,OK
2026-06-08T15:04:00Z,4.404000,0.050000,0.220200,5965.000000,29.030000,84.690000,Week4/Day 28.csv,38,OK
2026-06-08T15:14:00Z,3.284000,0.030000,0.098520,2989.200000,27.640000,90.030000,Week4/Day 28.csv,39,OK
2026-06-08T15:24:00Z,3.264000,0.020000,0.065280,1923.300000,26.960000,95.340000,Week4/Day 28.csv,40,OK
2026-06-08T15:34:00Z,3.260000,0.010000,0.032600,1235.000000,25.520000,99.770000,Week4/Day 28.csv,41,OK
2026-06-08T15:44:00Z,3.072000,0.000000,0.000000,455.800000,25.080000,100.000000,Week4/Day 28.csv,42,OK
2026-06-08T15:54:00Z,3.288000,0.020000,0.065760,2611.700000,25.060000,100.000000,Week4/Day 28.csv,43,OK
2026-06-08T16:04:00Z,3.296000,0.020000,0.065920,2906.700000,25.080000,100.000000,Week4/Day 28.csv,44,OK
2026-06-08T16:14:00Z,3.296000,0.020000,0.065920,2765.000000,24.970000,100.000000,Week4/Day 28.csv,45,OK
2026-06-08T16:24:00Z,3.336000,0.030000,0.100080,4029.200000,25.040000,100.000000,Week4/Day 28.csv,46,OK
2026-06-08T16:34:00Z,3.308000,0.030000,0.099240,3305.800000,25.410000,100.000000,Week4/Day 28.csv,47,OK
2026-06-08T16:44:00Z,3.396000,0.040000,0.135840,5005.000000,25.520000,100.000000,Week4/Day 28.csv,48,OK
2026-06-08T16:54:00Z,3.708000,0.050000,0.185400,6002.500000,25.430000,100.000000,Week4/Day 28.csv,49,OK
2026-06-08T17:04:00Z,3.400000,0.040000,0.136000,5065.800000,25.670000,100.000000,Week4/Day 28.csv,50,OK
2026-06-08T17:14:00Z,3.428000,0.050000,0.171400,5088.300000,25.650000,100.000000,Week4/Day 28.csv,51,OK
2026-06-08T17:24:00Z,3.352000,0.040000,0.134080,4391.700000,25.570000,100.000000,Week4/Day 28.csv,52,OK
2026-06-08T17:34:00Z,3.316000,0.030000,0.099480,3497.500000,25.750000,100.000000,Week4/Day 28.csv,53,OK
2026-06-08T17:44:00Z,3.292000,0.030000,0.098760,2651.700000,25.500000,100.000000,Week4/Day 28.csv,54,OK
2026-06-08T17:54:00Z,3.280000,0.020000,0.065600,1995.800000,25.430000,100.000000,Week4/Day 28.csv,55,OK
2026-06-08T18:04:00Z,3.276000,0.010000,0.032760,1581.700000,25.310000,100.000000,Week4/Day 28.csv,56,OK
2026-06-08T18:14:00Z,3.264000,0.010000,0.032640,1035.000000,25.000000,100.000000,Week4/Day 28.csv,57,OK
2026-06-08T18:24:00Z,3.176000,0.010000,0.031760,570.000000,24.920000,100.000000,Week4/Day 28.csv,58,OK
2026-06-08T18:34:00Z,2.628000,0.000000,0.000000,228.300000,24.680000,100.000000,Week4/Day 28.csv,59,OK
2026-06-08T18:44:00Z,2.336000,0.000000,0.000000,50.800000,24.660000,100.000000,Week4/Day 28.csv,60,OK
2026-06-08T18:54:00Z,1.816000,0.000000,0.000000,5.800000,24.540000,100.000000,Week4/Day 28.csv,61,OK
2026-06-08T19:04:00Z,0.512000,0.000000,0.000000,0.000000,24.550000,100.000000,Week4/Day 28.csv,62,OK
2026-06-08T19:14:00Z,0.272000,0.000000,0.000000,0.000000,24.570000,100.000000,Week4/Day 28.csv,63,OK
2026-06-08T19:24:00Z,0.260000,0.000000,0.000000,0.000000,24.550000,100.000000,Week4/Day 28.csv,64,OK
2026-06-08T19:34:00Z,0.260000,0.000000,0.000000,0.000000,24.410000,100.000000,Week4/Day 28.csv,65,OK
2026-06-09T09:32:00Z,1.560000,0.000000,0.000000,40.000000,26.470000,97.640000,Week5/Day 29.csv,2,OK
2026-06-09T09:42:00Z,9.620000,0.380000,3.655600,41143.300000,30.580000,80.630000,Week5/Day 29.csv,3,OK
2026-06-09T09:52:00Z,8.784000,0.220000,1.932480,26915.800000,33.270000,74.240000,Week5/Day 29.csv,4,OK
2026-06-09T10:01:00Z,8.648000,0.190000,1.643120,24089.200000,33.190000,74.240000,Week5/Day 29.csv,5,OK
2026-06-09T10:11:00Z,8.416000,0.150000,1.262400,19354.200000,33.450000,71.890000,Week5/Day 29.csv,6,OK
2026-06-09T10:21:00Z,8.288000,0.140000,1.160320,16960.800000,32.730000,74.140000,Week5/Day 29.csv,7,OK
2026-06-09T10:31:00Z,9.100000,0.270000,2.457000,34246.700000,33.020000,72.910000,Week5/Day 29.csv,8,OK
2026-06-09T10:41:00Z,8.816000,0.230000,2.027680,26212.500000,35.410000,65.870000,Week5/Day 29.csv,9,OK
2026-06-09T10:51:00Z,8.760000,0.220000,1.927200,28354.200000,35.460000,66.570000,Week5/Day 29.csv,10,OK
2026-06-09T11:01:00Z,8.804000,0.230000,2.024920,27860.800000,35.900000,62.330000,Week5/Day 29.csv,11,OK
2026-06-09T11:11:00Z,8.732000,0.210000,1.833720,26460.800000,36.040000,64.480000,Week5/Day 29.csv,12,OK
2026-06-09T11:21:00Z,8.880000,0.230000,2.042400,30531.700000,35.580000,65.890000,Week5/Day 29.csv,13,OK
2026-06-09T11:31:00Z,8.964000,0.260000,2.330640,33228.300000,36.880000,63.030000,Week5/Day 29.csv,14,OK
2026-06-09T11:41:00Z,9.288000,0.310000,2.879280,40581.700000,38.220000,57.160000,Week5/Day 29.csv,15,OK
2026-06-09T11:51:00Z,9.276000,0.340000,3.153840,44685.800000,41.660000,50.620000,Week5/Day 29.csv,16,OK
2026-06-09T12:01:00Z,9.748000,0.410000,3.996680,54612.500000,43.520000,46.710000,Week5/Day 29.csv,17,OK
2026-06-09T12:11:00Z,8.580000,0.180000,1.544400,23548.300000,41.410000,51.490000,Week5/Day 29.csv,18,OK
2026-06-09T12:21:00Z,3.208000,0.020000,0.064160,7685.000000,37.390000,54.150000,Week5/Day 29.csv,19,OK
2026-06-09T12:31:00Z,7.488000,0.080000,0.599040,8905.000000,33.960000,63.450000,Week5/Day 29.csv,20,OK
2026-06-09T12:41:00Z,6.972000,0.080000,0.557760,9020.000000,32.190000,68.550000,Week5/Day 29.csv,21,OK
2026-06-09T12:51:00Z,7.588000,0.080000,0.607040,9521.700000,31.450000,69.570000,Week5/Day 29.csv,22,OK
2026-06-09T13:01:00Z,7.640000,0.080000,0.611200,9433.300000,30.160000,75.470000,Week5/Day 29.csv,23,OK
2026-06-09T13:11:00Z,8.564000,0.180000,1.541520,18826.700000,29.910000,80.270000,Week5/Day 29.csv,24,OK
2026-06-09T13:21:00Z,8.252000,0.130000,1.072760,14418.300000,30.050000,77.570000,Week5/Day 29.csv,25,OK
2026-06-09T13:31:00Z,7.932000,0.100000,0.793200,12295.000000,29.110000,80.770000,Week5/Day 29.csv,26,OK
2026-06-09T13:41:00Z,7.768000,0.090000,0.699120,10396.700000,28.330000,84.520000,Week5/Day 29.csv,27,OK
2026-06-09T13:51:00Z,8.456000,0.150000,1.268400,18743.300000,27.730000,85.980000,Week5/Day 29.csv,28,OK
2026-06-09T14:01:00Z,8.900000,0.220000,1.958000,29206.700000,29.200000,86.100000,Week5/Day 29.csv,29,OK
2026-06-09T14:11:00Z,8.532000,0.170000,1.450440,20020.800000,31.170000,76.540000,Week5/Day 29.csv,30,OK
2026-06-09T14:21:00Z,8.544000,0.170000,1.452480,21670.800000,31.120000,76.530000,Week5/Day 29.csv,31,OK
2026-06-09T14:31:00Z,8.704000,0.190000,1.653760,22429.200000,30.690000,78.040000,Week5/Day 29.csv,32,OK
2026-06-09T14:41:00Z,8.472000,0.150000,1.270800,20541.700000,30.050000,83.980000,Week5/Day 29.csv,33,OK
2026-06-09T14:51:00Z,9.040000,0.250000,2.260000,34156.700000,31.320000,78.290000,Week5/Day 29.csv,34,OK
2026-06-09T15:01:00Z,8.484000,0.160000,1.357440,22746.700000,33.230000,74.910000,Week5/Day 29.csv,35,OK
2026-06-09T15:11:00Z,7.780000,0.090000,0.700200,11270.800000,31.730000,73.950000,Week5/Day 29.csv,36,OK
2026-06-09T15:21:00Z,8.080000,0.110000,0.888800,13856.700000,30.440000,78.140000,Week5/Day 29.csv,37,OK
2026-06-09T15:31:00Z,7.716000,0.080000,0.617280,9644.200000,30.070000,80.060000,Week5/Day 29.csv,38,OK
2026-06-09T15:41:00Z,7.968000,0.090000,0.717120,11571.700000,29.690000,79.840000,Week5/Day 29.csv,39,OK
2026-06-09T15:51:00Z,3.248000,0.020000,0.064960,1538.300000,29.390000,79.990000,Week5/Day 29.csv,40,OK
2026-06-09T16:01:00Z,3.156000,0.010000,0.031560,645.800000,25.930000,93.050000,Week5/Day 29.csv,41,OK
2026-06-09T16:11:00Z,3.276000,0.010000,0.032760,1592.500000,24.350000,100.000000,Week5/Day 29.csv,42,OK
2026-06-09T16:21:00Z,3.288000,0.020000,0.065760,2525.800000,24.330000,100.000000,Week5/Day 29.csv,43,OK
2026-06-09T16:31:00Z,3.276000,0.010000,0.032760,1505.000000,24.570000,100.000000,Week5/Day 29.csv,44,OK
2026-06-09T16:41:00Z,3.276000,0.010000,0.032760,1928.300000,24.740000,99.890000,Week5/Day 29.csv,45,OK
2026-06-09T16:50:00Z,3.276000,0.010000,0.032760,1786.700000,24.580000,99.450000,Week5/Day 29.csv,46,OK
2026-06-09T17:00:00Z,3.280000,0.010000,0.032800,1858.300000,24.570000,99.270000,Week5/Day 29.csv,47,OK
2026-06-09T17:10:00Z,3.276000,0.010000,0.032760,1715.000000,24.510000,99.610000,Week5/Day 29.csv,48,OK
2026-06-09T17:20:00Z,3.280000,0.010000,0.032800,1548.300000,24.190000,100.000000,Week5/Day 29.csv,49,OK
2026-06-09T17:30:00Z,3.280000,0.010000,0.032800,1549.200000,24.220000,100.000000,Week5/Day 29.csv,50,OK
2026-06-09T17:40:00Z,3.276000,0.010000,0.032760,1188.300000,24.220000,100.000000,Week5/Day 29.csv,51,OK
2026-06-09T17:50:00Z,3.244000,0.010000,0.032440,857.500000,24.040000,100.000000,Week5/Day 29.csv,52,OK
2026-06-09T18:00:00Z,3.272000,0.010000,0.032720,1100.000000,23.930000,100.000000,Week5/Day 29.csv,53,OK
2026-06-09T18:10:00Z,3.220000,0.010000,0.032200,749.200000,23.970000,100.000000,Week5/Day 29.csv,54,OK
2026-06-09T18:20:00Z,3.128000,0.000000,0.000000,507.500000,23.910000,100.000000,Week5/Day 29.csv,55,OK
2026-06-09T18:30:00Z,2.636000,0.000000,0.000000,215.000000,23.840000,100.000000,Week5/Day 29.csv,56,OK
2026-06-09T18:40:00Z,2.460000,0.000000,0.000000,88.300000,23.710000,100.000000,Week5/Day 29.csv,57,OK
2026-06-09T18:50:00Z,2.588000,0.000000,0.000000,18.300000,23.630000,100.000000,Week5/Day 29.csv,58,OK
2026-06-09T19:00:00Z,0.992000,0.000000,0.000000,1.700000,23.350000,100.000000,Week5/Day 29.csv,59,OK
2026-06-09T19:10:00Z,0.340000,0.000000,0.000000,0.000000,23.300000,100.000000,Week5/Day 29.csv,60,OK
2026-06-09T19:20:00Z,0.264000,0.000000,0.000000,0.000000,23.390000,100.000000,Week5/Day 29.csv,61,OK
2026-06-09T19:30:00Z,0.256000,0.000000,0.000000,0.000000,23.440000,100.000000,Week5/Day 29.csv,62,OK
2026-06-09T19:40:00Z,0.256000,0.000000,0.000000,0.000000,23.450000,100.000000,Week5/Day 29.csv,63,OK
2026-06-09T19:50:00Z,0.252000,0.000000,0.000000,0.000000,23.450000,100.000000,Week5/Day 29.csv,64,OK
2026-06-09T20:00:00Z,0.256000,0.000000,0.000000,0.000000,23.440000,100.000000,Week5/Day 29.csv,65,OK
2026-06-09T20:10:00Z,0.252000,0.000000,0.000000,0.000000,23.450000,100.000000,Week5/Day 29.csv,66,OK
2026-06-09T20:20:00Z,0.252000,0.000000,0.000000,0.000000,23.220000,100.000000,Week5/Day 29.csv,67,OK
2026-06-09T20:30:00Z,0.252000,0.000000,0.000000,0.000000,23.280000,100.000000,Week5/Day 29.csv,68,OK
2026-06-09T20:40:00Z,0.256000,0.000000,0.000000,0.000000,23.200000,100.000000,Week5/Day 29.csv,69,OK
2026-06-09T20:50:00Z,0.256000,0.000000,0.000000,0.000000,23.180000,100.000000,Week5/Day 29.csv,70,OK
2026-06-09T21:00:00Z,0.256000,0.000000,0.000000,0.000000,23.220000,100.000000,Week5/Day 29.csv,71,OK
2026-06-09T21:10:00Z,0.260000,0.000000,0.000000,0.000000,23.370000,100.000000,Week5/Day 29.csv,72,OK
2026-06-09T21:20:00Z,0.252000,0.000000,0.000000,0.000000,23.500000,100.000000,Week5/Day 29.csv,73,OK
2026-06-09T21:30:00Z,0.252000,0.000000,0.000000,0.000000,23.470000,100.000000,Week5/Day 29.csv,74,OK
2026-06-09T21:40:00Z,0.256000,0.000000,0.000000,0.000000,23.140000,100.000000,Week5/Day 29.csv,75,OK
2026-06-09T21:50:00Z,0.252000,0.000000,0.000000,0.000000,23.220000,100.000000,Week5/Day 29.csv,76,OK
2026-06-09T22:00:00Z,0.252000,0.000000,0.000000,0.000000,23.250000,100.000000,Week5/Day 29.csv,77,OK
2026-06-09T22:10:00Z,0.252000,0.000000,0.000000,0.000000,23.260000,100.000000,Week5/Day 29.csv,78,OK
2026-06-09T22:20:00Z,0.256000,0.000000,0.000000,0.000000,23.240000,100.000000,Week5/Day 29.csv,79,OK
2026-06-09T22:30:00Z,0.252000,0.000000,0.000000,0.000000,23.230000,100.000000,Week5/Day 29.csv,80,OK
2026-06-09T22:40:00Z,0.252000,0.000000,0.000000,0.000000,23.260000,100.000000,Week5/Day 29.csv,81,OK
2026-06-09T22:50:00Z,0.256000,0.000000,0.000000,0.000000,23.260000,100.000000,Week5/Day 29.csv,82,OK
2026-06-09T23:00:00Z,0.256000,0.000000,0.000000,0.000000,23.300000,100.000000,Week5/Day 29.csv,83,OK
2026-06-09T23:10:00Z,0.252000,0.000000,0.000000,0.000000,23.210000,100.000000,Week5/Day 29.csv,84,OK
2026-06-09T23:20:00Z,0.252000,0.000000,0.000000,0.000000,23.190000,100.000000,Week5/Day 29.csv,85,OK
2026-06-09T23:30:00Z,0.252000,0.000000,0.000000,0.000000,23.070000,100.000000,Week5/Day 29.csv,86,OK
2026-06-09T23:40:00Z,0.252000,0.000000,0.000000,0.000000,23.170000,100.000000,Week5/Day 29.csv,87,OK
2026-06-09T23:49:00Z,0.252000,0.000000,0.000000,0.000000,23.110000,100.000000,Week5/Day 29.csv,88,OK
2026-06-09T23:59:00Z,0.256000,0.000000,0.000000,0.000000,23.060000,100.000000,Week5/Day 29.csv,89,OK
2026-06-10T00:09:00Z,0.248000,0.000000,0.000000,0.000000,23.000000,100.000000,Week5/Day 29.csv,90,OK
2026-06-10T00:19:00Z,0.252000,0.000000,0.000000,0.000000,23.060000,100.000000,Week5/Day 29.csv,91,OK
2026-06-10T00:29:00Z,0.252000,0.000000,0.000000,0.000000,23.070000,100.000000,Week5/Day 29.csv,92,OK
2026-06-10T00:39:00Z,0.252000,0.000000,0.000000,0.000000,22.930000,100.000000,Week5/Day 29.csv,93,OK
2026-06-10T00:49:00Z,0.252000,0.000000,0.000000,0.000000,22.930000,100.000000,Week5/Day 29.csv,94,OK
2026-06-10T00:59:00Z,0.252000,0.000000,0.000000,0.000000,22.910000,100.000000,Week5/Day 29.csv,95,OK
2026-06-10T01:09:00Z,0.256000,0.000000,0.000000,0.000000,22.890000,100.000000,Week5/Day 29.csv,96,OK
2026-06-10T01:19:00Z,0.252000,0.000000,0.000000,0.000000,22.900000,100.000000,Week5/Day 29.csv,97,OK
2026-06-10T01:29:00Z,0.252000,0.000000,0.000000,0.000000,22.900000,100.000000,Week5/Day 29.csv,98,OK
2026-06-10T01:39:00Z,0.256000,0.000000,0.000000,0.000000,22.930000,100.000000,Week5/Day 29.csv,99,OK
2026-06-10T01:49:00Z,0.260000,0.000000,0.000000,0.000000,23.000000,100.000000,Week5/Day 29.csv,100,OK
2026-06-10T01:59:00Z,0.264000,0.000000,0.000000,0.000000,23.040000,100.000000,Week5/Day 29.csv,101,OK
2026-06-10T02:09:00Z,0.260000,0.000000,0.000000,0.000000,23.130000,100.000000,Week5/Day 29.csv,102,OK
2026-06-10T02:19:00Z,0.260000,0.000000,0.000000,0.000000,23.130000,100.000000,Week5/Day 29.csv,103,OK
2026-06-10T02:29:00Z,0.264000,0.000000,0.000000,0.000000,23.140000,100.000000,Week5/Day 29.csv,104,OK
2026-06-10T02:39:00Z,0.264000,0.000000,0.000000,0.000000,23.130000,100.000000,Week5/Day 29.csv,105,OK
2026-06-10T02:49:00Z,0.260000,0.000000,0.000000,0.000000,23.150000,100.000000,Week5/Day 29.csv,106,OK
2026-06-10T02:59:00Z,0.260000,0.000000,0.000000,0.000000,23.210000,100.000000,Week5/Day 29.csv,107,OK
2026-06-10T03:09:00Z,0.260000,0.000000,0.000000,0.000000,23.260000,100.000000,Week5/Day 29.csv,108,OK
2026-06-10T03:19:00Z,0.260000,0.000000,0.000000,0.000000,23.270000,100.000000,Week5/Day 29.csv,109,OK
2026-06-10T03:29:00Z,0.260000,0.000000,0.000000,0.000000,23.200000,100.000000,Week5/Day 29.csv,110,OK
2026-06-10T03:39:00Z,0.260000,0.000000,0.000000,0.000000,23.190000,100.000000,Week5/Day 29.csv,111,OK
2026-06-10T03:49:00Z,0.268000,0.000000,0.000000,0.000000,23.190000,100.000000,Week5/Day 29.csv,112,OK
2026-06-10T03:59:00Z,0.268000,0.000000,0.000000,0.000000,23.140000,100.000000,Week5/Day 29.csv,113,OK
2026-06-10T04:09:00Z,0.272000,0.000000,0.000000,0.000000,23.070000,100.000000,Week5/Day 29.csv,114,OK
2026-06-10T04:19:00Z,0.272000,0.000000,0.000000,0.000000,23.060000,100.000000,Week5/Day 29.csv,115,OK
2026-06-10T04:29:00Z,0.276000,0.000000,0.000000,0.000000,23.130000,100.000000,Week5/Day 29.csv,116,OK
2026-06-10T04:39:00Z,0.272000,0.000000,0.000000,0.000000,23.120000,100.000000,Week5/Day 29.csv,117,OK
2026-06-10T04:49:00Z,0.272000,0.000000,0.000000,0.000000,23.080000,100.000000,Week5/Day 29.csv,118,OK
2026-06-10T04:59:00Z,0.276000,0.000000,0.000000,0.000000,23.080000,100.000000,Week5/Day 29.csv,119,OK
2026-06-10T05:09:00Z,0.284000,0.000000,0.000000,0.000000,23.180000,100.000000,Week5/Day 29.csv,120,OK
2026-06-10T05:19:00Z,0.304000,0.000000,0.000000,0.000000,23.220000,100.000000,Week5/Day 29.csv,121,OK
2026-06-10T05:29:00Z,0.540000,0.000000,0.000000,0.000000,23.250000,100.000000,Week5/Day 29.csv,122,OK
2026-06-10T05:39:00Z,2.312000,0.000000,0.000000,10.000000,23.200000,100.000000,Week5/Day 29.csv,123,OK
2026-06-10T05:49:00Z,2.388000,0.000000,0.000000,66.700000,23.140000,100.000000,Week5/Day 29.csv,124,OK
2026-06-10T05:59:00Z,2.924000,0.000000,0.000000,336.700000,23.120000,100.000000,Week5/Day 29.csv,125,OK
2026-06-10T06:09:00Z,3.268000,0.010000,0.032680,852.500000,23.230000,100.000000,Week5/Day 29.csv,126,OK
2026-06-10T06:19:00Z,3.288000,0.010000,0.032880,1465.000000,23.360000,100.000000,Week5/Day 29.csv,127,OK
2026-06-10T06:29:00Z,3.292000,0.020000,0.065840,2031.700000,23.590000,100.000000,Week5/Day 29.csv,128,OK
2026-06-10T06:39:00Z,3.284000,0.010000,0.032840,1420.800000,23.790000,100.000000,Week5/Day 29.csv,129,OK
2026-06-10T06:48:00Z,3.284000,0.010000,0.032840,1096.700000,23.810000,100.000000,Week5/Day 29.csv,130,OK
2026-06-10T06:58:00Z,3.376000,0.040000,0.135040,4619.200000,23.900000,100.000000,Week5/Day 29.csv,131,OK
2026-06-10T07:08:00Z,3.608000,0.050000,0.180400,5567.500000,24.230000,100.000000,Week5/Day 29.csv,132,OK
2026-06-10T07:18:00Z,4.160000,0.060000,0.249600,6922.500000,24.580000,100.000000,Week5/Day 29.csv,133,OK
2026-06-10T07:28:00Z,4.824000,0.080000,0.385920,8270.000000,25.260000,100.000000,Week5/Day 29.csv,134,OK
2026-06-10T07:38:00Z,7.860000,0.090000,0.707400,10098.300000,25.700000,100.000000,Week5/Day 29.csv,135,OK
2026-06-10T07:48:00Z,8.148000,0.110000,0.896280,12028.300000,26.260000,100.000000,Week5/Day 29.csv,136,OK
2026-06-10T07:58:00Z,8.284000,0.130000,1.076920,13753.300000,26.950000,99.040000,Week5/Day 29.csv,137,OK
2026-06-10T08:08:00Z,8.412000,0.140000,1.177680,14655.000000,28.000000,95.480000,Week5/Day 29.csv,138,OK
2026-06-10T08:18:00Z,8.380000,0.140000,1.173200,13702.500000,28.550000,93.010000,Week5/Day 29.csv,139,OK
2026-06-10T08:28:00Z,8.292000,0.140000,1.160880,12667.500000,29.130000,92.190000,Week5/Day 29.csv,140,OK
2026-06-10T08:38:00Z,8.192000,0.120000,0.983040,9171.700000,29.580000,91.060000,Week5/Day 29.csv,141,OK
2026-06-10T08:48:00Z,8.556000,0.170000,1.454520,8431.700000,31.200000,87.550000,Week5/Day 29.csv,142,OK
2026-06-11T09:24:00Z,2.340000,0.000000,0.000000,44.200000,25.910000,92.400000,Week5/Day 30.csv,2,OK
2026-06-11T09:34:00Z,8.392000,0.130000,1.090960,18413.300000,26.350000,90.675000,Week5/Day 30.csv,3,OK
2026-06-11T09:44:00Z,9.944000,0.400000,3.977600,54612.500000,26.790000,88.950000,Week5/Day 30.csv,4,OK
2026-06-11T09:54:00Z,8.536000,0.160000,1.365760,22293.300000,27.230000,87.225000,Week5/Day 30.csv,5,OK
2026-06-11T10:04:00Z,10.104000,0.480000,4.849920,54612.500000,27.670000,85.500000,Week5/Day 30.csv,6,OK
2026-06-11T10:14:00Z,10.432000,0.550000,5.737600,54612.500000,28.110000,83.775000,Week5/Day 30.csv,7,OK
2026-06-11T10:24:00Z,10.452000,0.570000,5.957640,54612.500000,28.550000,82.050000,Week5/Day 30.csv,8,OK
2026-06-11T10:34:00Z,10.576000,0.590000,6.239840,36819.200000,28.990000,80.325000,Week5/Day 30.csv,9,OK
2026-06-11T10:44:00Z,10.580000,0.600000,6.348000,34740.800000,29.430000,78.600000,Week5/Day 30.csv,10,OK
2026-06-11T10:54:00Z,10.772000,0.640000,6.894080,54612.500000,29.870000,76.875000,Week5/Day 30.csv,11,OK
2026-06-11T11:04:00Z,10.728000,0.630000,6.758640,54612.500000,30.310000,75.150000,Week5/Day 30.csv,12,OK
2026-06-11T11:14:00Z,9.312000,0.310000,2.886720,48206.700000,30.750000,73.425000,Week5/Day 30.csv,13,OK
2026-06-11T11:24:00Z,9.304000,0.260000,2.419040,36753.300000,31.190000,71.700000,Week5/Day 30.csv,14,OK
2026-06-11T11:34:00Z,8.716000,0.170000,1.481720,24087.500000,31.630000,69.975000,Week5/Day 30.csv,15,OK
2026-06-11T11:44:00Z,8.820000,0.180000,1.587600,24973.300000,32.070000,68.250000,Week5/Day 30.csv,16,OK
2026-06-11T11:54:00Z,7.724000,0.080000,0.617920,11692.500000,32.510000,66.525000,Week5/Day 30.csv,17,OK
2026-06-11T12:04:00Z,8.940000,0.190000,1.698600,23849.200000,32.950000,64.800000,Week5/Day 30.csv,18,OK
2026-06-11T12:14:00Z,8.728000,0.160000,1.396480,20385.800000,34.180000,61.450000,Week5/Day 30.csv,19,OK
2026-06-11T12:24:00Z,6.972000,0.070000,0.488040,9680.000000,32.970000,63.100000,Week5/Day 30.csv,20,OK
2026-06-11T12:34:00Z,7.912000,0.090000,0.712080,12723.300000,32.230000,65.850000,Week5/Day 30.csv,21,OK
2026-06-11T12:44:00Z,7.464000,0.080000,0.597120,10665.800000,28.080000,81.930000,Week5/Day 30.csv,22,OK
2026-06-11T12:54:00Z,8.040000,0.090000,0.723600,12255.000000,26.850000,85.300000,Week5/Day 30.csv,23,OK
2026-06-11T13:04:00Z,8.360000,0.120000,1.003200,14651.700000,26.930000,85.800000,Week5/Day 30.csv,24,OK
2026-06-11T13:14:00Z,8.412000,0.130000,1.093560,15845.000000,27.650000,81.450000,Week5/Day 30.csv,25,OK
2026-06-11T13:24:00Z,8.656000,0.150000,1.298400,19758.300000,28.580000,79.540000,Week5/Day 30.csv,26,OK
2026-06-11T13:34:00Z,8.896000,0.180000,1.601280,23572.500000,30.090000,75.540000,Week5/Day 30.csv,27,OK
2026-06-11T13:44:00Z,8.996000,0.190000,1.709240,25138.300000,30.570000,72.840000,Week5/Day 30.csv,28,OK
2026-06-11T13:54:00Z,8.160000,0.100000,0.816000,12825.000000,30.740000,73.010000,Week5/Day 30.csv,29,OK
2026-06-11T14:04:00Z,8.352000,0.120000,1.002240,15765.800000,29.900000,74.590000,Week5/Day 30.csv,30,OK
2026-06-11T14:14:00Z,5.140000,0.060000,0.308400,7762.500000,29.370000,77.040000,Week5/Day 30.csv,31,OK
2026-06-11T14:24:00Z,4.520000,0.060000,0.271200,7358.300000,28.310000,80.530000,Week5/Day 30.csv,32,OK
2026-06-11T14:34:00Z,7.644000,0.080000,0.611520,10459.200000,28.070000,83.710000,Week5/Day 30.csv,33,OK
2026-06-11T14:44:00Z,8.092000,0.100000,0.809200,12803.300000,28.750000,80.080000,Week5/Day 30.csv,34,OK
2026-06-11T14:54:00Z,7.640000,0.080000,0.611200,9975.800000,28.680000,78.700000,Week5/Day 30.csv,35,OK
2026-06-11T15:04:00Z,7.900000,0.090000,0.711000,11118.300000,28.850000,78.740000,Week5/Day 30.csv,36,OK
2026-06-11T15:14:00Z,8.212000,0.110000,0.903320,13606.700000,29.710000,77.130000,Week5/Day 30.csv,37,OK
2026-06-11T15:24:00Z,8.556000,0.140000,1.197840,17250.800000,30.680000,73.810000,Week5/Day 30.csv,38,OK
2026-06-11T15:34:00Z,8.380000,0.120000,1.005600,15285.000000,30.850000,73.240000,Week5/Day 30.csv,39,OK
2026-06-11T15:44:00Z,8.052000,0.090000,0.724680,11645.000000,30.530000,73.920000,Week5/Day 30.csv,40,OK
2026-06-11T15:53:00Z,6.376000,0.070000,0.446320,8617.500000,30.090000,75.100000,Week5/Day 30.csv,41,OK
2026-06-11T16:03:00Z,7.864000,0.080000,0.629120,10770.000000,29.880000,75.720000,Week5/Day 30.csv,42,OK
2026-06-11T16:13:00Z,5.336000,0.060000,0.320160,7734.200000,29.710000,78.470000,Week5/Day 30.csv,43,OK
2026-06-11T16:23:00Z,6.032000,0.070000,0.422240,8531.700000,29.290000,78.720000,Week5/Day 30.csv,44,OK
2026-06-11T16:33:00Z,3.340000,0.030000,0.100200,4119.200000,28.430000,80.650000,Week5/Day 30.csv,45,OK
2026-06-11T16:43:00Z,3.260000,0.020000,0.065200,2075.800000,28.100000,82.140000,Week5/Day 30.csv,46,OK
2026-06-11T16:53:00Z,3.304000,0.030000,0.099120,4015.000000,27.970000,83.330000,Week5/Day 30.csv,47,OK
2026-06-11T17:03:00Z,3.340000,0.040000,0.133600,4795.800000,27.740000,82.580000,Week5/Day 30.csv,48,OK
2026-06-11T17:13:00Z,3.484000,0.050000,0.174200,5933.300000,28.130000,81.510000,Week5/Day 30.csv,49,OK
2026-06-11T17:23:00Z,3.540000,0.050000,0.177000,6175.800000,28.180000,81.670000,Week5/Day 30.csv,50,OK
2026-06-11T17:33:00Z,3.416000,0.050000,0.170800,5740.800000,28.100000,82.990000,Week5/Day 30.csv,51,OK
2026-06-11T17:43:00Z,3.320000,0.040000,0.132800,4630.800000,27.910000,82.890000,Week5/Day 30.csv,52,OK
2026-06-11T17:53:00Z,3.292000,0.030000,0.098760,3575.000000,27.660000,83.570000,Week5/Day 30.csv,53,OK
2026-06-11T18:03:00Z,3.276000,0.030000,0.098280,3010.800000,27.270000,85.800000,Week5/Day 30.csv,54,OK
2026-06-11T18:13:00Z,3.268000,0.020000,0.065360,1995.800000,26.760000,86.330000,Week5/Day 30.csv,55,OK
2026-06-11T18:23:00Z,3.240000,0.010000,0.032400,974.200000,26.360000,88.200000,Week5/Day 30.csv,56,OK
2026-06-11T18:33:00Z,2.776000,0.000000,0.000000,360.800000,25.960000,90.040000,Week5/Day 30.csv,57,OK
2026-06-11T18:43:00Z,2.432000,0.000000,0.000000,94.200000,25.610000,91.660000,Week5/Day 30.csv,58,OK
2026-06-11T18:53:00Z,2.508000,0.000000,0.000000,16.700000,25.370000,94.250000,Week5/Day 30.csv,59,OK
2026-06-11T19:03:00Z,0.784000,0.000000,0.000000,0.800000,25.080000,95.400000,Week5/Day 30.csv,60,OK
2026-06-11T19:13:00Z,0.296000,0.000000,0.000000,0.000000,24.990000,95.820000,Week5/Day 30.csv,61,OK
2026-06-11T19:23:00Z,0.272000,0.000000,0.000000,0.000000,25.180000,97.070000,Week5/Day 30.csv,62,OK
2026-06-11T19:33:00Z,0.280000,0.000000,0.000000,0.000000,25.290000,96.890000,Week5/Day 30.csv,63,OK
2026-06-11T19:43:00Z,0.276000,0.000000,0.000000,0.000000,24.930000,97.710000,Week5/Day 30.csv,64,OK
2026-06-11T19:53:00Z,0.272000,0.000000,0.000000,0.000000,24.780000,98.570000,Week5/Day 30.csv,65,OK
2026-06-11T20:03:00Z,0.268000,0.000000,0.000000,0.000000,24.810000,100.000000,Week5/Day 30.csv,66,OK
2026-06-11T20:13:00Z,0.272000,0.000000,0.000000,0.000000,24.800000,99.250000,Week5/Day 30.csv,67,OK
2026-06-11T20:23:00Z,0.268000,0.000000,0.000000,0.000000,24.780000,98.820000,Week5/Day 30.csv,68,OK
2026-06-11T20:33:00Z,0.268000,0.000000,0.000000,0.000000,24.720000,98.830000,Week5/Day 30.csv,69,OK
2026-06-11T20:43:00Z,0.268000,0.000000,0.000000,0.000000,24.460000,98.980000,Week5/Day 30.csv,70,OK
2026-06-11T20:53:00Z,0.264000,0.000000,0.000000,0.000000,24.300000,99.490000,Week5/Day 30.csv,71,OK
2026-06-11T21:03:00Z,0.264000,0.000000,0.000000,0.000000,24.220000,99.710000,Week5/Day 30.csv,72,OK
2026-06-11T21:13:00Z,0.264000,0.000000,0.000000,0.000000,24.200000,99.640000,Week5/Day 30.csv,73,OK
2026-06-11T21:23:00Z,0.264000,0.000000,0.000000,0.000000,24.270000,99.750000,Week5/Day 30.csv,74,OK
2026-06-12T09:17:00Z,0.920000,0.000000,0.000000,10.000000,26.470000,97.640000,Week5/Day 31.csv,2,OK
2026-06-12T09:27:00Z,4.460000,0.070000,0.312200,8972.500000,30.580000,80.630000,Week5/Day 31.csv,3,OK
2026-06-12T09:37:00Z,8.200000,0.110000,0.902000,14366.700000,33.270000,74.240000,Week5/Day 31.csv,4,OK
2026-06-12T09:47:00Z,8.660000,0.150000,1.299000,19996.700000,33.190000,74.240000,Week5/Day 31.csv,5,OK
2026-06-12T09:58:00Z,9.056000,0.200000,1.811200,25385.000000,33.450000,71.890000,Week5/Day 31.csv,6,OK
2026-06-12T10:08:00Z,9.028000,0.190000,1.715320,24944.200000,32.730000,74.140000,Week5/Day 31.csv,7,OK
2026-06-12T10:18:00Z,8.116000,0.100000,0.811600,13070.800000,33.020000,72.910000,Week5/Day 31.csv,8,OK
2026-06-12T10:27:00Z,8.804000,0.160000,1.408640,20598.300000,35.410000,65.870000,Week5/Day 31.csv,9,OK
2026-06-12T10:37:00Z,7.988000,0.090000,0.718920,10963.300000,35.460000,66.570000,Week5/Day 31.csv,10,OK
2026-06-12T10:47:00Z,5.508000,0.060000,0.330480,7595.800000,35.900000,62.330000,Week5/Day 31.csv,11,OK
2026-06-12T10:57:00Z,7.812000,0.080000,0.624960,10607.500000,36.040000,64.480000,Week5/Day 31.csv,12,OK
2026-06-12T11:06:00Z,9.348000,0.240000,2.243520,28845.000000,35.580000,65.890000,Week5/Day 31.csv,13,OK
2026-06-12T11:16:00Z,9.224000,0.220000,2.029280,26045.000000,36.880000,63.030000,Week5/Day 31.csv,14,OK
2026-06-12T11:26:00Z,10.416000,0.420000,4.374720,54612.500000,38.220000,57.160000,Week5/Day 31.csv,15,OK
2026-06-12T11:36:00Z,9.984000,0.350000,3.494400,43104.200000,41.660000,50.620000,Week5/Day 31.csv,16,OK
2026-06-12T11:46:00Z,10.780000,0.490000,5.282200,54612.500000,43.520000,46.710000,Week5/Day 31.csv,17,OK
2026-06-12T11:57:00Z,8.496000,0.130000,1.104480,15458.300000,41.410000,51.490000,Week5/Day 31.csv,18,OK
2026-06-12T12:07:00Z,8.792000,0.160000,1.406720,19610.800000,37.390000,54.150000,Week5/Day 31.csv,19,OK
2026-06-12T12:17:00Z,9.660000,0.270000,2.608200,33465.000000,33.960000,63.450000,Week5/Day 31.csv,20,OK
2026-06-12T12:27:00Z,7.256000,0.080000,0.580480,9713.300000,32.190000,68.550000,Week5/Day 31.csv,21,OK
2026-06-12T12:36:00Z,8.196000,0.110000,0.901560,12575.800000,31.450000,69.570000,Week5/Day 31.csv,22,OK
2026-06-12T12:46:00Z,8.956000,0.180000,1.612080,21915.000000,30.160000,75.470000,Week5/Day 31.csv,23,OK
2026-06-12T12:56:00Z,9.484000,0.250000,2.371000,28348.300000,29.910000,80.270000,Week5/Day 31.csv,24,OK
2026-06-12T13:06:00Z,8.808000,0.160000,1.409280,18035.000000,30.050000,77.570000,Week5/Day 31.csv,25,OK
2026-06-12T13:16:00Z,9.236000,0.210000,1.939560,23191.700000,29.110000,80.770000,Week5/Day 31.csv,26,OK
2026-06-12T13:27:00Z,8.924000,0.170000,1.517080,18806.700000,28.330000,84.520000,Week5/Day 31.csv,27,OK
2026-06-12T13:37:00Z,9.132000,0.200000,1.826400,22885.000000,27.730000,85.980000,Week5/Day 31.csv,28,OK
2026-06-12T13:47:00Z,9.532000,0.250000,2.383000,30664.200000,29.200000,86.100000,Week5/Day 31.csv,29,OK
2026-06-12T13:57:00Z,9.856000,0.300000,2.956800,36069.200000,31.170000,76.540000,Week5/Day 31.csv,30,OK
2026-06-12T14:06:00Z,10.552000,0.430000,4.537360,48505.000000,31.120000,76.530000,Week5/Day 31.csv,31,OK
2026-06-12T14:16:00Z,9.712000,0.270000,2.622240,35360.000000,30.690000,78.040000,Week5/Day 31.csv,32,OK
2026-06-12T14:26:00Z,11.420000,0.600000,6.852000,54612.500000,30.050000,83.980000,Week5/Day 31.csv,33,OK
2026-06-12T14:36:00Z,9.268000,0.220000,2.038960,28226.700000,31.320000,78.290000,Week5/Day 31.csv,34,OK
2026-06-12T14:46:00Z,9.456000,0.240000,2.269440,31294.200000,33.230000,74.910000,Week5/Day 31.csv,35,OK
2026-06-12T14:57:00Z,8.536000,0.130000,1.109680,16720.000000,31.730000,73.950000,Week5/Day 31.csv,36,OK
2026-06-12T15:07:00Z,8.620000,0.140000,1.206800,18986.700000,30.440000,78.140000,Week5/Day 31.csv,37,OK
2026-06-12T15:17:00Z,8.284000,0.110000,0.911240,13549.200000,30.070000,80.060000,Week5/Day 31.csv,38,OK
2026-06-12T15:27:00Z,8.288000,0.110000,0.911680,13759.200000,29.690000,79.840000,Week5/Day 31.csv,39,OK
2026-06-12T15:36:00Z,8.000000,0.090000,0.720000,11561.700000,29.390000,79.990000,Week5/Day 31.csv,40,OK
2026-06-12T15:46:00Z,9.000000,0.170000,1.530000,20253.300000,25.930000,93.050000,Week5/Day 31.csv,41,OK
2026-06-12T15:56:00Z,8.492000,0.120000,1.019040,15970.000000,24.350000,100.000000,Week5/Day 31.csv,42,OK
2026-06-12T16:06:00Z,4.492000,0.060000,0.269520,6906.700000,24.330000,100.000000,Week5/Day 31.csv,43,OK
2026-06-12T16:15:00Z,3.704000,0.040000,0.148160,5045.000000,24.570000,100.000000,Week5/Day 31.csv,44,OK
2026-06-12T16:25:00Z,3.604000,0.040000,0.144160,4890.000000,24.740000,99.890000,Week5/Day 31.csv,45,OK
2026-06-12T16:35:00Z,3.176000,0.010000,0.031760,756.700000,24.580000,99.450000,Week5/Day 31.csv,46,OK
2026-06-12T16:45:00Z,3.280000,0.020000,0.065600,2705.800000,24.570000,99.270000,Week5/Day 31.csv,47,OK
2026-06-12T16:56:00Z,3.276000,0.020000,0.065520,2143.300000,24.510000,99.610000,Week5/Day 31.csv,48,OK
2026-06-12T17:06:00Z,3.320000,0.030000,0.099600,3983.300000,24.190000,100.000000,Week5/Day 31.csv,49,OK
2026-06-12T17:16:00Z,3.304000,0.030000,0.099120,3181.700000,24.220000,100.000000,Week5/Day 31.csv,50,OK
2026-06-12T17:26:00Z,3.300000,0.020000,0.066000,3212.500000,24.220000,100.000000,Week5/Day 31.csv,51,OK
2026-06-12T17:35:00Z,3.288000,0.020000,0.065760,2247.500000,24.040000,100.000000,Week5/Day 31.csv,52,OK
2026-06-12T17:45:00Z,3.304000,0.020000,0.066080,3334.200000,23.930000,100.000000,Week5/Day 31.csv,53,OK
2026-06-12T17:55:00Z,3.280000,0.010000,0.032800,1695.000000,23.970000,100.000000,Week5/Day 31.csv,54,OK
2026-06-12T18:05:00Z,3.256000,0.010000,0.032560,975.800000,23.910000,100.000000,Week5/Day 31.csv,55,OK
2026-06-12T18:15:00Z,3.216000,0.010000,0.032160,790.000000,23.840000,100.000000,Week5/Day 31.csv,56,OK
2026-06-12T18:26:00Z,3.168000,0.010000,0.031680,591.700000,23.710000,100.000000,Week5/Day 31.csv,57,OK
2026-06-12T18:36:00Z,2.972000,0.000000,0.000000,395.000000,23.630000,100.000000,Week5/Day 31.csv,58,OK
2026-06-12T18:46:00Z,2.656000,0.000000,0.000000,177.500000,23.350000,100.000000,Week5/Day 31.csv,59,OK
2026-06-12T18:56:00Z,2.460000,0.000000,0.000000,11.700000,23.300000,100.000000,Week5/Day 31.csv,60,OK
2026-06-12T19:05:00Z,0.856000,0.000000,0.000000,0.800000,23.390000,100.000000,Week5/Day 31.csv,61,OK
2026-06-12T19:15:00Z,0.308000,0.000000,0.000000,0.000000,23.440000,100.000000,Week5/Day 31.csv,62,OK
2026-06-13T09:21:00Z,2.448000,0.000000,0.000000,23.300000,26.910000,92.970000,Week5/Day 32.csv,2,OK
2026-06-13T09:31:00Z,9.680000,0.230000,2.226400,23342.500000,27.680000,90.480000,Week5/Day 32.csv,3,OK
2026-06-13T09:41:00Z,6.324000,0.070000,0.442680,5741.700000,28.460000,88.000000,Week5/Day 32.csv,4,OK
2026-06-13T09:51:00Z,8.332000,0.110000,0.916520,12880.000000,29.230000,85.510000,Week5/Day 32.csv,5,OK
2026-06-13T10:01:00Z,10.828000,0.430000,4.656040,42207.500000,30.250000,84.010000,Week5/Day 32.csv,6,OK
2026-06-13T10:11:00Z,9.580000,0.230000,2.203400,25908.300000,32.390000,73.710000,Week5/Day 32.csv,7,OK
2026-06-13T10:21:00Z,10.180000,0.330000,3.359400,37386.700000,34.640000,68.230000,Week5/Day 32.csv,8,OK
2026-06-13T10:31:00Z,10.696000,0.420000,4.492320,51515.000000,37.540000,58.580000,Week5/Day 32.csv,9,OK
2026-06-13T10:41:00Z,10.892000,0.450000,4.901400,54468.300000,38.950000,55.180000,Week5/Day 32.csv,10,OK
2026-06-13T10:51:00Z,9.432000,0.230000,2.169360,25084.200000,39.580000,53.460000,Week5/Day 32.csv,11,OK
2026-06-13T11:01:00Z,9.656000,0.240000,2.317440,25354.200000,36.200000,61.030000,Week5/Day 32.csv,12,OK
2026-06-13T11:11:00Z,10.428000,0.380000,3.962640,42635.000000,36.660000,57.570000,Week5/Day 32.csv,13,OK
2026-06-13T11:21:00Z,10.456000,0.380000,3.973280,45880.800000,38.000000,52.280000,Week5/Day 32.csv,14,OK
2026-06-13T11:31:00Z,7.932000,0.090000,0.713880,9891.700000,36.260000,56.230000,Week5/Day 32.csv,15,OK
2026-06-13T11:41:00Z,6.728000,0.070000,0.470960,7038.300000,32.350000,68.610000,Week5/Day 32.csv,16,OK
2026-06-13T11:51:00Z,8.360000,0.110000,0.919600,12036.700000,30.870000,73.360000,Week5/Day 32.csv,17,OK
2026-06-13T12:01:00Z,4.188000,0.050000,0.209400,5388.300000,28.830000,81.400000,Week5/Day 32.csv,18,OK
2026-06-13T12:11:00Z,7.684000,0.080000,0.614720,8246.700000,28.200000,84.030000,Week5/Day 32.csv,19,OK
2026-06-13T12:21:00Z,6.356000,0.070000,0.444920,8287.500000,27.330000,89.240000,Week5/Day 32.csv,20,OK
2026-06-13T12:31:00Z,8.772000,0.140000,1.228080,15204.200000,27.470000,89.170000,Week5/Day 32.csv,21,OK
2026-06-13T12:41:00Z,8.336000,0.110000,0.916960,15085.800000,28.280000,86.680000,Week5/Day 32.csv,22,OK
2026-06-13T12:51:00Z,9.388000,0.200000,1.877600,32069.200000,29.330000,84.500000,Week5/Day 32.csv,23,OK
2026-06-13T13:01:00Z,11.048000,0.460000,5.082080,44798.300000,32.820000,69.610000,Week5/Day 32.csv,24,OK
2026-06-13T13:11:00Z,10.648000,0.390000,4.152720,40978.300000,37.270000,55.380000,Week5/Day 32.csv,25,OK
2026-06-13T13:21:00Z,8.840000,0.150000,1.326000,25311.700000,36.700000,56.710000,Week5/Day 32.csv,26,OK
2026-06-13T13:31:00Z,8.732000,0.140000,1.222480,21628.300000,35.600000,61.750000,Week5/Day 32.csv,27,OK
2026-06-13T13:41:00Z,8.416000,0.120000,1.009920,17938.300000,33.600000,65.670000,Week5/Day 32.csv,28,OK
2026-06-13T13:51:00Z,3.764000,0.040000,0.150560,4295.000000,32.740000,69.220000,Week5/Day 32.csv,29,OK
2026-06-13T14:01:00Z,3.276000,0.030000,0.098280,3274.200000,31.000000,74.220000,Week5/Day 32.csv,30,OK
2026-06-13T14:11:00Z,3.352000,0.030000,0.100560,3864.200000,29.780000,77.320000,Week5/Day 32.csv,31,OK
2026-06-13T14:21:00Z,7.496000,0.080000,0.599680,10252.500000,27.740000,89.200000,Week5/Day 32.csv,32,OK
2026-06-13T14:31:00Z,8.300000,0.100000,0.830000,13260.000000,28.630000,86.370000,Week5/Day 32.csv,33,OK
2026-06-13T14:41:00Z,8.364000,0.110000,0.920040,13890.800000,29.790000,81.870000,Week5/Day 32.csv,34,OK
2026-06-13T14:51:00Z,8.096000,0.090000,0.728640,12637.500000,30.460000,79.910000,Week5/Day 32.csv,35,OK
2026-06-13T15:01:00Z,8.148000,0.100000,0.814800,12795.800000,29.500000,79.510000,Week5/Day 32.csv,36,OK
2026-06-13T15:11:00Z,7.972000,0.090000,0.717480,13962.500000,29.640000,78.720000,Week5/Day 32.csv,37,OK
2026-06-13T15:21:00Z,5.700000,0.060000,0.342000,8102.500000,29.350000,78.320000,Week5/Day 32.csv,38,OK
2026-06-13T15:31:00Z,5.996000,0.070000,0.419720,9016.700000,28.900000,85.390000,Week5/Day 32.csv,39,OK
2026-06-13T15:41:00Z,6.072000,0.070000,0.425040,8040.000000,28.680000,80.070000,Week5/Day 32.csv,40,OK
2026-06-13T15:51:00Z,5.676000,0.060000,0.340560,7572.500000,28.580000,78.280000,Week5/Day 32.csv,41,OK
2026-06-13T16:01:00Z,4.596000,0.060000,0.275760,6009.200000,28.740000,79.540000,Week5/Day 32.csv,42,OK
2026-06-13T16:11:00Z,3.260000,0.020000,0.065200,1697.500000,28.530000,80.520000,Week5/Day 32.csv,43,OK
2026-06-13T16:21:00Z,3.360000,0.040000,0.134400,4644.200000,27.500000,83.440000,Week5/Day 32.csv,44,OK
2026-06-13T16:30:00Z,3.440000,0.050000,0.172000,5019.200000,26.850000,87.550000,Week5/Day 32.csv,45,OK
2026-06-13T16:40:00Z,3.508000,0.050000,0.175400,5316.700000,27.100000,86.350000,Week5/Day 32.csv,46,OK
2026-06-13T16:50:00Z,3.336000,0.040000,0.133440,4220.800000,26.830000,70.530000,Week5/Day 32.csv,47,OK
2026-06-13T17:00:00Z,3.344000,0.040000,0.133760,4392.500000,26.560000,89.810000,Week5/Day 32.csv,48,OK
2026-06-13T17:10:00Z,3.480000,0.050000,0.174000,5236.700000,26.830000,82.270000,Week5/Day 32.csv,49,OK
2026-06-13T17:20:00Z,3.544000,0.050000,0.177200,5962.500000,26.720000,89.650000,Week5/Day 32.csv,50,OK
2026-06-13T17:30:00Z,3.344000,0.040000,0.133760,4634.200000,26.660000,85.940000,Week5/Day 32.csv,51,OK
2026-06-13T17:40:00Z,3.304000,0.030000,0.099120,3678.300000,26.590000,82.240000,Week5/Day 32.csv,52,OK
2026-06-13T17:50:00Z,3.276000,0.020000,0.065520,2572.500000,26.330000,91.720000,Week5/Day 32.csv,53,OK
2026-06-13T18:00:00Z,3.272000,0.020000,0.065440,2008.300000,26.180000,73.760000,Week5/Day 32.csv,54,OK
2026-06-13T18:10:00Z,3.268000,0.010000,0.032680,1410.000000,26.040000,82.680000,Week5/Day 32.csv,55,OK
2026-06-13T18:20:00Z,3.268000,0.010000,0.032680,1490.000000,25.890000,91.590000,Week5/Day 32.csv,56,OK
2026-06-13T18:30:00Z,3.260000,0.010000,0.032600,914.200000,26.030000,92.800000,Week5/Day 32.csv,57,OK
2026-06-13T18:40:00Z,2.808000,0.000000,0.000000,257.500000,25.800000,93.560000,Week5/Day 32.csv,58,OK
2026-06-13T18:50:00Z,2.312000,0.000000,0.000000,34.200000,25.420000,94.860000,Week5/Day 32.csv,59,OK
2026-06-13T19:00:00Z,1.744000,0.000000,0.000000,4.200000,25.040000,96.170000,Week5/Day 32.csv,60,OK
2026-06-13T19:10:00Z,0.400000,0.000000,0.000000,0.000000,24.990000,88.400000,Week5/Day 32.csv,61,OK
2026-06-13T19:20:00Z,0.284000,0.000000,0.000000,0.000000,24.940000,80.640000,Week5/Day 32.csv,62,OK
2026-06-13T19:30:00Z,0.252000,0.000000,0.000000,0.000000,24.890000,79.830000,Week5/Day 32.csv,63,OK
2026-06-13T19:40:00Z,0.248000,0.000000,0.000000,0.000000,24.840000,79.020000,Week5/Day 32.csv,64,OK
2026-06-13T19:50:00Z,0.252000,0.000000,0.000000,0.000000,24.790000,79.820000,Week5/Day 32.csv,65,OK
2026-06-13T20:00:00Z,0.248000,0.000000,0.000000,0.000000,24.740000,80.610000,Week5/Day 32.csv,66,OK
2026-06-13T20:10:00Z,0.248000,0.000000,0.000000,0.000000,24.740000,79.150000,Week5/Day 32.csv,67,OK
2026-06-13T20:20:00Z,0.252000,0.000000,0.000000,0.000000,24.740000,78.880000,Week5/Day 32.csv,68,OK
2026-06-13T20:30:00Z,0.256000,0.000000,0.000000,0.000000,24.740000,79.140000,Week5/Day 32.csv,69,OK
2026-06-14T10:30:00Z,1.304000,0.000000,0.000000,0.000000,23.420000,78.320000,Week5/Day 33.csv,2,OK
2026-06-14T10:40:00Z,3.332000,0.030000,0.099960,3797.500000,26.470000,97.640000,Week5/Day 33.csv,3,OK
2026-06-14T10:50:00Z,3.740000,0.050000,0.187000,6319.200000,30.580000,80.630000,Week5/Day 33.csv,4,OK
2026-06-14T11:00:00Z,3.776000,0.060000,0.226560,6512.500000,33.270000,74.240000,Week5/Day 33.csv,5,OK
2026-06-14T11:10:00Z,3.752000,0.050000,0.187600,6664.200000,33.190000,74.240000,Week5/Day 33.csv,6,OK
2026-06-14T11:19:00Z,3.504000,0.050000,0.175200,5792.500000,33.450000,71.890000,Week5/Day 33.csv,7,OK
2026-06-14T11:29:00Z,3.308000,0.030000,0.099240,3324.200000,32.730000,74.140000,Week5/Day 33.csv,8,OK
2026-06-14T11:39:00Z,3.416000,0.040000,0.136640,5383.300000,33.020000,72.910000,Week5/Day 33.csv,9,OK
2026-06-14T11:49:00Z,3.380000,0.040000,0.135200,4875.800000,35.410000,65.870000,Week5/Day 33.csv,10,OK
2026-06-14T12:00:00Z,3.372000,0.040000,0.134880,4470.800000,35.460000,66.570000,Week5/Day 33.csv,11,OK
2026-06-14T12:10:00Z,3.392000,0.040000,0.135680,4790.000000,35.900000,62.330000,Week5/Day 33.csv,12,OK
2026-06-14T12:20:00Z,3.408000,0.040000,0.136320,5253.300000,36.040000,64.480000,Week5/Day 33.csv,13,OK
2026-06-14T12:30:00Z,3.408000,0.040000,0.136320,5159.200000,35.580000,65.890000,Week5/Day 33.csv,14,OK
2026-06-14T12:40:00Z,3.416000,0.040000,0.136640,5351.700000,36.880000,63.030000,Week5/Day 33.csv,15,OK
2026-06-14T12:49:00Z,3.580000,0.050000,0.179000,5956.700000,38.220000,57.160000,Week5/Day 33.csv,16,OK
2026-06-14T12:59:00Z,3.668000,0.050000,0.183400,6562.500000,41.660000,50.620000,Week5/Day 33.csv,17,OK
2026-06-14T13:09:00Z,4.104000,0.060000,0.246240,7439.200000,43.520000,46.710000,Week5/Day 33.csv,18,OK
2026-06-14T13:19:00Z,4.896000,0.080000,0.391680,8950.800000,41.410000,51.490000,Week5/Day 33.csv,19,OK
2026-06-14T13:30:00Z,7.808000,0.080000,0.624640,10076.700000,37.390000,54.150000,Week5/Day 33.csv,20,OK
2026-06-14T13:40:00Z,7.848000,0.090000,0.706320,10240.000000,33.960000,63.450000,Week5/Day 33.csv,21,OK
2026-06-14T13:50:00Z,8.312000,0.100000,0.831200,11920.800000,32.190000,68.550000,Week5/Day 33.csv,22,OK
2026-06-14T14:00:00Z,8.528000,0.120000,1.023360,13951.700000,31.450000,69.570000,Week5/Day 33.csv,23,OK
2026-06-14T14:10:00Z,8.224000,0.100000,0.822400,11275.000000,30.160000,75.470000,Week5/Day 33.csv,24,OK
2026-06-14T14:19:00Z,8.252000,0.100000,0.825200,11532.500000,29.910000,80.270000,Week5/Day 33.csv,25,OK
2026-06-14T14:29:00Z,8.312000,0.100000,0.831200,11952.500000,30.050000,77.570000,Week5/Day 33.csv,26,OK
2026-06-14T14:39:00Z,8.560000,0.120000,1.027200,13909.200000,29.110000,80.770000,Week5/Day 33.csv,27,OK
2026-06-14T14:48:00Z,8.592000,0.120000,1.031040,13960.800000,28.330000,84.520000,Week5/Day 33.csv,28,OK
2026-06-14T14:58:00Z,8.536000,0.110000,0.938960,13743.300000,27.730000,85.980000,Week5/Day 33.csv,29,OK
2026-06-14T15:08:00Z,8.788000,0.130000,1.142440,16271.700000,29.200000,86.100000,Week5/Day 33.csv,30,OK
2026-06-14T15:18:00Z,8.952000,0.140000,1.253280,17410.800000,31.170000,76.540000,Week5/Day 33.csv,31,OK
2026-06-14T15:29:00Z,9.052000,0.150000,1.357800,18016.700000,31.120000,76.530000,Week5/Day 33.csv,32,OK
2026-06-14T15:39:00Z,8.672000,0.120000,1.040640,14505.000000,30.690000,78.040000,Week5/Day 33.csv,33,OK
2026-06-14T15:49:00Z,8.280000,0.100000,0.828000,11736.700000,30.050000,83.980000,Week5/Day 33.csv,34,OK
2026-06-14T15:59:00Z,7.792000,0.080000,0.623360,9491.700000,31.320000,78.290000,Week5/Day 33.csv,35,OK
2026-06-14T16:09:00Z,7.676000,0.080000,0.614080,9753.300000,33.230000,74.910000,Week5/Day 33.csv,36,OK
2026-06-14T16:18:00Z,7.836000,0.080000,0.626880,10216.700000,31.730000,73.950000,Week5/Day 33.csv,37,OK
2026-06-14T16:28:00Z,7.920000,0.090000,0.712800,10701.700000,30.440000,78.140000,Week5/Day 33.csv,38,OK
2026-06-14T16:38:00Z,7.940000,0.090000,0.714600,10891.700000,30.070000,80.060000,Week5/Day 33.csv,39,OK
2026-06-14T16:48:00Z,6.764000,0.070000,0.473480,8640.000000,29.690000,79.840000,Week5/Day 33.csv,40,OK
2026-06-14T16:59:00Z,4.080000,0.050000,0.204000,5517.500000,29.390000,79.990000,Week5/Day 33.csv,41,OK
2026-06-14T17:09:00Z,3.628000,0.040000,0.145120,4547.500000,25.930000,93.050000,Week5/Day 33.csv,42,OK
2026-06-14T17:19:00Z,3.724000,0.040000,0.148960,4545.800000,23.230000,100.000000,Week5/Day 33.csv,43,OK
2026-06-14T17:29:00Z,3.540000,0.040000,0.141600,4467.500000,23.260000,100.000000,Week5/Day 33.csv,44,OK
2026-06-14T17:39:00Z,3.392000,0.030000,0.101760,4090.800000,23.260000,100.000000,Week5/Day 33.csv,45,OK
2026-06-14T17:48:00Z,3.328000,0.030000,0.099840,3479.200000,23.300000,100.000000,Week5/Day 33.csv,46,OK
2026-06-14T17:58:00Z,3.288000,0.020000,0.065760,2465.000000,23.210000,100.000000,Week5/Day 33.csv,47,OK
2026-06-14T18:08:00Z,3.276000,0.010000,0.032760,1600.800000,23.190000,100.000000,Week5/Day 33.csv,48,OK
2026-06-14T18:18:00Z,3.252000,0.010000,0.032520,1050.000000,23.070000,100.000000,Week5/Day 33.csv,49,OK
2026-06-14T18:29:00Z,3.044000,0.000000,0.000000,536.700000,23.170000,100.000000,Week5/Day 33.csv,50,OK
2026-06-14T18:39:00Z,2.636000,0.000000,0.000000,269.200000,23.110000,100.000000,Week5/Day 33.csv,51,OK
2026-06-14T18:53:00Z,2.816000,0.000000,0.000000,25.000000,23.320000,100.000000,Week5/Day 33.csv,52,OK
2026-06-14T18:59:00Z,1.780000,0.000000,0.000000,5.000000,23.180000,100.000000,Week5/Day 33.csv,53,OK
2026-06-14T19:15:00Z,0.276000,0.000000,0.000000,0.000000,22.970000,100.000000,Week5/Day 33.csv,54,OK
2026-06-14T19:22:00Z,0.176000,0.000000,0.000000,0.000000,22.890000,100.000000,Week5/Day 33.csv,55,OK
2026-06-14T19:27:00Z,0.168000,0.000000,0.000000,0.000000,22.840000,100.000000,Week5/Day 33.csv,56,OK
2026-06-14T19:43:00Z,0.152000,0.000000,0.000000,0.000000,22.740000,100.000000,Week5/Day 33.csv,57,OK
2026-06-14T19:44:00Z,0.152000,0.000000,0.000000,0.000000,22.760000,100.000000,Week5/Day 33.csv,58,OK
2026-06-14T20:00:00Z,0.156000,0.000000,0.000000,0.000000,22.670000,100.000000,Week5/Day 33.csv,59,OK
2026-06-16T09:27:00Z,2.416000,0.000000,0.000000,45.000000,28.880000,89.150000,Week5/Day 34.csv,2,OK
2026-06-16T09:37:00Z,11.104000,0.380000,4.219520,24818.300000,34.810000,60.850000,Week5/Day 34.csv,3,OK
2026-06-16T09:47:00Z,12.244000,0.550000,6.734200,48870.800000,36.750000,52.700000,Week5/Day 34.csv,4,OK
2026-06-16T09:57:00Z,13.296000,0.550000,7.312800,49488.300000,39.650000,46.350000,Week5/Day 34.csv,5,OK
2026-06-16T16:30:00Z,9.152000,0.090000,0.823680,11092.500000,33.020000,65.520000,Week5/Day 34.csv,6,OK
2026-06-17T10:19:00Z,1.376000,0.000000,0.000000,16.700000,28.640000,87.750000,Week5/Day 35.csv,2,OK
2026-06-17T10:29:00Z,19.196000,0.090000,1.727640,52455.000000,36.900000,59.870000,Week5/Day 35.csv,3,OK
2026-06-17T10:39:00Z,16.224000,0.100000,1.622400,16693.300000,36.640000,58.140000,Week5/Day 35.csv,4,OK
2026-06-17T10:49:00Z,19.124000,0.080000,1.529920,54612.500000,38.040000,49.930000,Week5/Day 35.csv,5,OK
2026-06-17T10:59:00Z,18.676000,0.090000,1.680840,54612.500000,41.370000,43.700000,Week5/Day 35.csv,6,OK
2026-06-17T11:09:00Z,18.556000,0.090000,1.670040,54612.500000,43.510000,38.660000,Week5/Day 35.csv,7,OK
2026-06-17T11:19:00Z,18.596000,0.080000,1.487680,54612.500000,43.740000,35.550000,Week5/Day 35.csv,8,OK
2026-06-17T11:28:00Z,18.572000,0.090000,1.671480,54612.500000,43.810000,40.430000,Week5/Day 35.csv,9,OK
2026-06-17T11:38:00Z,18.248000,0.080000,1.459840,54612.500000,44.300000,35.660000,Week5/Day 35.csv,10,OK
2026-06-17T11:48:00Z,18.584000,0.080000,1.486720,54612.500000,42.870000,40.170000,Week5/Day 35.csv,11,OK
2026-06-17T11:58:00Z,18.460000,0.090000,1.661400,54612.500000,43.620000,38.150000,Week5/Day 35.csv,12,OK
2026-06-17T12:08:00Z,18.320000,0.090000,1.648800,54612.500000,45.440000,34.040000,Week5/Day 35.csv,13,OK
2026-06-17T12:18:00Z,18.212000,0.080000,1.456960,54612.500000,46.840000,31.800000,Week5/Day 35.csv,14,OK
2026-06-17T12:28:00Z,18.240000,0.090000,1.641600,54612.500000,47.280000,31.540000,Week5/Day 35.csv,15,OK
2026-06-17T12:38:00Z,18.156000,0.080000,1.452480,54612.500000,48.140000,31.840000,Week5/Day 35.csv,16,OK
2026-06-17T12:48:00Z,17.692000,0.080000,1.415360,54612.500000,46.480000,33.380000,Week5/Day 35.csv,17,OK
2026-06-17T12:58:00Z,18.808000,0.080000,1.504640,54612.500000,45.160000,36.370000,Week5/Day 35.csv,18,OK
2026-06-17T13:08:00Z,19.192000,0.080000,1.535360,54612.500000,41.220000,43.040000,Week5/Day 35.csv,19,OK
2026-06-17T13:18:00Z,19.268000,0.080000,1.541440,54612.500000,40.660000,42.240000,Week5/Day 35.csv,20,OK
2026-06-17T13:28:00Z,15.620000,0.100000,1.562000,19151.700000,42.040000,42.410000,Week5/Day 35.csv,21,OK
2026-06-17T13:38:00Z,19.308000,0.090000,1.737720,54612.500000,40.000000,46.080000,Week5/Day 35.csv,22,OK
2026-06-17T13:48:00Z,17.656000,0.090000,1.589040,40031.700000,40.340000,43.270000,Week5/Day 35.csv,23,OK
2026-06-17T13:58:00Z,17.348000,0.090000,1.561320,30992.500000,38.760000,47.610000,Week5/Day 35.csv,24,OK
2026-06-17T14:08:00Z,18.972000,0.090000,1.707480,54612.500000,42.430000,42.930000,Week5/Day 35.csv,25,OK
2026-06-17T14:18:00Z,18.748000,0.090000,1.687320,54612.500000,43.480000,36.300000,Week5/Day 35.csv,26,OK
2026-06-17T14:28:00Z,18.732000,0.090000,1.685880,54612.500000,43.480000,37.170000,Week5/Day 35.csv,27,OK
2026-06-17T14:38:00Z,18.700000,0.080000,1.496000,54612.500000,40.460000,42.760000,Week5/Day 35.csv,28,OK
2026-06-17T14:48:00Z,17.668000,0.090000,1.590120,27427.500000,38.650000,46.210000,Week5/Day 35.csv,29,OK
2026-06-17T14:58:00Z,16.328000,0.100000,1.632800,19939.200000,36.980000,47.190000,Week5/Day 35.csv,30,OK
2026-06-17T15:08:00Z,8.048000,0.080000,0.643840,10764.200000,35.330000,52.390000,Week5/Day 35.csv,31,OK
2026-06-17T15:18:00Z,7.196000,0.070000,0.503720,9034.200000,33.270000,57.150000,Week5/Day 35.csv,32,OK
2026-06-17T15:28:00Z,6.388000,0.070000,0.447160,8547.500000,32.490000,60.020000,Week5/Day 35.csv,33,OK
2026-06-17T15:38:00Z,12.232000,0.110000,1.345520,13944.200000,32.460000,61.100000,Week5/Day 35.csv,34,OK
2026-06-17T15:48:00Z,7.276000,0.080000,0.582080,9388.300000,32.440000,62.800000,Week5/Day 35.csv,35,OK
2026-06-17T15:58:00Z,6.748000,0.070000,0.472360,8910.000000,32.380000,61.560000,Week5/Day 35.csv,36,OK
2026-06-17T16:08:00Z,9.980000,0.090000,0.898200,11602.500000,32.790000,63.220000,Week5/Day 35.csv,37,OK
2026-06-17T16:18:00Z,5.840000,0.070000,0.408800,8080.800000,32.680000,61.360000,Week5/Day 35.csv,38,OK
2026-06-17T16:28:00Z,5.976000,0.070000,0.418320,7424.200000,32.150000,63.130000,Week5/Day 35.csv,39,OK
2026-06-17T16:38:00Z,4.216000,0.050000,0.210800,6055.000000,31.720000,64.820000,Week5/Day 35.csv,40,OK
2026-06-17T16:48:00Z,3.832000,0.040000,0.153280,5026.700000,30.860000,66.560000,Week5/Day 35.csv,41,OK
2026-06-17T16:58:00Z,3.740000,0.040000,0.149600,4645.000000,30.590000,67.030000,Week5/Day 35.csv,42,OK
2026-06-17T17:08:00Z,4.396000,0.050000,0.219800,5977.500000,30.550000,66.730000,Week5/Day 35.csv,43,OK
2026-06-17T17:18:00Z,5.180000,0.060000,0.310800,6315.000000,31.230000,67.520000,Week5/Day 35.csv,44,OK
2026-06-17T17:28:00Z,4.040000,0.050000,0.202000,4859.200000,31.180000,68.110000,Week5/Day 35.csv,45,OK
2026-06-17T17:38:00Z,3.348000,0.030000,0.100440,3430.800000,30.670000,67.010000,Week5/Day 35.csv,46,OK
2026-06-17T17:48:00Z,3.332000,0.030000,0.099960,3240.000000,30.090000,71.020000,Week5/Day 35.csv,47,OK
2026-06-17T17:58:00Z,3.324000,0.030000,0.099720,3498.300000,30.120000,70.830000,Week5/Day 35.csv,48,OK
2026-06-17T18:08:00Z,3.268000,0.020000,0.065360,2101.700000,29.710000,70.240000,Week5/Day 35.csv,49,OK
2026-06-17T18:18:00Z,3.260000,0.020000,0.065200,1677.500000,29.260000,72.750000,Week5/Day 35.csv,50,OK
2026-06-17T18:27:00Z,3.240000,0.010000,0.032400,964.200000,28.970000,72.730000,Week5/Day 35.csv,51,OK
2026-06-24T11:28:00Z,2.208000,0.000000,0.000000,55.000000,27.580000,88.190000,Week6/Day 36.csv,2,OK
2026-06-24T11:38:00Z,9.928000,0.710000,7.048880,54612.500000,45.020000,56.680000,Week6/Day 36.csv,3,OK
2026-06-24T11:48:00Z,9.392000,0.530000,4.977760,54612.500000,44.800000,58.150000,Week6/Day 36.csv,4,OK
2026-06-24T11:58:00Z,10.156000,0.800000,8.124800,54612.500000,45.270000,56.030000,Week6/Day 36.csv,5,OK
2026-06-24T12:08:00Z,9.972000,0.750000,7.479000,54612.500000,45.570000,54.860000,Week6/Day 36.csv,6,OK
2026-06-24T12:18:00Z,9.592000,0.610000,5.851120,54612.500000,45.570000,58.450000,Week6/Day 36.csv,7,OK
2026-06-24T12:28:00Z,9.232000,0.480000,4.431360,54612.500000,44.430000,58.780000,Week6/Day 36.csv,8,OK
2026-06-24T12:38:00Z,9.472000,0.560000,5.304320,54612.500000,45.460000,56.970000,Week6/Day 36.csv,9,OK
2026-06-24T12:48:00Z,9.096000,0.430000,3.911280,54612.500000,44.330000,59.800000,Week6/Day 36.csv,10,OK
2026-06-24T12:58:00Z,9.280000,0.500000,4.640000,54612.500000,44.810000,59.300000,Week6/Day 36.csv,11,OK
2026-06-24T13:08:00Z,9.088000,0.430000,3.907840,54612.500000,45.640000,55.900000,Week6/Day 36.csv,12,OK
2026-06-24T13:18:00Z,8.412000,0.220000,1.850640,28268.300000,45.300000,95.250000,Week6/Day 36.csv,13,OK
2026-06-24T13:28:00Z,8.588000,0.260000,2.232880,34146.700000,45.140000,95.460000,Week6/Day 36.csv,14,OK
2026-06-24T13:38:00Z,8.236000,0.170000,1.400120,22373.300000,45.300000,93.540000,Week6/Day 36.csv,15,OK
2026-06-24T13:48:00Z,8.356000,0.210000,1.754760,26983.300000,44.260000,95.430000,Week6/Day 36.csv,16,OK
2026-06-24T13:58:00Z,8.832000,0.340000,3.002880,39169.200000,44.660000,90.140000,Week6/Day 36.csv,17,OK
2026-06-24T14:07:00Z,8.632000,0.280000,2.416960,35253.300000,44.950000,95.280000,Week6/Day 36.csv,18,OK
2026-06-24T14:17:00Z,8.792000,0.330000,2.901360,42697.500000,44.670000,83.600000,Week6/Day 36.csv,19,OK
2026-06-24T14:27:00Z,8.448000,0.230000,1.943040,29382.500000,44.560000,94.150000,Week6/Day 36.csv,20,OK
2026-06-24T14:37:00Z,8.452000,0.230000,1.943960,28843.300000,44.300000,96.520000,Week6/Day 36.csv,21,OK
2026-06-24T14:47:00Z,8.364000,0.210000,1.756440,26232.500000,44.640000,96.380000,Week6/Day 36.csv,22,OK
2026-06-24T14:57:00Z,8.324000,0.190000,1.581560,24203.300000,45.160000,94.490000,Week6/Day 36.csv,23,OK
2026-06-24T15:07:00Z,8.288000,0.180000,1.491840,23179.200000,45.680000,96.460000,Week6/Day 36.csv,24,OK
2026-06-24T15:17:00Z,8.276000,0.180000,1.489680,22980.800000,44.220000,96.600000,Week6/Day 36.csv,25,OK
2026-06-24T15:27:00Z,8.208000,0.170000,1.395360,21557.500000,44.250000,94.070000,Week6/Day 36.csv,26,OK
2026-06-24T15:37:00Z,8.212000,0.160000,1.313920,20500.800000,45.010000,93.290000,Week6/Day 36.csv,27,OK
2026-06-24T15:47:00Z,8.128000,0.140000,1.137920,18388.300000,45.520000,96.870000,Week6/Day 36.csv,28,OK
2026-06-24T15:57:00Z,8.032000,0.120000,0.963840,15807.500000,45.430000,94.450000,Week6/Day 36.csv,29,OK
2026-06-24T16:07:00Z,7.956000,0.110000,0.875160,14048.300000,44.620000,95.900000,Week6/Day 36.csv,30,OK
2026-06-24T16:17:00Z,7.944000,0.110000,0.873840,13540.000000,44.850000,95.670000,Week6/Day 36.csv,31,OK
2026-06-24T16:27:00Z,7.744000,0.090000,0.696960,10994.200000,44.620000,96.510000,Week6/Day 36.csv,32,OK
2026-06-24T16:37:00Z,5.540000,0.060000,0.332400,8112.500000,40.840000,95.940000,Week6/Day 36.csv,33,OK
2026-06-24T16:47:00Z,4.244000,0.050000,0.212200,6430.000000,35.080000,96.890000,Week6/Day 36.csv,34,OK
2026-06-24T16:57:00Z,3.472000,0.030000,0.104160,4354.200000,28.870000,96.090000,Week6/Day 36.csv,35,OK
2026-06-24T17:07:00Z,3.324000,0.030000,0.099720,4026.700000,27.110000,94.450000,Week6/Day 36.csv,36,OK
2026-06-24T17:17:00Z,3.280000,0.030000,0.098400,3465.000000,25.940000,95.270000,Week6/Day 36.csv,37,OK
2026-06-24T17:27:00Z,3.268000,0.020000,0.065360,3036.700000,24.870000,95.460000,Week6/Day 36.csv,38,OK
2026-06-24T17:37:00Z,3.256000,0.020000,0.065120,2604.200000,22.900000,94.780000,Week6/Day 36.csv,39,OK
2026-06-24T17:47:00Z,3.252000,0.020000,0.065040,2339.200000,23.160000,93.160000,Week6/Day 36.csv,40,OK
2026-06-24T17:57:00Z,3.256000,0.020000,0.065120,2170.000000,21.940000,93.430000,Week6/Day 36.csv,41,OK
2026-06-24T18:07:00Z,3.252000,0.010000,0.032520,1522.500000,20.280000,93.580000,Week6/Day 36.csv,42,OK
2026-06-24T18:17:00Z,3.220000,0.010000,0.032200,1004.200000,18.010000,95.540000,Week6/Day 36.csv,43,OK
2026-06-25T10:36:00Z,2.540000,0.000000,0.000000,16.700000,27.520000,91.490000,Week6/Day 37.csv,2,OK
2026-06-25T10:46:00Z,8.900000,0.330000,2.937000,43340.000000,31.200000,78.170000,Week6/Day 37.csv,3,OK
2026-06-25T10:56:00Z,9.132000,0.390000,3.561480,49600.000000,33.470000,70.350000,Week6/Day 37.csv,4,OK
2026-06-25T11:06:00Z,9.200000,0.430000,3.956000,54612.500000,36.040000,61.070000,Week6/Day 37.csv,5,OK
2026-06-25T11:16:00Z,8.712000,0.290000,2.526480,39529.200000,36.570000,55.060000,Week6/Day 37.csv,6,OK
2026-06-25T11:26:00Z,7.796000,0.090000,0.701640,11930.000000,45.490000,96.130000,Week6/Day 37.csv,7,OK
2026-06-25T11:36:00Z,8.200000,0.150000,1.230000,19229.200000,45.060000,95.970000,Week6/Day 37.csv,8,OK
2026-06-25T11:46:00Z,8.332000,0.180000,1.499760,21574.200000,44.440000,94.000000,Week6/Day 37.csv,9,OK
2026-06-25T11:56:00Z,7.488000,0.080000,0.599040,9642.500000,44.310000,95.220000,Week6/Day 37.csv,10,OK
2026-06-25T12:06:00Z,8.152000,0.150000,1.222800,16953.300000,45.460000,95.250000,Week6/Day 37.csv,11,OK
2026-06-25T12:16:00Z,8.328000,0.180000,1.499040,22129.200000,44.600000,95.830000,Week6/Day 37.csv,12,OK
2026-06-25T12:26:00Z,8.260000,0.160000,1.321600,20171.700000,44.580000,95.890000,Week6/Day 37.csv,13,OK
2026-06-25T12:36:00Z,8.440000,0.210000,1.772400,26656.700000,44.880000,78.880000,Week6/Day 37.csv,14,OK
2026-06-25T12:46:00Z,8.440000,0.210000,1.772400,27470.800000,28.100000,94.510000,Week6/Day 37.csv,15,OK
2026-06-25T12:56:00Z,8.392000,0.200000,1.678400,25854.200000,44.270000,72.650000,Week6/Day 37.csv,16,OK
2026-06-25T13:06:00Z,8.476000,0.220000,1.864720,29685.000000,45.520000,83.870000,Week6/Day 37.csv,17,OK
2026-06-25T13:16:00Z,8.628000,0.260000,2.243280,34095.800000,28.840000,85.390000,Week6/Day 37.csv,18,OK
2026-06-25T13:25:00Z,9.072000,0.390000,3.538080,50784.200000,31.220000,77.950000,Week6/Day 37.csv,19,OK
2026-06-25T13:35:00Z,8.844000,0.330000,2.918520,42680.000000,34.900000,64.140000,Week6/Day 37.csv,20,OK
2026-06-25T13:45:00Z,9.908000,0.660000,6.539280,54612.500000,37.140000,53.650000,Week6/Day 37.csv,21,OK
2026-06-25T13:55:00Z,9.324000,0.460000,4.289040,54612.500000,39.020000,49.760000,Week6/Day 37.csv,22,OK
2026-06-25T14:05:00Z,8.988000,0.370000,3.325560,50019.200000,39.480000,50.270000,Week6/Day 37.csv,23,OK
2026-06-25T14:15:00Z,9.784000,0.630000,6.163920,54612.500000,45.430000,100.000000,Week6/Day 37.csv,24,OK
2026-06-25T14:25:00Z,8.828000,0.340000,3.001520,45941.700000,40.840000,47.120000,Week6/Day 37.csv,25,OK
2026-06-25T14:35:00Z,8.632000,0.270000,2.330640,36080.000000,41.340000,46.240000,Week6/Day 37.csv,26,OK
2026-06-25T14:45:00Z,8.588000,0.260000,2.232880,47035.800000,39.220000,51.540000,Week6/Day 37.csv,27,OK
2026-06-25T14:55:00Z,8.196000,0.160000,1.311360,21000.000000,37.320000,53.390000,Week6/Day 37.csv,28,OK
2026-06-25T15:05:00Z,8.024000,0.130000,1.043120,17120.000000,34.790000,61.640000,Week6/Day 37.csv,29,OK
2026-06-25T15:15:00Z,7.816000,0.100000,0.781600,12400.000000,44.830000,94.520000,Week6/Day 37.csv,30,OK
2026-06-25T15:25:00Z,7.876000,0.100000,0.787600,12340.000000,45.590000,96.600000,Week6/Day 37.csv,31,OK
2026-06-25T15:35:00Z,8.036000,0.130000,1.044680,16933.300000,32.760000,71.360000,Week6/Day 37.csv,32,OK
2026-06-25T15:45:00Z,7.976000,0.110000,0.877360,13995.000000,44.570000,61.960000,Week6/Day 37.csv,33,OK
2026-06-25T15:55:00Z,7.840000,0.100000,0.784000,12485.800000,44.210000,96.070000,Week6/Day 37.csv,34,OK
2026-06-25T16:05:00Z,7.912000,0.110000,0.870320,13223.300000,30.790000,87.050000,Week6/Day 37.csv,35,OK
2026-06-25T16:15:00Z,7.956000,0.120000,0.954720,14623.300000,31.430000,73.720000,Week6/Day 37.csv,36,OK
2026-06-25T16:35:00Z,6.024000,0.070000,0.421680,7880.000000,31.240000,88.570000,Week6/Day 37.csv,38,OK
2026-06-25T16:45:00Z,5.508000,0.060000,0.330480,7579.200000,37.990000,96.260000,Week6/Day 37.csv,39,OK
2026-06-25T16:55:00Z,4.380000,0.050000,0.219000,6344.200000,34.580000,94.390000,Week6/Day 37.csv,40,OK
2026-06-25T17:05:00Z,4.996000,0.060000,0.299760,6935.800000,29.990000,77.580000,Week6/Day 37.csv,41,OK
2026-06-25T17:15:00Z,4.368000,0.050000,0.218400,6455.800000,34.330000,94.190000,Week6/Day 37.csv,42,OK
2026-06-25T17:25:00Z,4.472000,0.050000,0.223600,6612.500000,29.600000,85.430000,Week6/Day 37.csv,43,OK
2026-06-25T17:35:00Z,3.388000,0.030000,0.101640,4314.200000,28.410000,96.750000,Week6/Day 37.csv,44,OK
2026-06-25T17:45:00Z,3.276000,0.030000,0.098280,3205.800000,25.060000,94.050000,Week6/Day 37.csv,45,OK
2026-06-25T17:55:00Z,3.260000,0.020000,0.065200,2835.800000,23.980000,94.540000,Week6/Day 37.csv,46,OK
2026-06-25T18:05:00Z,3.256000,0.020000,0.065120,2127.500000,22.100000,100.000000,Week6/Day 37.csv,47,OK
2026-06-25T18:15:00Z,3.252000,0.010000,0.032520,1853.300000,21.230000,100.000000,Week6/Day 37.csv,48,OK
2026-06-25T18:25:00Z,3.240000,0.010000,0.032400,1179.200000,19.670000,93.100000,Week6/Day 37.csv,49,OK
2026-06-25T18:35:00Z,3.116000,0.000000,0.000000,590.800000,18.030000,95.200000,Week6/Day 37.csv,50,OK
2026-06-25T18:45:00Z,2.588000,0.000000,0.000000,215.800000,18.280000,100.000000,Week6/Day 37.csv,51,OK
2026-06-26T09:42:00Z,2.384000,0.000000,0.000000,81.700000,18.360000,94.560000,Week6/Day 38.csv,2,OK
2026-06-26T09:52:00Z,8.512000,0.200000,1.702400,26220.000000,44.450000,68.200000,Week6/Day 38.csv,3,OK
2026-06-26T10:02:00Z,8.936000,0.330000,2.948880,41622.500000,44.590000,84.850000,Week6/Day 38.csv,4,OK
2026-06-26T10:12:00Z,9.332000,0.460000,4.292720,54188.300000,34.460000,61.790000,Week6/Day 38.csv,5,OK
2026-06-26T10:22:00Z,9.544000,0.540000,5.153760,54612.500000,38.550000,50.290000,Week6/Day 38.csv,6,OK
2026-06-26T10:32:00Z,8.128000,0.150000,1.219200,18614.200000,37.050000,50.370000,Week6/Day 38.csv,7,OK
2026-06-26T10:42:00Z,5.924000,0.070000,0.414680,7879.200000,38.980000,96.990000,Week6/Day 38.csv,8,OK
2026-06-26T10:52:00Z,8.028000,0.120000,0.963360,15329.200000,45.700000,93.330000,Week6/Day 38.csv,9,OK
2026-06-26T11:02:00Z,8.592000,0.260000,2.233920,33369.200000,44.280000,94.110000,Week6/Day 38.csv,10,OK
2026-06-26T11:12:00Z,8.520000,0.240000,2.044800,31695.000000,31.390000,88.630000,Week6/Day 38.csv,11,OK
2026-06-26T11:22:00Z,8.852000,0.330000,2.921160,42485.800000,32.770000,70.650000,Week6/Day 38.csv,12,OK
2026-06-26T11:32:00Z,9.460000,0.500000,4.730000,54612.500000,36.640000,62.950000,Week6/Day 38.csv,13,OK
2026-06-26T11:42:00Z,9.420000,0.500000,4.710000,54612.500000,39.480000,46.820000,Week6/Day 38.csv,14,OK
2026-06-26T11:52:00Z,8.804000,0.330000,2.905320,42543.300000,39.560000,48.690000,Week6/Day 38.csv,15,OK
2026-06-26T12:02:00Z,9.200000,0.460000,4.232000,54612.500000,39.970000,44.770000,Week6/Day 38.csv,16,OK
2026-06-26T12:12:00Z,9.868000,0.660000,6.512880,54612.500000,41.100000,49.910000,Week6/Day 38.csv,17,OK
2026-06-26T12:22:00Z,9.564000,0.590000,5.642760,54612.500000,41.220000,43.690000,Week6/Day 38.csv,18,OK
2026-06-26T12:32:00Z,9.060000,0.420000,3.805200,54612.500000,42.010000,43.670000,Week6/Day 38.csv,19,OK
2026-06-26T12:42:00Z,8.904000,0.380000,3.383520,49184.200000,42.500000,38.620000,Week6/Day 38.csv,20,OK
2026-06-26T12:52:00Z,8.520000,0.250000,2.130000,34200.000000,39.780000,46.170000,Week6/Day 38.csv,21,OK
2026-06-26T13:02:00Z,8.900000,0.360000,3.204000,47079.200000,38.930000,46.000000,Week6/Day 38.csv,22,OK
2026-06-26T13:12:00Z,8.936000,0.380000,3.395680,49316.700000,39.740000,45.230000,Week6/Day 38.csv,23,OK
2026-06-26T13:22:00Z,9.104000,0.430000,3.914720,54612.500000,39.650000,44.530000,Week6/Day 38.csv,24,OK
2026-06-26T13:32:00Z,9.524000,0.570000,5.428680,54612.500000,41.030000,42.410000,Week6/Day 38.csv,25,OK
2026-06-26T13:42:00Z,9.012000,0.400000,3.604800,51294.200000,41.040000,41.590000,Week6/Day 38.csv,26,OK
2026-06-26T13:52:00Z,9.364000,0.530000,4.962920,54612.500000,40.780000,42.850000,Week6/Day 38.csv,27,OK
2026-06-26T14:17:00Z,9.496000,0.570000,5.412720,54612.500000,43.290000,37.940000,Week6/Day 38.csv,28,OK
2026-06-26T14:27:00Z,9.272000,0.500000,4.636000,54612.500000,42.800000,40.740000,Week6/Day 38.csv,29,OK
2026-06-26T14:52:00Z,8.372000,0.210000,1.758120,36265.000000,39.000000,46.840000,Week6/Day 38.csv,30,OK
2026-06-26T15:16:00Z,8.112000,0.150000,1.216800,19178.300000,35.740000,56.830000,Week6/Day 38.csv,31,OK
2026-06-26T15:53:00Z,7.888000,0.100000,0.788800,12967.500000,33.440000,66.680000,Week6/Day 38.csv,32,OK
2026-06-26T17:20:00Z,3.340000,0.030000,0.100200,4187.500000,29.740000,77.130000,Week6/Day 38.csv,33,OK
2026-06-26T18:18:00Z,3.252000,0.010000,0.032520,1633.300000,28.070000,87.050000,Week6/Day 38.csv,34,OK
2026-06-27T00:01:00Z,0.156000,0.000000,0.000000,0.000000,24.910000,100.000000,Week6/Day 38.csv,35,OK
2026-06-27T00:19:00Z,0.156000,0.000000,0.000000,0.000000,24.810000,100.000000,Week6/Day 38.csv,36,OK
2026-06-28T10:01:00Z,7.916000,0.090000,0.712440,11359.200000,44.260000,95.970000,Week6/Day 39.csv,3,OK
2026-06-28T10:11:00Z,8.036000,0.120000,0.964320,16037.500000,45.400000,93.160000,Week6/Day 39.csv,4,OK
2026-06-28T10:21:00Z,7.608000,0.080000,0.608640,9808.300000,44.300000,95.800000,Week6/Day 39.csv,5,OK
2026-06-28T10:31:00Z,8.636000,0.240000,2.072640,33141.700000,45.710000,93.000000,Week6/Day 39.csv,6,OK
2026-06-28T10:41:00Z,8.524000,0.210000,1.790040,29307.500000,45.720000,95.300000,Week6/Day 39.csv,7,OK
2026-06-28T10:51:00Z,8.816000,0.300000,2.644800,45118.300000,44.850000,79.090000,Week6/Day 39.csv,8,OK
2026-06-28T11:01:00Z,8.584000,0.240000,2.060160,32693.300000,45.750000,95.700000,Week6/Day 39.csv,9,OK
2026-06-28T11:11:00Z,8.028000,0.110000,0.883080,15173.300000,45.140000,96.040000,Week6/Day 39.csv,10,OK
2026-06-28T11:21:00Z,6.824000,0.070000,0.477680,9397.500000,43.920000,96.940000,Week6/Day 39.csv,11,OK
2026-06-28T11:31:00Z,4.460000,0.050000,0.223000,7802.500000,27.710000,83.130000,Week6/Day 39.csv,12,OK
2026-06-28T11:41:00Z,7.972000,0.110000,0.876920,14965.800000,27.570000,82.840000,Week6/Day 39.csv,13,OK
2026-06-28T11:51:00Z,8.068000,0.120000,0.968160,14880.000000,45.350000,93.990000,Week6/Day 39.csv,14,OK
2026-06-28T12:01:00Z,8.328000,0.170000,1.415760,21345.000000,27.550000,89.550000,Week6/Day 39.csv,15,OK
2026-06-28T12:11:00Z,8.500000,0.230000,1.955000,28880.800000,45.760000,93.170000,Week6/Day 39.csv,16,OK
2026-06-28T12:21:00Z,8.600000,0.250000,2.150000,30385.800000,45.590000,94.080000,Week6/Day 39.csv,17,OK
2026-06-28T12:31:00Z,8.336000,0.180000,1.500480,21358.300000,45.540000,100.000000,Week6/Day 39.csv,18,OK
2026-06-28T12:41:00Z,8.056000,0.120000,0.966720,14964.200000,44.410000,95.680000,Week6/Day 39.csv,19,OK
2026-06-28T12:51:00Z,8.128000,0.140000,1.137920,18055.800000,45.360000,94.750000,Week6/Day 39.csv,20,OK
2026-06-28T13:01:00Z,8.300000,0.170000,1.411000,21490.800000,44.400000,96.410000,Week6/Day 39.csv,21,OK
2026-06-28T13:20:00Z,8.388000,0.190000,1.593720,25255.000000,44.490000,87.060000,Week6/Day 39.csv,23,OK
2026-06-28T13:30:00Z,8.400000,0.200000,1.680000,26680.800000,44.960000,93.280000,Week6/Day 39.csv,24,OK
2026-06-28T13:40:00Z,8.456000,0.210000,1.775760,26741.700000,31.250000,72.640000,Week6/Day 39.csv,25,OK
2026-06-28T13:50:00Z,8.348000,0.190000,1.586120,24874.200000,45.020000,96.150000,Week6/Day 39.csv,26,OK
2026-06-28T14:00:00Z,8.332000,0.180000,1.499760,24088.300000,45.060000,88.620000,Week6/Day 39.csv,27,OK
2026-06-28T14:10:00Z,8.544000,0.230000,1.965120,30594.200000,44.910000,68.470000,Week6/Day 39.csv,28,OK
2026-06-28T14:20:00Z,8.244000,0.170000,1.401480,21862.500000,45.270000,100.000000,Week6/Day 39.csv,29,OK
2026-06-28T14:30:00Z,7.612000,0.080000,0.608960,9388.300000,44.110000,94.560000,Week6/Day 39.csv,30,OK
2026-06-28T14:40:00Z,4.228000,0.050000,0.211400,6498.300000,35.270000,95.650000,Week6/Day 39.csv,31,OK
2026-06-28T14:50:00Z,8.004000,0.110000,0.880440,13753.300000,45.560000,94.980000,Week6/Day 39.csv,32,OK
2026-06-28T15:00:00Z,8.092000,0.130000,1.051960,14932.500000,45.740000,95.960000,Week6/Day 39.csv,33,OK
2026-06-28T15:10:00Z,8.104000,0.130000,1.053520,16410.800000,45.150000,96.340000,Week6/Day 39.csv,34,OK
2026-06-28T15:20:00Z,4.216000,0.050000,0.210800,5410.000000,32.230000,93.290000,Week6/Day 39.csv,35,OK
2026-06-28T15:30:00Z,8.088000,0.130000,1.051440,15920.800000,45.440000,93.090000,Week6/Day 39.csv,36,OK
2026-06-28T15:40:00Z,8.068000,0.120000,0.968160,16355.800000,44.870000,93.130000,Week6/Day 39.csv,37,OK
2026-06-28T15:50:00Z,6.040000,0.070000,0.422800,8976.700000,42.430000,95.240000,Week6/Day 39.csv,38,OK
2026-06-28T16:00:00Z,8.052000,0.120000,0.966240,14914.200000,45.600000,96.000000,Week6/Day 39.csv,39,OK
2026-06-28T16:10:00Z,6.816000,0.070000,0.477120,9145.800000,43.560000,93.880000,Week6/Day 39.csv,40,OK
2026-06-28T16:20:00Z,7.820000,0.090000,0.703800,11738.300000,44.360000,94.040000,Week6/Day 39.csv,41,OK
2026-06-28T16:30:00Z,3.652000,0.040000,0.146080,4388.300000,28.370000,95.600000,Week6/Day 39.csv,42,OK
2026-06-28T16:40:00Z,3.300000,0.030000,0.099000,3893.300000,27.030000,93.400000,Week6/Day 39.csv,43,OK
2026-06-28T16:50:00Z,3.748000,0.050000,0.187400,7566.700000,38.710000,94.710000,Week6/Day 39.csv,44,OK
2026-06-28T17:00:00Z,3.240000,0.010000,0.032400,1031.700000,19.380000,94.690000,Week6/Day 39.csv,45,OK
2026-06-28T17:10:00Z,3.976000,0.060000,0.238560,7807.500000,39.170000,96.940000,Week6/Day 39.csv,46,OK
2026-06-28T17:20:00Z,3.972000,0.060000,0.238320,7510.800000,38.380000,93.120000,Week6/Day 39.csv,47,OK
2026-06-28T17:30:00Z,4.056000,0.060000,0.243360,8053.300000,40.430000,96.410000,Week6/Day 39.csv,48,OK
2026-06-28T17:40:00Z,3.340000,0.040000,0.133600,5079.200000,30.160000,93.140000,Week6/Day 39.csv,49,OK
2026-06-28T17:50:00Z,3.268000,0.020000,0.065360,2105.800000,21.740000,95.730000,Week6/Day 39.csv,50,OK
2026-06-28T18:00:00Z,3.240000,0.010000,0.032400,1004.200000,18.850000,93.510000,Week6/Day 39.csv,51,OK
2026-06-28T18:10:00Z,3.280000,0.010000,0.032800,1380.000000,23.980000,100.000000,Week6/Day 39.csv,52,OK
2026-06-28T18:20:00Z,3.272000,0.010000,0.032720,1130.000000,24.220000,100.000000,Week6/Day 39.csv,53,OK
2026-06-28T18:30:00Z,3.276000,0.010000,0.032760,1147.500000,24.290000,100.000000,Week6/Day 39.csv,54,OK
2026-06-29T08:26:00Z,2.188000,0.000000,0.000000,5.800000,26.610000,96.760000,Week6/Day 40.csv,2,OK
2026-06-29T08:36:00Z,4.644000,0.070000,0.325080,8927.500000,42.060000,93.330000,Week6/Day 40.csv,3,OK
2026-06-29T08:46:00Z,7.740000,0.080000,0.619200,10336.700000,45.090000,93.490000,Week6/Day 40.csv,4,OK
2026-06-29T08:56:00Z,7.928000,0.090000,0.713520,12469.200000,44.820000,94.080000,Week6/Day 40.csv,5,OK
2026-06-29T09:06:00Z,7.956000,0.100000,0.795600,14187.500000,44.850000,96.520000,Week6/Day 40.csv,6,OK
2026-06-29T09:16:00Z,8.116000,0.130000,1.055080,17837.500000,45.030000,94.130000,Week6/Day 40.csv,7,OK
2026-06-29T09:26:00Z,8.844000,0.280000,2.476320,32476.700000,44.660000,94.220000,Week6/Day 40.csv,8,OK
2026-06-29T09:36:00Z,8.224000,0.150000,1.233600,22142.500000,44.930000,96.130000,Week6/Day 40.csv,9,OK
2026-06-29T09:46:00Z,8.488000,0.210000,1.782480,29591.700000,45.280000,94.110000,Week6/Day 40.csv,10,OK
2026-06-29T09:56:00Z,8.796000,0.310000,2.726760,39751.700000,44.210000,89.190000,Week6/Day 40.csv,11,OK
2026-06-29T10:06:00Z,8.052000,0.120000,0.966240,15109.200000,45.670000,93.110000,Week6/Day 40.csv,12,OK
2026-06-29T10:16:00Z,8.436000,0.210000,1.771560,27418.300000,45.470000,100.000000,Week6/Day 40.csv,13,OK
2026-06-29T10:26:00Z,8.376000,0.200000,1.675200,25420.000000,45.140000,96.650000,Week6/Day 40.csv,14,OK
2026-06-29T10:36:00Z,10.100000,0.760000,7.676000,54612.500000,45.070000,57.790000,Week6/Day 40.csv,15,OK
2026-06-29T10:46:00Z,10.000000,0.740000,7.400000,44470.000000,45.090000,75.790000,Week6/Day 40.csv,16,OK
2026-06-29T10:56:00Z,8.368000,0.220000,1.840960,26345.800000,37.760000,96.770000,Week6/Day 40.csv,17,OK
2026-06-29T11:06:00Z,8.232000,0.180000,1.481760,23779.200000,36.540000,95.130000,Week6/Day 40.csv,18,OK
2026-06-29T11:16:00Z,8.200000,0.150000,1.230000,20373.300000,45.040000,94.940000,Week6/Day 40.csv,19,OK
2026-06-29T11:26:00Z,7.988000,0.120000,0.958560,16032.500000,45.080000,93.890000,Week6/Day 40.csv,20,OK
2026-06-29T11:36:00Z,8.008000,0.110000,0.880880,14758.300000,45.460000,95.370000,Week6/Day 40.csv,21,OK
2026-06-29T11:46:00Z,8.180000,0.150000,1.227000,21375.000000,45.020000,94.520000,Week6/Day 40.csv,22,OK
2026-06-29T11:56:00Z,8.512000,0.240000,2.042880,32988.300000,44.780000,96.790000,Week6/Day 40.csv,23,OK
2026-06-29T12:05:00Z,7.904000,0.110000,0.869440,14472.500000,44.900000,95.260000,Week6/Day 40.csv,24,OK
2026-06-29T12:15:00Z,7.756000,0.090000,0.698040,11247.500000,44.900000,95.740000,Week6/Day 40.csv,25,OK
2026-06-29T12:25:00Z,7.892000,0.100000,0.789200,12944.200000,45.150000,96.840000,Week6/Day 40.csv,26,OK
2026-06-29T12:35:00Z,8.392000,0.200000,1.678400,26876.700000,44.820000,95.220000,Week6/Day 40.csv,27,OK
2026-06-29T12:45:00Z,8.696000,0.300000,2.608800,37413.300000,44.590000,93.640000,Week6/Day 40.csv,28,OK
2026-06-29T12:55:00Z,8.980000,0.370000,3.322600,46188.300000,45.570000,73.450000,Week6/Day 40.csv,29,OK
2026-06-29T13:05:00Z,9.276000,0.480000,4.452480,54612.500000,44.400000,57.070000,Week6/Day 40.csv,30,OK
2026-06-29T13:15:00Z,8.328000,0.190000,1.582320,24405.000000,44.790000,93.390000,Week6/Day 40.csv,31,OK
2026-06-29T13:25:00Z,8.108000,0.130000,1.054040,17700.800000,44.310000,94.520000,Week6/Day 40.csv,32,OK
2026-06-29T13:35:00Z,7.724000,0.090000,0.695160,12414.200000,44.220000,100.000000,Week6/Day 40.csv,33,OK
2026-06-29T13:45:00Z,5.316000,0.060000,0.318960,8200.800000,40.600000,93.590000,Week6/Day 40.csv,34,OK
2026-06-29T13:55:00Z,3.308000,0.030000,0.099240,4264.200000,28.200000,94.440000,Week6/Day 40.csv,35,OK
2026-06-29T14:05:00Z,4.316000,0.050000,0.215800,7380.800000,37.460000,95.680000,Week6/Day 40.csv,36,OK
2026-06-29T14:15:00Z,4.508000,0.050000,0.225400,7575.000000,38.760000,93.260000,Week6/Day 40.csv,37,OK
2026-06-29T14:25:00Z,7.736000,0.080000,0.618880,11355.000000,44.850000,94.810000,Week6/Day 40.csv,38,OK
2026-06-29T14:35:00Z,4.076000,0.050000,0.203800,6485.000000,35.760000,93.210000,Week6/Day 40.csv,39,OK
2026-06-29T14:45:00Z,3.292000,0.020000,0.065840,3181.700000,24.740000,96.660000,Week6/Day 40.csv,40,OK
2026-06-29T14:55:00Z,3.452000,0.050000,0.172600,6996.700000,36.700000,94.350000,Week6/Day 40.csv,41,OK
2026-06-29T15:05:00Z,3.304000,0.030000,0.099120,3965.800000,26.960000,95.520000,Week6/Day 40.csv,42,OK
2026-06-29T15:15:00Z,3.284000,0.020000,0.065680,2689.200000,23.850000,96.540000,Week6/Day 40.csv,43,OK
2026-06-29T15:25:00Z,3.332000,0.030000,0.099960,4965.800000,30.070000,96.350000,Week6/Day 40.csv,44,OK
2026-06-29T15:35:00Z,3.352000,0.040000,0.134080,5111.700000,30.290000,95.040000,Week6/Day 40.csv,45,OK
2026-06-29T15:45:00Z,3.284000,0.020000,0.065680,2837.500000,23.470000,94.550000,Week6/Day 40.csv,46,OK
2026-06-29T15:55:00Z,3.312000,0.030000,0.099360,4032.500000,28.100000,95.670000,Week6/Day 40.csv,47,OK
2026-06-29T16:05:00Z,3.292000,0.020000,0.065840,3129.200000,25.210000,95.550000,Week6/Day 40.csv,48,OK
2026-06-29T16:15:00Z,3.312000,0.030000,0.099360,3850.800000,26.580000,95.440000,Week6/Day 40.csv,49,OK
2026-06-29T16:25:00Z,3.288000,0.020000,0.065760,2591.700000,23.670000,94.690000,Week6/Day 40.csv,50,OK
2026-06-29T16:35:00Z,3.288000,0.010000,0.032880,2270.000000,22.960000,96.500000,Week6/Day 40.csv,51,OK
2026-06-29T16:45:00Z,3.280000,0.010000,0.032800,1587.500000,20.530000,96.620000,Week6/Day 40.csv,52,OK
2026-06-29T16:55:00Z,3.288000,0.010000,0.032880,2194.200000,21.770000,93.210000,Week6/Day 40.csv,53,OK
2026-06-29T17:05:00Z,3.288000,0.010000,0.032880,2266.700000,21.690000,94.060000,Week6/Day 40.csv,54,OK
2026-06-29T17:15:00Z,3.212000,0.010000,0.032120,1008.300000,18.160000,95.260000,Week6/Day 40.csv,55,OK
2026-06-29T17:25:00Z,3.196000,0.010000,0.031960,911.700000,17.810000,95.340000,Week6/Day 40.csv,56,OK
2026-06-29T17:35:00Z,3.292000,0.010000,0.032920,2037.500000,21.450000,94.710000,Week6/Day 40.csv,57,OK
2026-06-29T17:45:00Z,3.276000,0.010000,0.032760,1225.000000,18.840000,96.530000,Week6/Day 40.csv,58,OK
2026-06-29T17:55:00Z,3.192000,0.010000,0.031920,788.300000,18.670000,94.220000,Week6/Day 40.csv,59,OK
2026-06-29T18:05:00Z,3.196000,0.010000,0.031960,819.200000,18.800000,95.890000,Week6/Day 40.csv,60,OK
2026-06-29T18:15:00Z,3.240000,0.010000,0.032400,1011.700000,18.810000,94.530000,Week6/Day 40.csv,61,OK
2026-06-29T18:24:00Z,2.864000,0.000000,0.000000,465.000000,17.690000,94.430000,Week6/Day 40.csv,62,OK
2026-07-01T07:19:00Z,0.428000,0.000000,0.000000,1.700000,25.700000,100.000000,Week6/Day 41.csv,2,OK
2026-07-01T07:29:00Z,3.460000,0.040000,0.138400,5744.200000,33.530000,94.480000,Week6/Day 41.csv,3,OK
2026-07-01T07:39:00Z,3.440000,0.040000,0.137600,5328.300000,32.420000,95.590000,Week6/Day 41.csv,4,OK
2026-07-01T07:49:00Z,3.356000,0.030000,0.100680,3606.700000,26.020000,96.610000,Week6/Day 41.csv,5,OK
2026-07-01T07:59:00Z,3.336000,0.020000,0.066720,3054.200000,24.910000,95.890000,Week6/Day 41.csv,6,OK
2026-07-01T08:09:00Z,3.456000,0.040000,0.138240,5630.800000,32.100000,94.780000,Week6/Day 41.csv,7,OK
2026-07-01T08:19:00Z,4.500000,0.070000,0.315000,9300.000000,42.870000,94.320000,Week6/Day 41.csv,8,OK
2026-07-01T08:29:00Z,4.556000,0.070000,0.318920,9060.800000,43.210000,96.130000,Week6/Day 41.csv,9,OK
2026-07-01T08:39:00Z,8.220000,0.130000,1.068600,16300.000000,44.400000,93.670000,Week6/Day 41.csv,10,OK
2026-07-01T08:49:00Z,8.268000,0.140000,1.157520,16898.300000,45.000000,93.620000,Week6/Day 41.csv,11,OK
2026-07-01T08:59:00Z,8.332000,0.160000,1.333120,20739.200000,45.510000,94.900000,Week6/Day 41.csv,12,OK
2026-07-01T09:09:00Z,8.288000,0.160000,1.326080,20106.700000,45.270000,95.230000,Week6/Day 41.csv,13,OK
2026-07-01T09:19:00Z,8.188000,0.140000,1.146320,17920.000000,45.050000,95.340000,Week6/Day 41.csv,14,OK
2026-07-01T09:29:00Z,8.424000,0.170000,1.432080,22133.300000,45.530000,95.590000,Week6/Day 41.csv,15,OK
2026-07-01T09:39:00Z,8.568000,0.210000,1.799280,26840.800000,45.580000,94.960000,Week6/Day 41.csv,16,OK
2026-07-01T09:49:00Z,8.020000,0.110000,0.882200,13590.000000,45.210000,94.730000,Week6/Day 41.csv,17,OK
2026-07-01T09:59:00Z,8.148000,0.140000,1.140720,18051.700000,45.440000,95.330000,Week6/Day 41.csv,18,OK
2026-07-01T10:08:00Z,8.008000,0.110000,0.880880,13450.800000,45.690000,95.510000,Week6/Day 41.csv,19,OK
2026-07-01T10:18:00Z,8.300000,0.160000,1.328000,21921.700000,44.600000,94.970000,Week6/Day 41.csv,20,OK
2026-07-01T10:28:00Z,8.068000,0.120000,0.968160,15940.800000,45.510000,95.770000,Week6/Day 41.csv,21,OK
2026-07-01T10:38:00Z,3.356000,0.040000,0.134240,5951.700000,33.440000,95.570000,Week6/Day 41.csv,22,OK
2026-07-01T10:48:00Z,3.336000,0.030000,0.100080,4661.700000,29.590000,96.150000,Week6/Day 41.csv,23,OK
2026-07-01T10:58:00Z,7.944000,0.100000,0.794400,14036.700000,45.100000,96.060000,Week6/Day 41.csv,24,OK
2026-07-01T11:08:00Z,7.952000,0.100000,0.795200,13833.300000,44.940000,93.710000,Week6/Day 41.csv,25,OK
2026-07-01T11:18:00Z,7.680000,0.080000,0.614400,10812.500000,44.300000,94.030000,Week6/Day 41.csv,26,OK
2026-07-01T11:28:00Z,4.320000,0.050000,0.216000,7504.200000,38.540000,94.950000,Week6/Day 41.csv,27,OK
2026-07-01T11:38:00Z,7.420000,0.080000,0.593600,10770.000000,45.790000,96.530000,Week6/Day 41.csv,28,OK
2026-07-01T11:48:00Z,7.832000,0.090000,0.704880,11800.800000,45.570000,93.590000,Week6/Day 41.csv,29,OK
2026-07-01T11:58:00Z,8.672000,0.240000,2.081280,30896.700000,45.060000,93.040000,Week6/Day 41.csv,30,OK
2026-07-01T12:08:00Z,8.908000,0.320000,2.850560,39279.200000,45.340000,89.720000,Week6/Day 41.csv,31,OK
2026-07-01T12:18:00Z,8.980000,0.350000,3.143000,43605.800000,44.250000,80.600000,Week6/Day 41.csv,32,OK
2026-07-01T12:28:00Z,8.908000,0.330000,2.939640,41369.200000,45.720000,84.400000,Week6/Day 41.csv,33,OK
2026-07-01T12:38:00Z,8.584000,0.250000,2.146000,30764.200000,45.060000,94.720000,Week6/Day 41.csv,34,OK
2026-07-01T12:48:00Z,8.620000,0.250000,2.155000,31201.700000,45.750000,96.320000,Week6/Day 41.csv,35,OK
2026-07-01T12:58:00Z,8.688000,0.270000,2.345760,33562.500000,44.610000,94.470000,Week6/Day 41.csv,36,OK
2026-07-01T13:08:00Z,8.672000,0.280000,2.428160,35200.000000,45.420000,94.670000,Week6/Day 41.csv,37,OK
2026-07-01T13:28:00Z,7.928000,0.100000,0.792800,13644.200000,44.980000,94.060000,Week6/Day 41.csv,39,OK
2026-07-01T13:38:00Z,7.644000,0.080000,0.611520,11307.500000,44.230000,93.640000,Week6/Day 41.csv,40,OK
2026-07-01T13:48:00Z,7.692000,0.080000,0.615360,10539.200000,45.190000,96.130000,Week6/Day 41.csv,41,OK
2026-07-01T13:58:00Z,4.104000,0.050000,0.205200,5829.200000,32.780000,93.120000,Week6/Day 41.csv,42,OK
2026-07-01T14:08:00Z,8.016000,0.110000,0.881760,14937.500000,44.350000,94.370000,Week6/Day 41.csv,43,OK
2026-07-01T14:18:00Z,8.136000,0.140000,1.139040,17858.300000,44.730000,93.010000,Week6/Day 41.csv,44,OK
2026-07-01T14:28:00Z,7.916000,0.100000,0.791600,12338.300000,44.320000,95.060000,Week6/Day 41.csv,45,OK
2026-07-01T14:38:00Z,3.664000,0.040000,0.146560,5077.500000,31.530000,93.320000,Week6/Day 41.csv,46,OK
2026-07-01T14:48:00Z,7.984000,0.110000,0.878240,15494.200000,44.490000,96.020000,Week6/Day 41.csv,47,OK
2026-07-01T14:58:00Z,8.144000,0.140000,1.140160,17942.500000,44.320000,93.560000,Week6/Day 41.csv,48,OK
2026-07-01T15:08:00Z,8.080000,0.130000,1.050400,15757.500000,45.280000,93.670000,Week6/Day 41.csv,49,OK
2026-07-01T15:18:00Z,7.824000,0.090000,0.704160,10809.200000,44.510000,96.710000,Week6/Day 41.csv,50,OK
2026-07-01T15:28:00Z,8.016000,0.120000,0.961920,16474.200000,44.810000,96.050000,Week6/Day 41.csv,51,OK
2026-07-01T15:38:00Z,8.068000,0.130000,1.048840,16684.200000,45.690000,95.150000,Week6/Day 41.csv,52,OK
2026-07-01T15:48:00Z,8.084000,0.120000,0.970080,16563.300000,45.650000,95.180000,Week6/Day 41.csv,53,OK
2026-07-01T15:58:00Z,7.928000,0.100000,0.792800,12975.000000,44.380000,95.630000,Week6/Day 41.csv,54,OK
2026-07-01T16:10:00Z,6.792000,0.070000,0.475440,8926.700000,42.960000,95.960000,Week6/Day 41.csv,55,OK
2026-07-01T16:13:00Z,6.772000,0.070000,0.474040,9271.700000,25.720000,100.000000,Week6/Day 41.csv,56,OK
2026-07-01T16:22:00Z,6.416000,0.070000,0.449120,8788.300000,25.600000,100.000000,Week6/Day 41.csv,57,OK
2026-07-01T16:26:00Z,6.308000,0.070000,0.441560,8681.700000,25.640000,100.000000,Week6/Day 41.csv,58,OK
2026-07-01T16:29:00Z,6.264000,0.070000,0.438480,8577.500000,25.610000,100.000000,Week6/Day 41.csv,59,OK
2026-07-01T16:37:00Z,6.952000,0.070000,0.486640,8956.700000,25.780000,100.000000,Week6/Day 41.csv,60,OK
2026-07-01T16:52:00Z,3.300000,0.030000,0.099000,3591.700000,25.450000,100.000000,Week6/Day 41.csv,61,OK
2026-07-01T16:56:00Z,3.748000,0.050000,0.187400,7418.300000,38.070000,93.790000,Week6/Day 41.csv,62,OK
2026-07-01T17:06:00Z,3.272000,0.010000,0.032720,1835.800000,25.280000,100.000000,Week6/Day 41.csv,63,OK
2026-07-01T17:15:00Z,3.288000,0.020000,0.065760,2823.300000,25.220000,100.000000,Week6/Day 41.csv,64,OK
2026-07-01T17:23:00Z,3.300000,0.030000,0.099000,3622.500000,25.250000,100.000000,Week6/Day 41.csv,65,OK
2026-07-01T17:39:00Z,3.288000,0.020000,0.065760,2962.500000,25.230000,100.000000,Week6/Day 41.csv,66,OK
2026-07-01T17:44:00Z,3.296000,0.020000,0.065920,3375.800000,25.170000,100.000000,Week6/Day 41.csv,67,OK
